route,page_title,role,workspace,top_level_nav,subnav,page_type,public_or_private,expected_audience,actual_audience,primary_action,has_breadcrumbs,has_back_path,has_workspace_chip,has_role_chip,has_bot_panel,mobile_ready,notes
/,Public Site Home,Public,Public Website,Website,,page,public,Public visitor,Public Website,,false,false,false,false,false,,Too many card-like panels.
/he,Hebrew State,Public,Public Website,Website,,page,public,Public visitor,Public Website,,false,false,false,false,false,,No major automated issue detected; manual designer review still required.
/blog,Blog,Public,Public Website,Website,,page,public,Public visitor,Public Website,,false,false,false,false,true,,Too many card-like panels.
/he/blog,Hebrew State,Public,Public Website,Website,,page,public,Public visitor,Public Website,,false,false,false,false,false,,No major automated issue detected; manual designer review still required.
/faq,FAQ,Public,Public Website,Website,,page,public,Public visitor,Public Website,,false,false,false,false,false,,No major automated issue detected; manual designer review still required.
/he/faq,Hebrew State,Public,Public Website,Website,,page,public,Public visitor,Public Website,,false,false,false,false,false,,No major automated issue detected; manual designer review still required.
/signup.html,Signup English,Public,Public Website,Website,,page,public,Public visitor,Public Website,Open and Sign,false,false,false,false,false,,No major automated issue detected; manual designer review still required.
/signup-he.html,Hebrew State,Public,Public Website,Website,,page,public,Public visitor,Public Website,,false,false,false,false,false,,No major automated issue detected; manual designer review still required.
/signup-thank-you.html,Signup Thank You,Public,Public Website,Website,,page,public,Public visitor,Public Website,,false,false,false,false,false,,No major automated issue detected; manual designer review still required.
/documents/parent-handbook.html,Parent Handbook,Public,Public Website,Website,,page,public,Public visitor,Parent,,false,false,true,true,false,,No major automated issue detected; manual designer review still required.
/operations-login.html,Operations Login,Public,Operations Login,Auth,,login,public,Public visitor,Admin/operator,Sign In,true,true,true,false,false,,No major automated issue detected; manual designer review still required.
/parent,Parent Portal Login,Parent,BNA School Workspace,Portal,,login,private,BNA parent,Parent,Sign in,false,true,true,true,false,,Parent/student assistant placement must be explicitly reviewed.
/student,Student Workspace Login,Student,BNA School Workspace,Portal,,login,private,BNA student,Student,Open My Board,false,true,true,true,false,,Parent/student assistant placement must be explicitly reviewed.
/provider,Provider Portal Login,Provider Admin,Rabbi Sheller Provider Workspace,Portal,,login,private,Provider admin,Provider/public provider visitor,Sign In,false,true,true,true,false,,No major automated issue detected; manual designer review still required.
/providers/join, Onboarding,Provider Admin,Rabbi Sheller Provider Workspace,Provider Onboarding,,page,private,Provider admin,Provider/public provider visitor,Submit For Review,false,false,true,true,false,,No major automated issue detected; manual designer review still required.
/operations?workspace=platform&view=dashboard&section=overview,Overview,Super Admin,Platform,Dashboard,Overview,dashboard,private,Shloimie / platform operator,Admin/operator,New Task,true,true,true,true,true,,No major automated issue detected; manual designer review still required.
/operations?workspace=platform&view=dashboard&section=activity,Activity,Super Admin,Platform,Dashboard,Activity,page,private,Shloimie / platform operator,Admin/operator,New Task,true,true,true,true,true,,No major automated issue detected; manual designer review still required.
/operations?workspace=platform&view=dashboard&section=alerts,Alerts,Super Admin,Platform,Dashboard,Alerts,page,private,Shloimie / platform operator,Admin/operator,New Task,true,true,true,true,true,,No major automated issue detected; manual designer review still required.
/operations?workspace=platform&view=dashboard&section=today,Today,Super Admin,Platform,Dashboard,Today,page,private,Shloimie / platform operator,Admin/operator,New Task,true,true,true,true,true,,No major automated issue detected; manual designer review still required.
/operations?workspace=platform&view=dashboard&section=updates,Updates,Super Admin,Platform,Dashboard,Updates,page,private,Shloimie / platform operator,Admin/operator,New Task,true,true,true,true,true,,No major automated issue detected; manual designer review still required.
/operations?workspace=platform&view=pipelines&section=overview,Overview,Super Admin,Platform,Pipelines,Overview,dashboard,private,Shloimie / platform operator,Admin/operator,New Pipeline Card,true,true,true,true,true,,No major automated issue detected; manual designer review still required.
/operations?workspace=platform&view=pipelines&section=bna_enrollment,Bna Enrollment,Super Admin,Platform,Pipelines,Bna Enrollment,page,private,Shloimie / platform operator,Admin/operator,New Pipeline Card,true,true,true,true,true,,No major automated issue detected; manual designer review still required.
/operations?workspace=platform&view=pipelines&section=provider_class,Provider Class,Super Admin,Platform,Pipelines,Provider Class,page,private,Shloimie / platform operator,Admin/operator,New Pipeline Card,true,true,true,true,true,,No major automated issue detected; manual designer review still required.
/operations?workspace=platform&view=pipelines&section=provider_onboarding,Provider Onboarding,Super Admin,Platform,Pipelines,Provider Onboarding,page,private,Shloimie / platform operator,Admin/operator,New Pipeline Card,true,true,true,true,true,,No major automated issue detected; manual designer review still required.
/operations?workspace=platform&view=pipelines&section=participants,Participants,Super Admin,Platform,Pipelines,Participants,page,private,Shloimie / platform operator,Admin/operator,New Pipeline Card,true,true,true,true,true,,No major automated issue detected; manual designer review still required.
/operations?workspace=platform&view=pipelines&section=stale_tasks,Stale Tasks,Super Admin,Platform,Pipelines,Stale Tasks,page,private,Shloimie / platform operator,Admin/operator,New Pipeline Card,true,true,true,true,true,,No major automated issue detected; manual designer review still required.
/operations?workspace=platform&view=pipelines&section=decisions,Decisions,Super Admin,Platform,Pipelines,Decisions,page,private,Shloimie / platform operator,Admin/operator,New Pipeline Card,true,true,true,true,true,,No major automated issue detected; manual designer review still required.
/operations?workspace=platform&view=tasks&section=overview,Overview,Super Admin,Platform,Tasks,Overview,dashboard,private,Shloimie / platform operator,Admin/operator,New Task,true,true,true,true,true,,No major automated issue detected; manual designer review still required.
/operations?workspace=platform&view=tasks&section=decisions,Decisions,Super Admin,Platform,Tasks,Decisions,page,private,Shloimie / platform operator,Admin/operator,New Task,true,true,true,true,true,,No major automated issue detected; manual designer review still required.
/operations?workspace=platform&view=tasks&section=mine,Mine,Super Admin,Platform,Tasks,Mine,page,private,Shloimie / platform operator,Admin/operator,New Task,true,true,true,true,true,,No major automated issue detected; manual designer review still required.
/operations?workspace=platform&view=tasks&section=schedule,Schedule,Super Admin,Platform,Tasks,Schedule,page,private,Shloimie / platform operator,Admin/operator,New Task,true,true,true,true,true,,No major automated issue detected; manual designer review still required.
/operations?workspace=platform&view=tasks&section=research,Research,Super Admin,Platform,Tasks,Research,page,private,Shloimie / platform operator,Admin/operator,New Task,true,true,true,true,true,,No major automated issue detected; manual designer review still required.
/operations?workspace=platform&view=tasks&section=changelog,Changelog,Super Admin,Platform,Tasks,Changelog,page,private,Shloimie / platform operator,Admin/operator,New Task,true,true,true,true,true,,No major automated issue detected; manual designer review still required.
/operations?workspace=platform&view=tasks&section=done,Done,Super Admin,Platform,Tasks,Done,page,private,Shloimie / platform operator,Admin/operator,New Task,true,true,true,true,true,,No major automated issue detected; manual designer review still required.
/operations?workspace=platform&view=students&section=overview,Overview,Super Admin,Platform,Students,Overview,dashboard,private,Shloimie / platform operator,Admin/operator,New Task,true,true,true,true,true,,No major automated issue detected; manual designer review still required.
/operations?workspace=platform&view=students&section=list,List,Super Admin,Platform,Students,List,page,private,Shloimie / platform operator,Admin/operator,New Task,true,true,true,true,true,,No major automated issue detected; manual designer review still required.
/operations?workspace=platform&view=students&section=group_goal,Group Goal,Super Admin,Platform,Students,Group Goal,page,private,Shloimie / platform operator,Admin/operator,New Task,true,true,true,true,true,,No major automated issue detected; manual designer review still required.
/operations?workspace=platform&view=students&section=goal_board,Goal Board,Super Admin,Platform,Students,Goal Board,page,private,Shloimie / platform operator,Admin/operator,New Task,true,true,true,true,true,,No major automated issue detected; manual designer review still required.
/operations?workspace=platform&view=students&section=assignments,Assignments,Super Admin,Platform,Students,Assignments,page,private,Shloimie / platform operator,Admin/operator,New Task,true,true,true,true,true,,No major automated issue detected; manual designer review still required.
/operations?workspace=platform&view=students&section=questions,Questions,Super Admin,Platform,Students,Questions,page,private,Shloimie / platform operator,Admin/operator,New Task,true,true,true,true,true,,No major automated issue detected; manual designer review still required.
/operations?workspace=platform&view=students&section=documents,Documents,Super Admin,Platform,Students,Documents,page,private,Shloimie / platform operator,Admin/operator,New Task,true,true,true,true,true,,No major automated issue detected; manual designer review still required.
/operations?workspace=platform&view=students&section=portal_links,Portal Links,Super Admin,Platform,Students,Portal Links,page,private,Shloimie / platform operator,Admin/operator,New Task,true,true,true,true,true,,No major automated issue detected; manual designer review still required.
/operations?workspace=platform&view=students&section=tablet_access,Tablet Access,Super Admin,Platform,Students,Tablet Access,page,private,Shloimie / platform operator,Admin/operator,New Task,true,true,true,true,true,,No major automated issue detected; manual designer review still required.
/operations?workspace=platform&view=students&section=profile,Profile,Super Admin,Platform,Students,Profile,detail,private,Shloimie / platform operator,Admin/operator,New Task,true,true,true,true,true,,No major automated issue detected; manual designer review still required.
/operations?workspace=platform&view=students&section=parent_family,Parent Family,Super Admin,Platform,Students,Parent Family,page,private,Shloimie / platform operator,Admin/operator,New Task,true,true,true,true,true,,No major automated issue detected; manual designer review still required.
/operations?workspace=platform&view=students&section=analysis,Analysis,Super Admin,Platform,Students,Analysis,page,private,Shloimie / platform operator,Admin/operator,New Task,true,true,true,true,true,,No major automated issue detected; manual designer review still required.
/operations?workspace=platform&view=students&section=meetings,Meetings,Super Admin,Platform,Students,Meetings,page,private,Shloimie / platform operator,Admin/operator,New Task,true,true,true,true,true,,No major automated issue detected; manual designer review still required.
/operations?workspace=platform&view=students&section=bot_settings,Bot Settings,Super Admin,Platform,Students,Bot Settings,settings,private,Shloimie / platform operator,Admin/operator,New Task,true,true,true,true,true,,No major automated issue detected; manual designer review still required.
/operations?workspace=platform&view=students&section=activity,Activity,Super Admin,Platform,Students,Activity,page,private,Shloimie / platform operator,Admin/operator,New Task,true,true,true,true,true,,No major automated issue detected; manual designer review still required.
/operations?workspace=platform&view=students&section=next_year_login,Next Year Login,Super Admin,Platform,Students,Next Year Login,login,private,Shloimie / platform operator,Admin/operator,New Task,true,true,true,true,true,,No major automated issue detected; manual designer review still required.
/operations?workspace=platform&view=contacts&section=overview,Overview,Super Admin,Platform,Contacts,Overview,dashboard,private,Shloimie / platform operator,Admin/operator,New Task,true,true,true,true,true,,No major automated issue detected; manual designer review still required.
/operations?workspace=platform&view=contacts&section=interested_parents,Interested Parents,Super Admin,Platform,Contacts,Interested Parents,page,private,Shloimie / platform operator,Admin/operator,New Task,true,true,true,true,true,,No major automated issue detected; manual designer review still required.
/operations?workspace=platform&view=contacts&section=parents,Parents,Super Admin,Platform,Contacts,Parents,page,private,Shloimie / platform operator,Admin/operator,New Task,true,true,true,true,true,,No major automated issue detected; manual designer review still required.
/operations?workspace=platform&view=contacts&section=people,People,Super Admin,Platform,Contacts,People,page,private,Shloimie / platform operator,Admin/operator,New Task,true,true,true,true,true,,No major automated issue detected; manual designer review still required.
/operations?workspace=platform&view=contacts&section=contacts,Contacts,Super Admin,Platform,Contacts,Contacts,page,private,Shloimie / platform operator,Admin/operator,New Task,true,true,true,true,true,,No major automated issue detected; manual designer review still required.
/operations?workspace=platform&view=contacts&section=notes,Notes,Super Admin,Platform,Contacts,Notes,page,private,Shloimie / platform operator,Admin/operator,New Task,true,true,true,true,true,,No major automated issue detected; manual designer review still required.
/operations?workspace=platform&view=contacts&section=students,Students,Super Admin,Platform,Contacts,Students,page,private,Shloimie / platform operator,Admin/operator,New Task,true,true,true,true,true,,No major automated issue detected; manual designer review still required.
/operations?workspace=platform&view=contacts&section=intake,Intake,Super Admin,Platform,Contacts,Intake,page,private,Shloimie / platform operator,Admin/operator,New Task,true,true,true,true,true,,No major automated issue detected; manual designer review still required.
/operations?workspace=platform&view=contacts&section=follow_up,Follow Up,Super Admin,Platform,Contacts,Follow Up,page,private,Shloimie / platform operator,Admin/operator,New Task,true,true,true,true,true,,No major automated issue detected; manual designer review still required.
/operations?workspace=platform&view=contacts&section=tags,Tags,Super Admin,Platform,Contacts,Tags,page,private,Shloimie / platform operator,Admin/operator,New Task,true,true,true,true,true,,No major automated issue detected; manual designer review still required.
/operations?workspace=platform&view=content&section=library,Library,Super Admin,Platform,Content,Library,page,private,Shloimie / platform operator,Admin/operator,New Task,true,true,true,true,true,,No major automated issue detected; manual designer review still required.
/operations?workspace=platform&view=content&section=meetings,Meetings,Super Admin,Platform,Content,Meetings,page,private,Shloimie / platform operator,Admin/operator,New Task,true,true,true,true,true,,No major automated issue detected; manual designer review still required.
/operations?workspace=platform&view=content&section=research,Research,Super Admin,Platform,Content,Research,page,private,Shloimie / platform operator,Admin/operator,New Task,true,true,true,true,true,,No major automated issue detected; manual designer review still required.
/operations?workspace=platform&view=content&section=selected,Selected,Super Admin,Platform,Content,Selected,page,private,Shloimie / platform operator,Admin/operator,New Task,true,true,true,true,true,,No major automated issue detected; manual designer review still required.
/operations?workspace=platform&view=content&section=repurpose,Repurpose,Super Admin,Platform,Content,Repurpose,page,private,Shloimie / platform operator,Admin/operator,New Task,true,true,true,true,true,,No major automated issue detected; manual designer review still required.
/operations?workspace=platform&view=content&section=newsletter,Newsletter,Super Admin,Platform,Content,Newsletter,page,private,Shloimie / platform operator,Admin/operator,New Task,true,true,true,true,true,,No major automated issue detected; manual designer review still required.
/operations?workspace=platform&view=content&section=prompts,Prompts,Super Admin,Platform,Content,Prompts,page,private,Shloimie / platform operator,Admin/operator,New Task,true,true,true,true,true,,No major automated issue detected; manual designer review still required.
/operations?workspace=platform&view=content&section=bundles,Bundles,Super Admin,Platform,Content,Bundles,page,private,Shloimie / platform operator,Admin/operator,New Task,true,true,true,true,true,,No major automated issue detected; manual designer review still required.
/operations?workspace=platform&view=calendar&section=overview,Overview,Super Admin,Platform,Calendar,Overview,dashboard,private,Shloimie / platform operator,Admin/operator,New Event,true,true,true,true,true,,No major automated issue detected; manual designer review still required.
/operations?workspace=platform&view=calendar&section=week,Week,Super Admin,Platform,Calendar,Week,page,private,Shloimie / platform operator,Admin/operator,New Event,true,true,true,true,true,,No major automated issue detected; manual designer review still required.
/operations?workspace=platform&view=calendar&section=month,Month,Super Admin,Platform,Calendar,Month,page,private,Shloimie / platform operator,Admin/operator,New Event,true,true,true,true,true,,No major automated issue detected; manual designer review still required.
/operations?workspace=platform&view=calendar&section=classes,Classes,Super Admin,Platform,Calendar,Classes,page,private,Shloimie / platform operator,Admin/operator,New Event,true,true,true,true,true,,No major automated issue detected; manual designer review still required.
/operations?workspace=platform&view=calendar&section=students,Students,Super Admin,Platform,Calendar,Students,page,private,Shloimie / platform operator,Admin/operator,New Event,true,true,true,true,true,,No major automated issue detected; manual designer review still required.
/operations?workspace=platform&view=calendar&section=provider,Provider,Super Admin,Platform,Calendar,Provider,page,private,Shloimie / platform operator,Admin/operator,New Event,true,true,true,true,true,,No major automated issue detected; manual designer review still required.
/operations?workspace=platform&view=calendar&section=google_sync,Google Sync,Super Admin,Platform,Calendar,Google Sync,page,private,Shloimie / platform operator,Admin/operator,New Event,true,true,true,true,true,,No major automated issue detected; manual designer review still required.
/operations?workspace=platform&view=calendar&section=settings,Settings,Super Admin,Platform,Calendar,Settings,settings,private,Shloimie / platform operator,Admin/operator,New Event,true,true,true,true,true,,No major automated issue detected; manual designer review still required.
/operations?workspace=platform&view=service_providers&section=overview,Overview,Super Admin,Platform,Service Providers,Overview,dashboard,private,Shloimie / platform operator,Admin/operator,Add Provider,true,true,true,true,true,,Too many card-like panels.
/operations?workspace=platform&view=service_providers&section=directory,Directory,Super Admin,Platform,Service Providers,Directory,page,private,Shloimie / platform operator,Admin/operator,Add Provider,true,true,true,true,true,,Too many card-like panels.
/operations?workspace=platform&view=service_providers&section=workspaces,Workspaces,Super Admin,Platform,Service Providers,Workspaces,page,private,Shloimie / platform operator,Admin/operator,Add Provider,true,true,true,true,true,,Too many visible actions. Too many card-like panels. Too much not-configured/placeholder language.
/operations?workspace=platform&view=service_providers&section=commercial,Commercial,Super Admin,Platform,Service Providers,Commercial,page,private,Shloimie / platform operator,Admin/operator,Add Provider,true,true,true,true,true,,No major automated issue detected; manual designer review still required.
/operations?workspace=platform&view=service_providers&section=plans,Plans,Super Admin,Platform,Service Providers,Plans,page,private,Shloimie / platform operator,Admin/operator,Add Provider,true,true,true,true,true,,No major automated issue detected; manual designer review still required.
/operations?workspace=platform&view=service_providers&section=onboarding,Onboarding,Super Admin,Platform,Service Providers,Onboarding,page,private,Shloimie / platform operator,Admin/operator,Add Provider,true,true,true,true,true,,No major automated issue detected; manual designer review still required.
/operations?workspace=platform&view=service_providers&section=access_checklist,Access Checklist,Super Admin,Platform,Service Providers,Access Checklist,page,private,Shloimie / platform operator,Admin/operator,Add Provider,true,true,true,true,true,,No major automated issue detected; manual designer review still required.
/operations?workspace=platform&view=service_providers&section=integration_audit,Integration Audit,Super Admin,Platform,Service Providers,Integration Audit,page,private,Shloimie / platform operator,Admin/operator,Add Provider,true,true,true,true,true,,No major automated issue detected; manual designer review still required.
/operations?workspace=platform&view=service_providers&section=communities,Communities,Super Admin,Platform,Service Providers,Communities,page,private,Shloimie / platform operator,Admin/operator,Add Provider,true,true,true,true,true,,No major automated issue detected; manual designer review still required.
/operations?workspace=platform&view=service_providers&section=content,Content,Super Admin,Platform,Service Providers,Content,page,private,Shloimie / platform operator,Admin/operator,Add Provider,true,true,true,true,true,,No major automated issue detected; manual designer review still required.
/operations?workspace=platform&view=service_providers&section=marketing,Marketing,Super Admin,Platform,Service Providers,Marketing,page,private,Shloimie / platform operator,Admin/operator,Add Provider,true,true,true,true,true,,No major automated issue detected; manual designer review still required.
/operations?workspace=platform&view=service_providers&section=leads,Leads,Super Admin,Platform,Service Providers,Leads,page,private,Shloimie / platform operator,Admin/operator,Add Provider,true,true,true,true,true,,No major automated issue detected; manual designer review still required.
/operations?workspace=platform&view=service_providers&section=communications,Communications,Super Admin,Platform,Service Providers,Communications,page,private,Shloimie / platform operator,Admin/operator,Add Provider,true,true,true,true,true,,No major automated issue detected; manual designer review still required.
/operations?workspace=platform&view=service_providers&section=settings,Settings,Super Admin,Platform,Service Providers,Settings,settings,private,Shloimie / platform operator,Admin/operator,Add Provider,true,true,true,true,true,,Too much not-configured/placeholder language.
/operations?workspace=platform&view=communications&section=overview,Overview,Super Admin,Platform,Communications,Overview,dashboard,private,Shloimie / platform operator,Admin/operator,New Message,true,true,true,true,true,,Too many card-like panels.
/operations?workspace=platform&view=communications&section=parents,Parents,Super Admin,Platform,Communications,Parents,page,private,Shloimie / platform operator,Admin/operator,New Message,true,true,true,true,true,,Too many card-like panels.
/operations?workspace=platform&view=communications&section=students,Students,Super Admin,Platform,Communications,Students,page,private,Shloimie / platform operator,Admin/operator,New Message,true,true,true,true,true,,No major automated issue detected; manual designer review still required.
/operations?workspace=platform&view=communications&section=providers,Providers,Super Admin,Platform,Communications,Providers,page,private,Shloimie / platform operator,Admin/operator,New Message,true,true,true,true,true,,No major automated issue detected; manual designer review still required.
/operations?workspace=platform&view=communications&section=internal,Internal,Super Admin,Platform,Communications,Internal,page,private,Shloimie / platform operator,Admin/operator,New Message,true,true,true,true,true,,No major automated issue detected; manual designer review still required.
/operations?workspace=platform&view=communications&section=whatsapp,Whatsapp,Super Admin,Platform,Communications,Whatsapp,page,private,Shloimie / platform operator,Admin/operator,New Message,true,true,true,true,true,,No major automated issue detected; manual designer review still required.
/operations?workspace=platform&view=communications&section=email,Email,Super Admin,Platform,Communications,Email,page,private,Shloimie / platform operator,Admin/operator,New Message,true,true,true,true,true,,Too many card-like panels.
/operations?workspace=platform&view=communications&section=bots,Bots,Super Admin,Platform,Communications,Bots,page,private,Shloimie / platform operator,Admin/operator,New Message,true,true,true,true,true,,No major automated issue detected; manual designer review still required.
/operations?workspace=platform&view=communications&section=templates,Templates,Super Admin,Platform,Communications,Templates,page,private,Shloimie / platform operator,Admin/operator,New Message,true,true,true,true,true,,No major automated issue detected; manual designer review still required.
/operations?workspace=platform&view=communications&section=settings,Settings,Super Admin,Platform,Communications,Settings,settings,private,Shloimie / platform operator,Admin/operator,New Message,true,true,true,true,true,,No major automated issue detected; manual designer review still required.
/operations?workspace=platform&view=internal_dialogue&section=overview,Overview,Super Admin,Platform,Internal Dialogue,Overview,dashboard,private,Shloimie / platform operator,Admin/operator,Uploads / Materials 0,true,true,true,true,true,,No major automated issue detected; manual designer review still required.
/operations?workspace=platform&view=internal_dialogue&section=shloimie_rabbi,Shloimie Rabbi,Super Admin,Platform,Internal Dialogue,Shloimie Rabbi,page,private,Shloimie / platform operator,Admin/operator,Uploads / Materials 0,true,true,true,true,true,,No major automated issue detected; manual designer review still required.
/operations?workspace=platform&view=internal_dialogue&section=meeting_notes,Meeting Notes,Super Admin,Platform,Internal Dialogue,Meeting Notes,page,private,Shloimie / platform operator,Admin/operator,Uploads / Materials 0,true,true,true,true,true,,No major automated issue detected; manual designer review still required.
/operations?workspace=platform&view=internal_dialogue&section=uploads,Uploads,Super Admin,Platform,Internal Dialogue,Uploads,page,private,Shloimie / platform operator,Admin/operator,Uploads / Materials 0,true,true,true,true,true,,No major automated issue detected; manual designer review still required.
/operations?workspace=platform&view=internal_dialogue&section=decisions,Decisions,Super Admin,Platform,Internal Dialogue,Decisions,page,private,Shloimie / platform operator,Admin/operator,Uploads / Materials 0,true,true,true,true,true,,No major automated issue detected; manual designer review still required.
/operations?workspace=platform&view=internal_dialogue&section=support,Support,Super Admin,Platform,Internal Dialogue,Support,page,private,Shloimie / platform operator,Admin/operator,Uploads / Materials 0,true,true,true,true,true,,No major automated issue detected; manual designer review still required.
/operations?workspace=platform&view=internal_dialogue&section=activity,Activity,Super Admin,Platform,Internal Dialogue,Activity,page,private,Shloimie / platform operator,Admin/operator,Uploads / Materials 0,true,true,true,true,true,,No major automated issue detected; manual designer review still required.
/operations?workspace=platform&view=accounting&section=overview,Overview,Super Admin,Platform,Accounting,Overview,dashboard,private,Shloimie / platform operator,Admin/operator,New Task,true,true,true,true,true,,No major automated issue detected; manual designer review still required.
/operations?workspace=platform&view=accounting&section=payments,Payments,Super Admin,Platform,Accounting,Payments,page,private,Shloimie / platform operator,Admin/operator,New Task,true,true,true,true,true,,No major automated issue detected; manual designer review still required.
/operations?workspace=platform&view=accounting&section=open,Open,Super Admin,Platform,Accounting,Open,page,private,Shloimie / platform operator,Admin/operator,New Task,true,true,true,true,true,,No major automated issue detected; manual designer review still required.
/operations?workspace=platform&view=accounting&section=paid,Paid,Super Admin,Platform,Accounting,Paid,page,private,Shloimie / platform operator,Admin/operator,New Task,true,true,true,true,true,,No major automated issue detected; manual designer review still required.
/operations?workspace=platform&view=accounting&section=needs_signup,Needs Signup,Super Admin,Platform,Accounting,Needs Signup,page,private,Shloimie / platform operator,Admin/operator,New Task,true,true,true,true,true,,No major automated issue detected; manual designer review still required.
/operations?workspace=platform&view=accounting&section=exceptions,Exceptions,Super Admin,Platform,Accounting,Exceptions,page,private,Shloimie / platform operator,Admin/operator,New Task,true,true,true,true,true,,No major automated issue detected; manual designer review still required.
/operations?workspace=platform&view=api_usage&section=overview,Overview,Super Admin,Platform,Api Usage,Overview,dashboard,private,Shloimie / platform operator,Admin/operator,New Task,true,true,true,true,true,,No major automated issue detected; manual designer review still required.
/operations?workspace=platform&view=api_usage&section=workspace,Workspace,Super Admin,Platform,Api Usage,Workspace,page,private,Shloimie / platform operator,Admin/operator,New Task,true,true,true,true,true,,No major automated issue detected; manual designer review still required.
/operations?workspace=platform&view=api_usage&section=parent,Parent,Super Admin,Platform,Api Usage,Parent,page,private,Shloimie / platform operator,Admin/operator,New Task,true,true,true,true,true,,No major automated issue detected; manual designer review still required.
/operations?workspace=platform&view=api_usage&section=student,Student,Super Admin,Platform,Api Usage,Student,page,private,Shloimie / platform operator,Admin/operator,New Task,true,true,true,true,true,,No major automated issue detected; manual designer review still required.
/operations?workspace=platform&view=api_usage&section=provider,Provider,Super Admin,Platform,Api Usage,Provider,page,private,Shloimie / platform operator,Admin/operator,New Task,true,true,true,true,true,,No major automated issue detected; manual designer review still required.
/operations?workspace=platform&view=api_usage&section=bot,Bot,Super Admin,Platform,Api Usage,Bot,page,private,Shloimie / platform operator,Admin/operator,New Task,true,true,true,true,true,,No major automated issue detected; manual designer review still required.
/operations?workspace=platform&view=api_usage&section=errors,Errors,Super Admin,Platform,Api Usage,Errors,page,private,Shloimie / platform operator,Admin/operator,New Task,true,true,true,true,true,,No major automated issue detected; manual designer review still required.
/operations?workspace=platform&view=api_usage&section=budgets,Budgets,Super Admin,Platform,Api Usage,Budgets,page,private,Shloimie / platform operator,Admin/operator,New Task,true,true,true,true,true,,No major automated issue detected; manual designer review still required.
/operations?workspace=platform&view=api_usage&section=settings,Settings,Super Admin,Platform,Api Usage,Settings,settings,private,Shloimie / platform operator,Admin/operator,New Task,true,true,true,true,true,,No major automated issue detected; manual designer review still required.
/operations?workspace=platform&view=admin&section=overview,Overview,Super Admin,Platform,Admin,Overview,dashboard,private,Shloimie / platform operator,Admin/operator,Add User,true,true,true,true,true,,No major automated issue detected; manual designer review still required.
/operations?workspace=platform&view=admin&section=users,Users,Super Admin,Platform,Admin,Users,page,private,Shloimie / platform operator,Admin/operator,Add User,true,true,true,true,true,,No major automated issue detected; manual designer review still required.
/operations?workspace=platform&view=admin&section=roles,Roles,Super Admin,Platform,Admin,Roles,page,private,Shloimie / platform operator,Admin/operator,Add User,true,true,true,true,true,,No major automated issue detected; manual designer review still required.
/operations?workspace=platform&view=admin&section=workspaces,Workspaces,Super Admin,Platform,Admin,Workspaces,page,private,Shloimie / platform operator,Admin/operator,Add User,true,true,true,true,true,,No major automated issue detected; manual designer review still required.
/operations?workspace=platform&view=admin&section=invitations,Invitations,Super Admin,Platform,Admin,Invitations,page,private,Shloimie / platform operator,Admin/operator,Add User,true,true,true,true,true,,No major automated issue detected; manual designer review still required.
/operations?workspace=platform&view=admin&section=tickets,Tickets,Super Admin,Platform,Admin,Tickets,page,private,Shloimie / platform operator,Admin/operator,Add User,true,true,true,true,true,,No major automated issue detected; manual designer review still required.
/operations?workspace=platform&view=admin&section=messages,Messages,Super Admin,Platform,Admin,Messages,page,private,Shloimie / platform operator,Admin/operator,Add User,true,true,true,true,true,,No major automated issue detected; manual designer review still required.
/operations?workspace=platform&view=admin&section=settings,Settings,Super Admin,Platform,Admin,Settings,settings,private,Shloimie / platform operator,Admin/operator,Add User,true,true,true,true,true,,No major automated issue detected; manual designer review still required.
/operations?workspace=platform&view=settings&section=profile,Profile,Super Admin,Platform,Settings,Profile,settings,private,Shloimie / platform operator,Admin/operator,Save Settings,true,true,true,true,true,,No major automated issue detected; manual designer review still required.
/operations?workspace=platform&view=settings&section=workspace,Workspace,Super Admin,Platform,Settings,Workspace,settings,private,Shloimie / platform operator,Admin/operator,Save Settings,true,true,true,true,true,,No major automated issue detected; manual designer review still required.
/operations?workspace=platform&view=settings&section=branding,Branding,Super Admin,Platform,Settings,Branding,settings,private,Shloimie / platform operator,Admin/operator,Save Settings,true,true,true,true,true,,No major automated issue detected; manual designer review still required.
/operations?workspace=platform&view=settings&section=language,Language,Super Admin,Platform,Settings,Language,settings,private,Shloimie / platform operator,Admin/operator,Save Settings,true,true,true,true,true,,No major automated issue detected; manual designer review still required.
/operations?workspace=platform&view=settings&section=users_roles,Users Roles,Super Admin,Platform,Settings,Users Roles,settings,private,Shloimie / platform operator,Admin/operator,Save Settings,true,true,true,true,true,,No major automated issue detected; manual designer review still required.
/operations?workspace=platform&view=settings&section=email_identities,Email Identities,Super Admin,Platform,Settings,Email Identities,settings,private,Shloimie / platform operator,Admin/operator,Save Settings,true,true,true,true,true,,No major automated issue detected; manual designer review still required.
/operations?workspace=platform&view=settings&section=whatsapp,Whatsapp,Super Admin,Platform,Settings,Whatsapp,settings,private,Shloimie / platform operator,Admin/operator,Save Settings,true,true,true,true,true,,No major automated issue detected; manual designer review still required.
/operations?workspace=platform&view=settings&section=social_accounts,Social Accounts,Super Admin,Platform,Settings,Social Accounts,settings,private,Shloimie / platform operator,Admin/operator,Save Settings,true,true,true,true,true,,No major automated issue detected; manual designer review still required.
/operations?workspace=platform&view=settings&section=calendar,Calendar,Super Admin,Platform,Settings,Calendar,settings,private,Shloimie / platform operator,Admin/operator,Save Settings,true,true,true,true,true,,No major automated issue detected; manual designer review still required.
/operations?workspace=platform&view=settings&section=google_classroom,Google Classroom,Super Admin,Platform,Settings,Google Classroom,settings,private,Shloimie / platform operator,Admin/operator,Save Settings,true,true,true,true,true,,No major automated issue detected; manual designer review still required.
/operations?workspace=platform&view=settings&section=parent_portal,Parent Portal,Super Admin,Platform,Settings,Parent Portal,settings,private,Shloimie / platform operator,Admin/operator,Save Settings,true,true,true,true,true,,No major automated issue detected; manual designer review still required.
/operations?workspace=platform&view=settings&section=student_portal,Student Portal,Super Admin,Platform,Settings,Student Portal,settings,private,Shloimie / platform operator,Admin/operator,Save Settings,true,true,true,true,true,,No major automated issue detected; manual designer review still required.
/operations?workspace=platform&view=settings&section=provider_portal,Provider Portal,Super Admin,Platform,Settings,Provider Portal,settings,private,Shloimie / platform operator,Admin/operator,Save Settings,true,true,true,true,true,,No major automated issue detected; manual designer review still required.
/operations?workspace=platform&view=settings&section=provider_index,Provider Index,Super Admin,Platform,Settings,Provider Index,settings,private,Shloimie / platform operator,Admin/operator,Save Settings,true,true,true,true,true,,No major automated issue detected; manual designer review still required.
/operations?workspace=platform&view=settings&section=provider_plans,Provider Plans,Super Admin,Platform,Settings,Provider Plans,settings,private,Shloimie / platform operator,Admin/operator,Save Settings,true,true,true,true,true,,No major automated issue detected; manual designer review still required.
/operations?workspace=platform&view=settings&section=provider_entitlements,Provider Entitlements,Super Admin,Platform,Settings,Provider Entitlements,settings,private,Shloimie / platform operator,Admin/operator,Save Settings,true,true,true,true,true,,No major automated issue detected; manual designer review still required.
/operations?workspace=platform&view=settings&section=provider_onboarding,Provider Onboarding,Super Admin,Platform,Settings,Provider Onboarding,settings,private,Shloimie / platform operator,Admin/operator,Save Settings,true,true,true,true,true,,No major automated issue detected; manual designer review still required.
/operations?workspace=platform&view=settings&section=commercial_models,Commercial Models,Super Admin,Platform,Settings,Commercial Models,settings,private,Shloimie / platform operator,Admin/operator,Save Settings,true,true,true,true,true,,No major automated issue detected; manual designer review still required.
/operations?workspace=platform&view=settings&section=bot_permissions,Bot Permissions,Super Admin,Platform,Settings,Bot Permissions,settings,private,Shloimie / platform operator,Admin/operator,Save Settings,true,true,true,true,true,,No major automated issue detected; manual designer review still required.
/operations?workspace=platform&view=settings&section=api_limits,Api Limits,Super Admin,Platform,Settings,Api Limits,settings,private,Shloimie / platform operator,Admin/operator,Save Settings,true,true,true,true,true,,No major automated issue detected; manual designer review still required.
/operations?workspace=platform&view=settings&section=communications,Communications,Super Admin,Platform,Settings,Communications,settings,private,Shloimie / platform operator,Admin/operator,Save Settings,true,true,true,true,true,,No major automated issue detected; manual designer review still required.
/operations?workspace=platform&view=settings&section=integrations,Integrations,Super Admin,Platform,Settings,Integrations,settings,private,Shloimie / platform operator,Admin/operator,Save Settings,true,true,true,true,true,,Too many visible actions. Too much not-configured/placeholder language.
/operations?workspace=platform&view=settings&section=payment_links,Payment Links,Super Admin,Platform,Settings,Payment Links,settings,private,Shloimie / platform operator,Admin/operator,Save Settings,true,true,true,true,true,,No major automated issue detected; manual designer review still required.
/operations?workspace=platform&view=settings&section=external_apps,External Apps,Super Admin,Platform,Settings,External Apps,settings,private,Shloimie / platform operator,Admin/operator,Save Settings,true,true,true,true,true,,No major automated issue detected; manual designer review still required.
/operations?workspace=platform&view=settings&section=billing,Billing,Super Admin,Platform,Settings,Billing,settings,private,Shloimie / platform operator,Admin/operator,Save Settings,true,true,true,true,true,,No major automated issue detected; manual designer review still required.
/operations?workspace=platform&view=settings&section=automations,Automations,Super Admin,Platform,Settings,Automations,settings,private,Shloimie / platform operator,Admin/operator,Save Settings,true,true,true,true,true,,No major automated issue detected; manual designer review still required.
/operations?workspace=platform&view=settings&section=danger,Danger,Super Admin,Platform,Settings,Danger,settings,private,Shloimie / platform operator,Admin/operator,Save Settings,true,true,true,true,true,,No major automated issue detected; manual designer review still required.
/operations?workspace=bna&view=dashboard&section=overview,Overview,BNA Admin,BNA School Workspace,Dashboard,Overview,dashboard,private,BNA school admin,Admin/operator,New Task,true,true,true,true,true,,No major automated issue detected; manual designer review still required.
/operations?workspace=bna&view=dashboard&section=activity,Activity,BNA Admin,BNA School Workspace,Dashboard,Activity,page,private,BNA school admin,Admin/operator,New Task,true,true,true,true,true,,No major automated issue detected; manual designer review still required.
/operations?workspace=bna&view=dashboard&section=alerts,Alerts,BNA Admin,BNA School Workspace,Dashboard,Alerts,page,private,BNA school admin,Admin/operator,New Task,true,true,true,true,true,,No major automated issue detected; manual designer review still required.
/operations?workspace=bna&view=dashboard&section=today,Today,BNA Admin,BNA School Workspace,Dashboard,Today,page,private,BNA school admin,Admin/operator,New Task,true,true,true,true,true,,No major automated issue detected; manual designer review still required.
/operations?workspace=bna&view=dashboard&section=updates,Updates,BNA Admin,BNA School Workspace,Dashboard,Updates,page,private,BNA school admin,Admin/operator,New Task,true,true,true,true,true,,No major automated issue detected; manual designer review still required.
/operations?workspace=bna&view=pipelines&section=overview,Overview,BNA Admin,BNA School Workspace,Pipelines,Overview,dashboard,private,BNA school admin,Admin/operator,New Pipeline Card,true,true,true,true,true,,No major automated issue detected; manual designer review still required.
/operations?workspace=bna&view=pipelines&section=bna_enrollment,Bna Enrollment,BNA Admin,BNA School Workspace,Pipelines,Bna Enrollment,page,private,BNA school admin,Admin/operator,New Pipeline Card,true,true,true,true,true,,No major automated issue detected; manual designer review still required.
/operations?workspace=bna&view=pipelines&section=provider_class,Provider Class,BNA Admin,BNA School Workspace,Pipelines,Provider Class,page,private,BNA school admin,Admin/operator,New Pipeline Card,true,true,true,true,true,,No major automated issue detected; manual designer review still required.
/operations?workspace=bna&view=pipelines&section=provider_onboarding,Provider Onboarding,BNA Admin,BNA School Workspace,Pipelines,Provider Onboarding,page,private,BNA school admin,Admin/operator,New Pipeline Card,true,true,true,true,true,,No major automated issue detected; manual designer review still required.
/operations?workspace=bna&view=pipelines&section=participants,Participants,BNA Admin,BNA School Workspace,Pipelines,Participants,page,private,BNA school admin,Admin/operator,New Pipeline Card,true,true,true,true,true,,No major automated issue detected; manual designer review still required.
/operations?workspace=bna&view=pipelines&section=stale_tasks,Stale Tasks,BNA Admin,BNA School Workspace,Pipelines,Stale Tasks,page,private,BNA school admin,Admin/operator,New Pipeline Card,true,true,true,true,true,,No major automated issue detected; manual designer review still required.
/operations?workspace=bna&view=pipelines&section=decisions,Decisions,BNA Admin,BNA School Workspace,Pipelines,Decisions,page,private,BNA school admin,Admin/operator,New Pipeline Card,true,true,true,true,true,,No major automated issue detected; manual designer review still required.
/operations?workspace=bna&view=tasks&section=overview,Overview,BNA Admin,BNA School Workspace,Tasks,Overview,dashboard,private,BNA school admin,Admin/operator,New Task,true,true,true,true,true,,No major automated issue detected; manual designer review still required.
/operations?workspace=bna&view=tasks&section=decisions,Decisions,BNA Admin,BNA School Workspace,Tasks,Decisions,page,private,BNA school admin,Admin/operator,New Task,true,true,true,true,true,,No major automated issue detected; manual designer review still required.
/operations?workspace=bna&view=tasks&section=mine,Mine,BNA Admin,BNA School Workspace,Tasks,Mine,page,private,BNA school admin,Admin/operator,New Task,true,true,true,true,true,,No major automated issue detected; manual designer review still required.
/operations?workspace=bna&view=tasks&section=schedule,Schedule,BNA Admin,BNA School Workspace,Tasks,Schedule,page,private,BNA school admin,Admin/operator,New Task,true,true,true,true,true,,No major automated issue detected; manual designer review still required.
/operations?workspace=bna&view=tasks&section=research,Research,BNA Admin,BNA School Workspace,Tasks,Research,page,private,BNA school admin,Admin/operator,New Task,true,true,true,true,true,,No major automated issue detected; manual designer review still required.
/operations?workspace=bna&view=tasks&section=changelog,Changelog,BNA Admin,BNA School Workspace,Tasks,Changelog,page,private,BNA school admin,Admin/operator,New Task,true,true,true,true,true,,No major automated issue detected; manual designer review still required.
/operations?workspace=bna&view=tasks&section=done,Done,BNA Admin,BNA School Workspace,Tasks,Done,page,private,BNA school admin,Admin/operator,New Task,true,true,true,true,true,,No major automated issue detected; manual designer review still required.
/operations?workspace=bna&view=students&section=overview,Overview,BNA Admin,BNA School Workspace,Students,Overview,dashboard,private,BNA school admin,Admin/operator,Add / Open Student,true,true,true,true,true,,No major automated issue detected; manual designer review still required.
/operations?workspace=bna&view=students&section=list,List,BNA Admin,BNA School Workspace,Students,List,page,private,BNA school admin,Admin/operator,Add / Open Student,true,true,true,true,true,,No major automated issue detected; manual designer review still required.
/operations?workspace=bna&view=students&section=group_goal,Group Goal,BNA Admin,BNA School Workspace,Students,Group Goal,page,private,BNA school admin,Admin/operator,Add / Open Student,true,true,true,true,true,,No major automated issue detected; manual designer review still required.
/operations?workspace=bna&view=students&section=goal_board,Goal Board,BNA Admin,BNA School Workspace,Students,Goal Board,page,private,BNA school admin,Admin/operator,Add / Open Student,true,true,true,true,true,,No major automated issue detected; manual designer review still required.
/operations?workspace=bna&view=students&section=assignments&student=643,Assignments,BNA Admin,BNA School Workspace,Students,Assignments,page,private,BNA school admin,Admin/operator,Add / Open Student,true,true,true,true,true,,Too many visible actions.
/operations?workspace=bna&view=students&section=questions,Questions,BNA Admin,BNA School Workspace,Students,Questions,page,private,BNA school admin,Admin/operator,Add / Open Student,true,true,true,true,true,,No major automated issue detected; manual designer review still required.
/operations?workspace=bna&view=students&section=documents,Documents,BNA Admin,BNA School Workspace,Students,Documents,page,private,BNA school admin,Admin/operator,Add / Open Student,true,true,true,true,true,,No major automated issue detected; manual designer review still required.
/operations?workspace=bna&view=students&section=portal_links,Portal Links,BNA Admin,BNA School Workspace,Students,Portal Links,page,private,BNA school admin,Admin/operator,Add / Open Student,true,true,true,true,true,,No major automated issue detected; manual designer review still required.
/operations?workspace=bna&view=students&section=tablet_access,Tablet Access,BNA Admin,BNA School Workspace,Students,Tablet Access,page,private,BNA school admin,Admin/operator,Add / Open Student,true,true,true,true,true,,No major automated issue detected; manual designer review still required.
/operations?workspace=bna&view=students&section=profile,Profile,BNA Admin,BNA School Workspace,Students,Profile,detail,private,BNA school admin,Admin/operator,Add / Open Student,true,true,true,true,true,,No major automated issue detected; manual designer review still required.
/operations?workspace=bna&view=students&section=parent_family,Parent Family,BNA Admin,BNA School Workspace,Students,Parent Family,page,private,BNA school admin,Admin/operator,Add / Open Student,true,true,true,true,true,,No major automated issue detected; manual designer review still required.
/operations?workspace=bna&view=students&section=analysis,Analysis,BNA Admin,BNA School Workspace,Students,Analysis,page,private,BNA school admin,Admin/operator,Add / Open Student,true,true,true,true,true,,No major automated issue detected; manual designer review still required.
/operations?workspace=bna&view=students&section=meetings,Meetings,BNA Admin,BNA School Workspace,Students,Meetings,page,private,BNA school admin,Admin/operator,Add / Open Student,true,true,true,true,true,,No major automated issue detected; manual designer review still required.
/operations?workspace=bna&view=students&section=bot_settings,Bot Settings,BNA Admin,BNA School Workspace,Students,Bot Settings,settings,private,BNA school admin,Admin/operator,Add / Open Student,true,true,true,true,true,,No major automated issue detected; manual designer review still required.
/operations?workspace=bna&view=students&section=activity,Activity,BNA Admin,BNA School Workspace,Students,Activity,page,private,BNA school admin,Admin/operator,Add / Open Student,true,true,true,true,true,,No major automated issue detected; manual designer review still required.
/operations?workspace=bna&view=students&section=next_year_login,Next Year Login,BNA Admin,BNA School Workspace,Students,Next Year Login,login,private,BNA school admin,Admin/operator,Add / Open Student,true,true,true,true,true,,No major automated issue detected; manual designer review still required.
/operations?workspace=bna&view=contacts&section=overview,Overview,BNA Admin,BNA School Workspace,Contacts,Overview,dashboard,private,BNA school admin,Admin/operator,New Lead,true,true,true,true,true,,No major automated issue detected; manual designer review still required.
/operations?workspace=bna&view=contacts&section=interested_parents,Interested Parents,BNA Admin,BNA School Workspace,Contacts,Interested Parents,page,private,BNA school admin,Admin/operator,New Lead,true,true,true,true,true,,No major automated issue detected; manual designer review still required.
/operations?workspace=bna&view=contacts&section=parents,Parents,BNA Admin,BNA School Workspace,Contacts,Parents,page,private,BNA school admin,Admin/operator,New Lead,true,true,true,true,true,,No major automated issue detected; manual designer review still required.
/operations?workspace=bna&view=contacts&section=people,People,BNA Admin,BNA School Workspace,Contacts,People,page,private,BNA school admin,Admin/operator,New Lead,true,true,true,true,true,,Too many card-like panels.
/operations?workspace=bna&view=contacts&section=contacts,Contacts,BNA Admin,BNA School Workspace,Contacts,Contacts,page,private,BNA school admin,Admin/operator,New Lead,true,true,true,true,true,,No major automated issue detected; manual designer review still required.
/operations?workspace=bna&view=contacts&section=notes,Notes,BNA Admin,BNA School Workspace,Contacts,Notes,page,private,BNA school admin,Admin/operator,New Lead,true,true,true,true,true,,No major automated issue detected; manual designer review still required.
/operations?workspace=bna&view=contacts&section=students,Students,BNA Admin,BNA School Workspace,Contacts,Students,page,private,BNA school admin,Admin/operator,New Lead,true,true,true,true,true,,No major automated issue detected; manual designer review still required.
/operations?workspace=bna&view=contacts&section=intake,Intake,BNA Admin,BNA School Workspace,Contacts,Intake,page,private,BNA school admin,Admin/operator,New Lead,true,true,true,true,true,,No major automated issue detected; manual designer review still required.
/operations?workspace=bna&view=contacts&section=follow_up,Follow Up,BNA Admin,BNA School Workspace,Contacts,Follow Up,page,private,BNA school admin,Admin/operator,New Lead,true,true,true,true,true,,No major automated issue detected; manual designer review still required.
/operations?workspace=bna&view=contacts&section=tags,Tags,BNA Admin,BNA School Workspace,Contacts,Tags,page,private,BNA school admin,Admin/operator,New Lead,true,true,true,true,true,,No major automated issue detected; manual designer review still required.
/operations?workspace=bna&view=content&section=library,Library,BNA Admin,BNA School Workspace,Content,Library,page,private,BNA school admin,Admin/operator,Newsletter 1,true,true,true,true,true,,Too many visible actions. Too many card-like panels.
/operations?workspace=bna&view=content&section=meetings,Meetings,BNA Admin,BNA School Workspace,Content,Meetings,page,private,BNA school admin,Admin/operator,Newsletter 1,true,true,true,true,true,,No major automated issue detected; manual designer review still required.
/operations?workspace=bna&view=content&section=research,Research,BNA Admin,BNA School Workspace,Content,Research,page,private,BNA school admin,Admin/operator,Newsletter 1,true,true,true,true,true,,Too many visible actions. Too many card-like panels.
/operations?workspace=bna&view=content&section=selected,Selected,BNA Admin,BNA School Workspace,Content,Selected,page,private,BNA school admin,Admin/operator,Newsletter 1,true,true,true,true,true,,No major automated issue detected; manual designer review still required.
/operations?workspace=bna&view=content&section=repurpose,Repurpose,BNA Admin,BNA School Workspace,Content,Repurpose,page,private,BNA school admin,Admin/operator,Newsletter 1,true,true,true,true,true,,Too many visible actions. Too many card-like panels.
/operations?workspace=bna&view=content&section=newsletter,Newsletter,BNA Admin,BNA School Workspace,Content,Newsletter,page,private,BNA school admin,Admin/operator,Newsletter 1,true,true,true,true,true,,No major automated issue detected; manual designer review still required.
/operations?workspace=bna&view=content&section=prompts,Prompts,BNA Admin,BNA School Workspace,Content,Prompts,page,private,BNA school admin,Admin/operator,Newsletter 1,true,true,true,true,true,,No major automated issue detected; manual designer review still required.
/operations?workspace=bna&view=content&section=bundles,Bundles,BNA Admin,BNA School Workspace,Content,Bundles,page,private,BNA school admin,Admin/operator,Newsletter 1,true,true,true,true,true,,No major automated issue detected; manual designer review still required.
/operations?workspace=bna&view=calendar&section=overview,Overview,BNA Admin,BNA School Workspace,Calendar,Overview,dashboard,private,BNA school admin,Admin/operator,New Event,true,true,true,true,true,,No major automated issue detected; manual designer review still required.
/operations?workspace=bna&view=calendar&section=week,Week,BNA Admin,BNA School Workspace,Calendar,Week,page,private,BNA school admin,Admin/operator,New Event,true,true,true,true,true,,No major automated issue detected; manual designer review still required.
/operations?workspace=bna&view=calendar&section=month,Month,BNA Admin,BNA School Workspace,Calendar,Month,page,private,BNA school admin,Admin/operator,New Event,true,true,true,true,true,,No major automated issue detected; manual designer review still required.
/operations?workspace=bna&view=calendar&section=classes,Classes,BNA Admin,BNA School Workspace,Calendar,Classes,page,private,BNA school admin,Admin/operator,New Event,true,true,true,true,true,,No major automated issue detected; manual designer review still required.
/operations?workspace=bna&view=calendar&section=students,Students,BNA Admin,BNA School Workspace,Calendar,Students,page,private,BNA school admin,Admin/operator,New Event,true,true,true,true,true,,No major automated issue detected; manual designer review still required.
/operations?workspace=bna&view=calendar&section=provider,Provider,BNA Admin,BNA School Workspace,Calendar,Provider,page,private,BNA school admin,Admin/operator,New Event,true,true,true,true,true,,No major automated issue detected; manual designer review still required.
/operations?workspace=bna&view=calendar&section=google_sync,Google Sync,BNA Admin,BNA School Workspace,Calendar,Google Sync,page,private,BNA school admin,Admin/operator,New Event,true,true,true,true,true,,No major automated issue detected; manual designer review still required.
/operations?workspace=bna&view=calendar&section=settings,Settings,BNA Admin,BNA School Workspace,Calendar,Settings,settings,private,BNA school admin,Admin/operator,New Event,true,true,true,true,true,,No major automated issue detected; manual designer review still required.
/operations?workspace=bna&view=service_providers&section=overview,Overview,BNA Admin,BNA School Workspace,Service Providers,Overview,dashboard,private,BNA school admin,Admin/operator,Add Provider,true,true,true,true,true,,Too many card-like panels.
/operations?workspace=bna&view=service_providers&section=directory,Directory,BNA Admin,BNA School Workspace,Service Providers,Directory,page,private,BNA school admin,Admin/operator,Add Provider,true,true,true,true,true,,Too many card-like panels.
/operations?workspace=bna&view=service_providers&section=workspaces,Workspaces,BNA Admin,BNA School Workspace,Service Providers,Workspaces,page,private,BNA school admin,Admin/operator,Add Provider,true,true,true,true,true,,Too many visible actions. Too many card-like panels. Too much not-configured/placeholder language.
/operations?workspace=bna&view=service_providers&section=commercial,Commercial,BNA Admin,BNA School Workspace,Service Providers,Commercial,page,private,BNA school admin,Admin/operator,Add Provider,true,true,true,true,true,,No major automated issue detected; manual designer review still required.
/operations?workspace=bna&view=service_providers&section=plans,Plans,BNA Admin,BNA School Workspace,Service Providers,Plans,page,private,BNA school admin,Admin/operator,Add Provider,true,true,true,true,true,,No major automated issue detected; manual designer review still required.
/operations?workspace=bna&view=service_providers&section=onboarding,Onboarding,BNA Admin,BNA School Workspace,Service Providers,Onboarding,page,private,BNA school admin,Admin/operator,Add Provider,true,true,true,true,true,,No major automated issue detected; manual designer review still required.
/operations?workspace=bna&view=service_providers&section=access_checklist,Access Checklist,BNA Admin,BNA School Workspace,Service Providers,Access Checklist,page,private,BNA school admin,Admin/operator,Add Provider,true,true,true,true,true,,No major automated issue detected; manual designer review still required.
/operations?workspace=bna&view=service_providers&section=integration_audit,Integration Audit,BNA Admin,BNA School Workspace,Service Providers,Integration Audit,page,private,BNA school admin,Admin/operator,Add Provider,true,true,true,true,true,,No major automated issue detected; manual designer review still required.
/operations?workspace=bna&view=service_providers&section=communities,Communities,BNA Admin,BNA School Workspace,Service Providers,Communities,page,private,BNA school admin,Admin/operator,Add Provider,true,true,true,true,true,,No major automated issue detected; manual designer review still required.
/operations?workspace=bna&view=service_providers&section=content,Content,BNA Admin,BNA School Workspace,Service Providers,Content,page,private,BNA school admin,Admin/operator,Add Provider,true,true,true,true,true,,No major automated issue detected; manual designer review still required.
/operations?workspace=bna&view=service_providers&section=marketing,Marketing,BNA Admin,BNA School Workspace,Service Providers,Marketing,page,private,BNA school admin,Admin/operator,Add Provider,true,true,true,true,true,,No major automated issue detected; manual designer review still required.
/operations?workspace=bna&view=service_providers&section=leads,Leads,BNA Admin,BNA School Workspace,Service Providers,Leads,page,private,BNA school admin,Admin/operator,Add Provider,true,true,true,true,true,,No major automated issue detected; manual designer review still required.
/operations?workspace=bna&view=service_providers&section=communications,Communications,BNA Admin,BNA School Workspace,Service Providers,Communications,page,private,BNA school admin,Admin/operator,Add Provider,true,true,true,true,true,,No major automated issue detected; manual designer review still required.
/operations?workspace=bna&view=service_providers&section=settings,Settings,BNA Admin,BNA School Workspace,Service Providers,Settings,settings,private,BNA school admin,Admin/operator,Add Provider,true,true,true,true,true,,No major automated issue detected; manual designer review still required.
/operations?workspace=bna&view=communications&section=overview,Overview,BNA Admin,BNA School Workspace,Communications,Overview,dashboard,private,BNA school admin,Admin/operator,New Message,true,true,true,true,true,,Too many card-like panels.
/operations?workspace=bna&view=communications&section=parents,Parents,BNA Admin,BNA School Workspace,Communications,Parents,page,private,BNA school admin,Admin/operator,New Message,true,true,true,true,true,,Too many card-like panels.
/operations?workspace=bna&view=communications&section=students,Students,BNA Admin,BNA School Workspace,Communications,Students,page,private,BNA school admin,Admin/operator,New Message,true,true,true,true,true,,No major automated issue detected; manual designer review still required.
/operations?workspace=bna&view=communications&section=providers,Providers,BNA Admin,BNA School Workspace,Communications,Providers,page,private,BNA school admin,Admin/operator,New Message,true,true,true,true,true,,No major automated issue detected; manual designer review still required.
/operations?workspace=bna&view=communications&section=internal,Internal,BNA Admin,BNA School Workspace,Communications,Internal,page,private,BNA school admin,Admin/operator,New Message,true,true,true,true,true,,No major automated issue detected; manual designer review still required.
/operations?workspace=bna&view=communications&section=whatsapp,Whatsapp,BNA Admin,BNA School Workspace,Communications,Whatsapp,page,private,BNA school admin,Admin/operator,New Message,true,true,true,true,true,,No major automated issue detected; manual designer review still required.
/operations?workspace=bna&view=communications&section=email,Email,BNA Admin,BNA School Workspace,Communications,Email,page,private,BNA school admin,Admin/operator,New Message,true,true,true,true,true,,Too many card-like panels.
/operations?workspace=bna&view=communications&section=bots,Bots,BNA Admin,BNA School Workspace,Communications,Bots,page,private,BNA school admin,Admin/operator,New Message,true,true,true,true,true,,No major automated issue detected; manual designer review still required.
/operations?workspace=bna&view=communications&section=templates,Templates,BNA Admin,BNA School Workspace,Communications,Templates,page,private,BNA school admin,Admin/operator,New Message,true,true,true,true,true,,No major automated issue detected; manual designer review still required.
/operations?workspace=bna&view=communications&section=settings,Settings,BNA Admin,BNA School Workspace,Communications,Settings,settings,private,BNA school admin,Admin/operator,New Message,true,true,true,true,true,,No major automated issue detected; manual designer review still required.
/operations?workspace=bna&view=internal_dialogue&section=overview,Overview,BNA Admin,BNA School Workspace,Internal Dialogue,Overview,dashboard,private,BNA school admin,Admin/operator,New Task,true,true,true,true,true,,No major automated issue detected; manual designer review still required.
/operations?workspace=bna&view=internal_dialogue&section=shloimie_rabbi,Shloimie Rabbi,BNA Admin,BNA School Workspace,Internal Dialogue,Shloimie Rabbi,page,private,BNA school admin,Admin/operator,New Task,true,true,true,true,true,,No major automated issue detected; manual designer review still required.
/operations?workspace=bna&view=internal_dialogue&section=meeting_notes,Meeting Notes,BNA Admin,BNA School Workspace,Internal Dialogue,Meeting Notes,page,private,BNA school admin,Admin/operator,New Task,true,true,true,true,true,,No major automated issue detected; manual designer review still required.
/operations?workspace=bna&view=internal_dialogue&section=uploads,Uploads,BNA Admin,BNA School Workspace,Internal Dialogue,Uploads,page,private,BNA school admin,Admin/operator,New Task,true,true,true,true,true,,No major automated issue detected; manual designer review still required.
/operations?workspace=bna&view=internal_dialogue&section=decisions,Decisions,BNA Admin,BNA School Workspace,Internal Dialogue,Decisions,page,private,BNA school admin,Admin/operator,New Task,true,true,true,true,true,,No major automated issue detected; manual designer review still required.
/operations?workspace=bna&view=internal_dialogue&section=support,Support,BNA Admin,BNA School Workspace,Internal Dialogue,Support,page,private,BNA school admin,Admin/operator,New Task,true,true,true,true,true,,No major automated issue detected; manual designer review still required.
/operations?workspace=bna&view=internal_dialogue&section=activity,Activity,BNA Admin,BNA School Workspace,Internal Dialogue,Activity,page,private,BNA school admin,Admin/operator,New Task,true,true,true,true,true,,No major automated issue detected; manual designer review still required.
/operations?workspace=bna&view=accounting&section=overview,Overview,BNA Admin,BNA School Workspace,Accounting,Overview,dashboard,private,BNA school admin,Admin/operator,Open Payments,true,true,true,true,true,,No major automated issue detected; manual designer review still required.
/operations?workspace=bna&view=accounting&section=payments,Payments,BNA Admin,BNA School Workspace,Accounting,Payments,page,private,BNA school admin,Admin/operator,Open Payments,true,true,true,true,true,,No major automated issue detected; manual designer review still required.
/operations?workspace=bna&view=accounting&section=open,Open,BNA Admin,BNA School Workspace,Accounting,Open,page,private,BNA school admin,Admin/operator,Open Payments,true,true,true,true,true,,No major automated issue detected; manual designer review still required.
/operations?workspace=bna&view=accounting&section=paid,Paid,BNA Admin,BNA School Workspace,Accounting,Paid,page,private,BNA school admin,Admin/operator,Open Payments,true,true,true,true,true,,No major automated issue detected; manual designer review still required.
/operations?workspace=bna&view=accounting&section=needs_signup,Needs Signup,BNA Admin,BNA School Workspace,Accounting,Needs Signup,page,private,BNA school admin,Admin/operator,Open Payments,true,true,true,true,true,,No major automated issue detected; manual designer review still required.
/operations?workspace=bna&view=accounting&section=exceptions,Exceptions,BNA Admin,BNA School Workspace,Accounting,Exceptions,page,private,BNA school admin,Admin/operator,Open Payments,true,true,true,true,true,,No major automated issue detected; manual designer review still required.
/operations?workspace=bna&view=api_usage&section=overview,Overview,BNA Admin,BNA School Workspace,Api Usage,Overview,dashboard,private,BNA school admin,Admin/operator,New Task,true,true,true,true,true,,No major automated issue detected; manual designer review still required.
/operations?workspace=bna&view=api_usage&section=workspace,Workspace,BNA Admin,BNA School Workspace,Api Usage,Workspace,page,private,BNA school admin,Admin/operator,New Task,true,true,true,true,true,,No major automated issue detected; manual designer review still required.
/operations?workspace=bna&view=api_usage&section=parent,Parent,BNA Admin,BNA School Workspace,Api Usage,Parent,page,private,BNA school admin,Admin/operator,New Task,true,true,true,true,true,,No major automated issue detected; manual designer review still required.
/operations?workspace=bna&view=api_usage&section=student,Student,BNA Admin,BNA School Workspace,Api Usage,Student,page,private,BNA school admin,Admin/operator,New Task,true,true,true,true,true,,No major automated issue detected; manual designer review still required.
/operations?workspace=bna&view=api_usage&section=provider,Provider,BNA Admin,BNA School Workspace,Api Usage,Provider,page,private,BNA school admin,Admin/operator,New Task,true,true,true,true,true,,No major automated issue detected; manual designer review still required.
/operations?workspace=bna&view=api_usage&section=bot,Bot,BNA Admin,BNA School Workspace,Api Usage,Bot,page,private,BNA school admin,Admin/operator,New Task,true,true,true,true,true,,No major automated issue detected; manual designer review still required.
/operations?workspace=bna&view=api_usage&section=errors,Errors,BNA Admin,BNA School Workspace,Api Usage,Errors,page,private,BNA school admin,Admin/operator,New Task,true,true,true,true,true,,No major automated issue detected; manual designer review still required.
/operations?workspace=bna&view=api_usage&section=budgets,Budgets,BNA Admin,BNA School Workspace,Api Usage,Budgets,page,private,BNA school admin,Admin/operator,New Task,true,true,true,true,true,,No major automated issue detected; manual designer review still required.
/operations?workspace=bna&view=api_usage&section=settings,Settings,BNA Admin,BNA School Workspace,Api Usage,Settings,settings,private,BNA school admin,Admin/operator,New Task,true,true,true,true,true,,No major automated issue detected; manual designer review still required.
/operations?workspace=bna&view=admin&section=overview,Overview,BNA Admin,BNA School Workspace,Admin,Overview,dashboard,private,BNA school admin,Admin/operator,New Task,true,true,true,true,true,,No major automated issue detected; manual designer review still required.
/operations?workspace=bna&view=admin&section=users,Users,BNA Admin,BNA School Workspace,Admin,Users,page,private,BNA school admin,Admin/operator,New Task,true,true,true,true,true,,No major automated issue detected; manual designer review still required.
/operations?workspace=bna&view=admin&section=roles,Roles,BNA Admin,BNA School Workspace,Admin,Roles,page,private,BNA school admin,Admin/operator,New Task,true,true,true,true,true,,No major automated issue detected; manual designer review still required.
/operations?workspace=bna&view=admin&section=workspaces,Workspaces,BNA Admin,BNA School Workspace,Admin,Workspaces,page,private,BNA school admin,Admin/operator,New Task,true,true,true,true,true,,No major automated issue detected; manual designer review still required.
/operations?workspace=bna&view=admin&section=invitations,Invitations,BNA Admin,BNA School Workspace,Admin,Invitations,page,private,BNA school admin,Admin/operator,New Task,true,true,true,true,true,,No major automated issue detected; manual designer review still required.
/operations?workspace=bna&view=admin&section=tickets,Tickets,BNA Admin,BNA School Workspace,Admin,Tickets,page,private,BNA school admin,Admin/operator,New Task,true,true,true,true,true,,No major automated issue detected; manual designer review still required.
/operations?workspace=bna&view=admin&section=messages,Messages,BNA Admin,BNA School Workspace,Admin,Messages,page,private,BNA school admin,Admin/operator,New Task,true,true,true,true,true,,No major automated issue detected; manual designer review still required.
/operations?workspace=bna&view=admin&section=settings,Settings,BNA Admin,BNA School Workspace,Admin,Settings,settings,private,BNA school admin,Admin/operator,New Task,true,true,true,true,true,,No major automated issue detected; manual designer review still required.
/operations?workspace=bna&view=settings&section=profile,Profile,BNA Admin,BNA School Workspace,Settings,Profile,settings,private,BNA school admin,Admin/operator,Save Settings,true,true,true,true,true,,No major automated issue detected; manual designer review still required.
/operations?workspace=bna&view=settings&section=workspace,Workspace,BNA Admin,BNA School Workspace,Settings,Workspace,settings,private,BNA school admin,Admin/operator,Save Settings,true,true,true,true,true,,No major automated issue detected; manual designer review still required.
/operations?workspace=bna&view=settings&section=branding,Branding,BNA Admin,BNA School Workspace,Settings,Branding,settings,private,BNA school admin,Admin/operator,Save Settings,true,true,true,true,true,,No major automated issue detected; manual designer review still required.
/operations?workspace=bna&view=settings&section=language,Language,BNA Admin,BNA School Workspace,Settings,Language,settings,private,BNA school admin,Admin/operator,Save Settings,true,true,true,true,true,,No major automated issue detected; manual designer review still required.
/operations?workspace=bna&view=settings&section=users_roles,Users Roles,BNA Admin,BNA School Workspace,Settings,Users Roles,settings,private,BNA school admin,Admin/operator,Save Settings,true,true,true,true,true,,No major automated issue detected; manual designer review still required.
/operations?workspace=bna&view=settings&section=email_identities,Email Identities,BNA Admin,BNA School Workspace,Settings,Email Identities,settings,private,BNA school admin,Admin/operator,Save Settings,true,true,true,true,true,,No major automated issue detected; manual designer review still required.
/operations?workspace=bna&view=settings&section=whatsapp,Whatsapp,BNA Admin,BNA School Workspace,Settings,Whatsapp,settings,private,BNA school admin,Admin/operator,Save Settings,true,true,true,true,true,,No major automated issue detected; manual designer review still required.
/operations?workspace=bna&view=settings&section=social_accounts,Social Accounts,BNA Admin,BNA School Workspace,Settings,Social Accounts,settings,private,BNA school admin,Admin/operator,Save Settings,true,true,true,true,true,,No major automated issue detected; manual designer review still required.
/operations?workspace=bna&view=settings&section=calendar,Calendar,BNA Admin,BNA School Workspace,Settings,Calendar,settings,private,BNA school admin,Admin/operator,Save Settings,true,true,true,true,true,,No major automated issue detected; manual designer review still required.
/operations?workspace=bna&view=settings&section=google_classroom,Google Classroom,BNA Admin,BNA School Workspace,Settings,Google Classroom,settings,private,BNA school admin,Admin/operator,Save Settings,true,true,true,true,true,,No major automated issue detected; manual designer review still required.
/operations?workspace=bna&view=settings&section=parent_portal,Parent Portal,BNA Admin,BNA School Workspace,Settings,Parent Portal,settings,private,BNA school admin,Admin/operator,Save Settings,true,true,true,true,true,,No major automated issue detected; manual designer review still required.
/operations?workspace=bna&view=settings&section=student_portal,Student Portal,BNA Admin,BNA School Workspace,Settings,Student Portal,settings,private,BNA school admin,Admin/operator,Save Settings,true,true,true,true,true,,No major automated issue detected; manual designer review still required.
/operations?workspace=bna&view=settings&section=provider_portal,Provider Portal,BNA Admin,BNA School Workspace,Settings,Provider Portal,settings,private,BNA school admin,Admin/operator,Save Settings,true,true,true,true,true,,No major automated issue detected; manual designer review still required.
/operations?workspace=bna&view=settings&section=provider_index,Provider Index,BNA Admin,BNA School Workspace,Settings,Provider Index,settings,private,BNA school admin,Admin/operator,Save Settings,true,true,true,true,true,,No major automated issue detected; manual designer review still required.
/operations?workspace=bna&view=settings&section=provider_plans,Provider Plans,BNA Admin,BNA School Workspace,Settings,Provider Plans,settings,private,BNA school admin,Admin/operator,Save Settings,true,true,true,true,true,,No major automated issue detected; manual designer review still required.
/operations?workspace=bna&view=settings&section=provider_entitlements,Provider Entitlements,BNA Admin,BNA School Workspace,Settings,Provider Entitlements,settings,private,BNA school admin,Admin/operator,Save Settings,true,true,true,true,true,,No major automated issue detected; manual designer review still required.
/operations?workspace=bna&view=settings&section=provider_onboarding,Provider Onboarding,BNA Admin,BNA School Workspace,Settings,Provider Onboarding,settings,private,BNA school admin,Admin/operator,Save Settings,true,true,true,true,true,,No major automated issue detected; manual designer review still required.
/operations?workspace=bna&view=settings&section=commercial_models,Commercial Models,BNA Admin,BNA School Workspace,Settings,Commercial Models,settings,private,BNA school admin,Admin/operator,Save Settings,true,true,true,true,true,,No major automated issue detected; manual designer review still required.
/operations?workspace=bna&view=settings&section=bot_permissions,Bot Permissions,BNA Admin,BNA School Workspace,Settings,Bot Permissions,settings,private,BNA school admin,Admin/operator,Save Settings,true,true,true,true,true,,No major automated issue detected; manual designer review still required.
/operations?workspace=bna&view=settings&section=api_limits,Api Limits,BNA Admin,BNA School Workspace,Settings,Api Limits,settings,private,BNA school admin,Admin/operator,Save Settings,true,true,true,true,true,,No major automated issue detected; manual designer review still required.
/operations?workspace=bna&view=settings&section=communications,Communications,BNA Admin,BNA School Workspace,Settings,Communications,settings,private,BNA school admin,Admin/operator,Save Settings,true,true,true,true,true,,No major automated issue detected; manual designer review still required.
/operations?workspace=bna&view=settings&section=integrations,Integrations,BNA Admin,BNA School Workspace,Settings,Integrations,settings,private,BNA school admin,Admin/operator,Save Settings,true,true,true,true,true,,Too many visible actions. Too much not-configured/placeholder language.
/operations?workspace=bna&view=settings&section=payment_links,Payment Links,BNA Admin,BNA School Workspace,Settings,Payment Links,settings,private,BNA school admin,Admin/operator,Save Settings,true,true,true,true,true,,No major automated issue detected; manual designer review still required.
/operations?workspace=bna&view=settings&section=external_apps,External Apps,BNA Admin,BNA School Workspace,Settings,External Apps,settings,private,BNA school admin,Admin/operator,Save Settings,true,true,true,true,true,,No major automated issue detected; manual designer review still required.
/operations?workspace=bna&view=settings&section=billing,Billing,BNA Admin,BNA School Workspace,Settings,Billing,settings,private,BNA school admin,Admin/operator,Save Settings,true,true,true,true,true,,No major automated issue detected; manual designer review still required.
/operations?workspace=bna&view=settings&section=automations,Automations,BNA Admin,BNA School Workspace,Settings,Automations,settings,private,BNA school admin,Admin/operator,Save Settings,true,true,true,true,true,,No major automated issue detected; manual designer review still required.
/operations?workspace=bna&view=settings&section=danger,Danger,BNA Admin,BNA School Workspace,Settings,Danger,settings,private,BNA school admin,Admin/operator,Save Settings,true,true,true,true,true,,No major automated issue detected; manual designer review still required.
/operations?workspace=rabbi_sheller_provider&view=dashboard&section=overview,Overview,Provider Admin,Rabbi Sheller Provider Workspace,Dashboard,Overview,dashboard,private,Provider admin,Admin/operator,New Task,true,true,true,true,true,,No major automated issue detected; manual designer review still required.
/operations?workspace=rabbi_sheller_provider&view=dashboard&section=activity,Activity,Provider Admin,Rabbi Sheller Provider Workspace,Dashboard,Activity,page,private,Provider admin,Admin/operator,New Task,true,true,true,true,true,,No major automated issue detected; manual designer review still required.
/operations?workspace=rabbi_sheller_provider&view=dashboard&section=alerts,Alerts,Provider Admin,Rabbi Sheller Provider Workspace,Dashboard,Alerts,page,private,Provider admin,Admin/operator,New Task,true,true,true,true,true,,No major automated issue detected; manual designer review still required.
/operations?workspace=rabbi_sheller_provider&view=dashboard&section=today,Today,Provider Admin,Rabbi Sheller Provider Workspace,Dashboard,Today,page,private,Provider admin,Admin/operator,New Task,true,true,true,true,true,,No major automated issue detected; manual designer review still required.
/operations?workspace=rabbi_sheller_provider&view=dashboard&section=updates,Updates,Provider Admin,Rabbi Sheller Provider Workspace,Dashboard,Updates,page,private,Provider admin,Admin/operator,New Task,true,true,true,true,true,,No major automated issue detected; manual designer review still required.
/operations?workspace=rabbi_sheller_provider&view=pipelines&section=overview,Overview,Provider Admin,Rabbi Sheller Provider Workspace,Pipelines,Overview,dashboard,private,Provider admin,Admin/operator,New Pipeline Card,true,true,true,true,true,,No major automated issue detected; manual designer review still required.
/operations?workspace=rabbi_sheller_provider&view=pipelines&section=bna_enrollment,Bna Enrollment,Provider Admin,Rabbi Sheller Provider Workspace,Pipelines,Bna Enrollment,page,private,Provider admin,Admin/operator,New Pipeline Card,true,true,true,true,true,,No major automated issue detected; manual designer review still required.
/operations?workspace=rabbi_sheller_provider&view=pipelines&section=provider_class,Provider Class,Provider Admin,Rabbi Sheller Provider Workspace,Pipelines,Provider Class,page,private,Provider admin,Admin/operator,New Pipeline Card,true,true,true,true,true,,No major automated issue detected; manual designer review still required.
/operations?workspace=rabbi_sheller_provider&view=pipelines&section=provider_onboarding,Provider Onboarding,Provider Admin,Rabbi Sheller Provider Workspace,Pipelines,Provider Onboarding,page,private,Provider admin,Admin/operator,New Pipeline Card,true,true,true,true,true,,No major automated issue detected; manual designer review still required.
/operations?workspace=rabbi_sheller_provider&view=pipelines&section=participants,Participants,Provider Admin,Rabbi Sheller Provider Workspace,Pipelines,Participants,page,private,Provider admin,Admin/operator,New Pipeline Card,true,true,true,true,true,,No major automated issue detected; manual designer review still required.
/operations?workspace=rabbi_sheller_provider&view=pipelines&section=stale_tasks,Stale Tasks,Provider Admin,Rabbi Sheller Provider Workspace,Pipelines,Stale Tasks,page,private,Provider admin,Admin/operator,New Pipeline Card,true,true,true,true,true,,No major automated issue detected; manual designer review still required.
/operations?workspace=rabbi_sheller_provider&view=pipelines&section=decisions,Decisions,Provider Admin,Rabbi Sheller Provider Workspace,Pipelines,Decisions,page,private,Provider admin,Admin/operator,New Pipeline Card,true,true,true,true,true,,No major automated issue detected; manual designer review still required.
/operations?workspace=rabbi_sheller_provider&view=tasks&section=overview,Overview,Provider Admin,Rabbi Sheller Provider Workspace,Tasks,Overview,dashboard,private,Provider admin,Admin/operator,New Task,true,true,true,true,true,,No major automated issue detected; manual designer review still required.
/operations?workspace=rabbi_sheller_provider&view=tasks&section=decisions,Decisions,Provider Admin,Rabbi Sheller Provider Workspace,Tasks,Decisions,page,private,Provider admin,Admin/operator,New Task,true,true,true,true,true,,No major automated issue detected; manual designer review still required.
/operations?workspace=rabbi_sheller_provider&view=tasks&section=mine,Mine,Provider Admin,Rabbi Sheller Provider Workspace,Tasks,Mine,page,private,Provider admin,Admin/operator,New Task,true,true,true,true,true,,No major automated issue detected; manual designer review still required.
/operations?workspace=rabbi_sheller_provider&view=tasks&section=schedule,Schedule,Provider Admin,Rabbi Sheller Provider Workspace,Tasks,Schedule,page,private,Provider admin,Admin/operator,New Task,true,true,true,true,true,,No major automated issue detected; manual designer review still required.
/operations?workspace=rabbi_sheller_provider&view=tasks&section=research,Research,Provider Admin,Rabbi Sheller Provider Workspace,Tasks,Research,page,private,Provider admin,Admin/operator,New Task,true,true,true,true,true,,No major automated issue detected; manual designer review still required.
/operations?workspace=rabbi_sheller_provider&view=tasks&section=changelog,Changelog,Provider Admin,Rabbi Sheller Provider Workspace,Tasks,Changelog,page,private,Provider admin,Admin/operator,New Task,true,true,true,true,true,,No major automated issue detected; manual designer review still required.
/operations?workspace=rabbi_sheller_provider&view=tasks&section=done,Done,Provider Admin,Rabbi Sheller Provider Workspace,Tasks,Done,page,private,Provider admin,Admin/operator,New Task,true,true,true,true,true,,No major automated issue detected; manual designer review still required.
/operations?workspace=rabbi_sheller_provider&view=students&section=overview,Overview,Provider Admin,Rabbi Sheller Provider Workspace,Students,Overview,dashboard,private,Provider admin,Admin/operator,New Task,true,true,true,true,true,,No major automated issue detected; manual designer review still required.
/operations?workspace=rabbi_sheller_provider&view=students&section=list,List,Provider Admin,Rabbi Sheller Provider Workspace,Students,List,page,private,Provider admin,Admin/operator,New Task,true,true,true,true,true,,No major automated issue detected; manual designer review still required.
/operations?workspace=rabbi_sheller_provider&view=students&section=group_goal,Group Goal,Provider Admin,Rabbi Sheller Provider Workspace,Students,Group Goal,page,private,Provider admin,Admin/operator,New Task,true,true,true,true,true,,No major automated issue detected; manual designer review still required.
/operations?workspace=rabbi_sheller_provider&view=students&section=goal_board,Goal Board,Provider Admin,Rabbi Sheller Provider Workspace,Students,Goal Board,page,private,Provider admin,Admin/operator,New Task,true,true,true,true,true,,No major automated issue detected; manual designer review still required.
/operations?workspace=rabbi_sheller_provider&view=students&section=assignments,Assignments,Provider Admin,Rabbi Sheller Provider Workspace,Students,Assignments,page,private,Provider admin,Admin/operator,New Task,true,true,true,true,true,,No major automated issue detected; manual designer review still required.
/operations?workspace=rabbi_sheller_provider&view=students&section=questions,Questions,Provider Admin,Rabbi Sheller Provider Workspace,Students,Questions,page,private,Provider admin,Admin/operator,New Task,true,true,true,true,true,,No major automated issue detected; manual designer review still required.
/operations?workspace=rabbi_sheller_provider&view=students&section=documents,Documents,Provider Admin,Rabbi Sheller Provider Workspace,Students,Documents,page,private,Provider admin,Admin/operator,New Task,true,true,true,true,true,,No major automated issue detected; manual designer review still required.
/operations?workspace=rabbi_sheller_provider&view=students&section=portal_links,Portal Links,Provider Admin,Rabbi Sheller Provider Workspace,Students,Portal Links,page,private,Provider admin,Admin/operator,New Task,true,true,true,true,true,,No major automated issue detected; manual designer review still required.
/operations?workspace=rabbi_sheller_provider&view=students&section=tablet_access,Tablet Access,Provider Admin,Rabbi Sheller Provider Workspace,Students,Tablet Access,page,private,Provider admin,Admin/operator,New Task,true,true,true,true,true,,No major automated issue detected; manual designer review still required.
/operations?workspace=rabbi_sheller_provider&view=students&section=profile,Profile,Provider Admin,Rabbi Sheller Provider Workspace,Students,Profile,detail,private,Provider admin,Admin/operator,New Task,true,true,true,true,true,,No major automated issue detected; manual designer review still required.
/operations?workspace=rabbi_sheller_provider&view=students&section=parent_family,Parent Family,Provider Admin,Rabbi Sheller Provider Workspace,Students,Parent Family,page,private,Provider admin,Admin/operator,New Task,true,true,true,true,true,,No major automated issue detected; manual designer review still required.
/operations?workspace=rabbi_sheller_provider&view=students&section=analysis,Analysis,Provider Admin,Rabbi Sheller Provider Workspace,Students,Analysis,page,private,Provider admin,Admin/operator,New Task,true,true,true,true,true,,No major automated issue detected; manual designer review still required.
/operations?workspace=rabbi_sheller_provider&view=students&section=meetings,Meetings,Provider Admin,Rabbi Sheller Provider Workspace,Students,Meetings,page,private,Provider admin,Admin/operator,New Task,true,true,true,true,true,,No major automated issue detected; manual designer review still required.
/operations?workspace=rabbi_sheller_provider&view=students&section=bot_settings,Bot Settings,Provider Admin,Rabbi Sheller Provider Workspace,Students,Bot Settings,settings,private,Provider admin,Admin/operator,New Task,true,true,true,true,true,,No major automated issue detected; manual designer review still required.
/operations?workspace=rabbi_sheller_provider&view=students&section=activity,Activity,Provider Admin,Rabbi Sheller Provider Workspace,Students,Activity,page,private,Provider admin,Admin/operator,New Task,true,true,true,true,true,,No major automated issue detected; manual designer review still required.
/operations?workspace=rabbi_sheller_provider&view=students&section=next_year_login,Next Year Login,Provider Admin,Rabbi Sheller Provider Workspace,Students,Next Year Login,login,private,Provider admin,Admin/operator,New Task,true,true,true,true,true,,No major automated issue detected; manual designer review still required.
/operations?workspace=rabbi_sheller_provider&view=contacts&section=overview,Overview,Provider Admin,Rabbi Sheller Provider Workspace,Contacts,Overview,dashboard,private,Provider admin,Admin/operator,New Task,true,true,true,true,true,,No major automated issue detected; manual designer review still required.
/operations?workspace=rabbi_sheller_provider&view=contacts&section=interested_parents,Interested Parents,Provider Admin,Rabbi Sheller Provider Workspace,Contacts,Interested Parents,page,private,Provider admin,Admin/operator,New Task,true,true,true,true,true,,No major automated issue detected; manual designer review still required.
/operations?workspace=rabbi_sheller_provider&view=contacts&section=parents,Parents,Provider Admin,Rabbi Sheller Provider Workspace,Contacts,Parents,page,private,Provider admin,Admin/operator,New Task,true,true,true,true,true,,No major automated issue detected; manual designer review still required.
/operations?workspace=rabbi_sheller_provider&view=contacts&section=people,People,Provider Admin,Rabbi Sheller Provider Workspace,Contacts,People,page,private,Provider admin,Admin/operator,New Task,true,true,true,true,true,,No major automated issue detected; manual designer review still required.
/operations?workspace=rabbi_sheller_provider&view=contacts&section=contacts,Contacts,Provider Admin,Rabbi Sheller Provider Workspace,Contacts,Contacts,page,private,Provider admin,Admin/operator,New Task,true,true,true,true,true,,No major automated issue detected; manual designer review still required.
/operations?workspace=rabbi_sheller_provider&view=contacts&section=notes,Notes,Provider Admin,Rabbi Sheller Provider Workspace,Contacts,Notes,page,private,Provider admin,Admin/operator,New Task,true,true,true,true,true,,No major automated issue detected; manual designer review still required.
/operations?workspace=rabbi_sheller_provider&view=contacts&section=students,Students,Provider Admin,Rabbi Sheller Provider Workspace,Contacts,Students,page,private,Provider admin,Admin/operator,New Task,true,true,true,true,true,,No major automated issue detected; manual designer review still required.
/operations?workspace=rabbi_sheller_provider&view=contacts&section=intake,Intake,Provider Admin,Rabbi Sheller Provider Workspace,Contacts,Intake,page,private,Provider admin,Admin/operator,New Task,true,true,true,true,true,,No major automated issue detected; manual designer review still required.
/operations?workspace=rabbi_sheller_provider&view=contacts&section=follow_up,Follow Up,Provider Admin,Rabbi Sheller Provider Workspace,Contacts,Follow Up,page,private,Provider admin,Admin/operator,New Task,true,true,true,true,true,,No major automated issue detected; manual designer review still required.
/operations?workspace=rabbi_sheller_provider&view=contacts&section=tags,Tags,Provider Admin,Rabbi Sheller Provider Workspace,Contacts,Tags,page,private,Provider admin,Admin/operator,New Task,true,true,true,true,true,,No major automated issue detected; manual designer review still required.
/operations?workspace=rabbi_sheller_provider&view=content&section=library,Library,Provider Admin,Rabbi Sheller Provider Workspace,Content,Library,page,private,Provider admin,Admin/operator,Newsletter 1,true,true,true,true,true,,Too many visible actions. Too many card-like panels.
/operations?workspace=rabbi_sheller_provider&view=content&section=meetings,Meetings,Provider Admin,Rabbi Sheller Provider Workspace,Content,Meetings,page,private,Provider admin,Admin/operator,Newsletter 1,true,true,true,true,true,,No major automated issue detected; manual designer review still required.
/operations?workspace=rabbi_sheller_provider&view=content&section=research,Research,Provider Admin,Rabbi Sheller Provider Workspace,Content,Research,page,private,Provider admin,Admin/operator,Newsletter 1,true,true,true,true,true,,Too many visible actions. Too many card-like panels.
/operations?workspace=rabbi_sheller_provider&view=content&section=selected,Selected,Provider Admin,Rabbi Sheller Provider Workspace,Content,Selected,page,private,Provider admin,Admin/operator,Newsletter 1,true,true,true,true,true,,No major automated issue detected; manual designer review still required.
/operations?workspace=rabbi_sheller_provider&view=content&section=repurpose,Repurpose,Provider Admin,Rabbi Sheller Provider Workspace,Content,Repurpose,page,private,Provider admin,Admin/operator,Newsletter 1,true,true,true,true,true,,Too many visible actions. Too many card-like panels.
/operations?workspace=rabbi_sheller_provider&view=content&section=newsletter,Newsletter,Provider Admin,Rabbi Sheller Provider Workspace,Content,Newsletter,page,private,Provider admin,Admin/operator,Newsletter 1,true,true,true,true,true,,No major automated issue detected; manual designer review still required.
/operations?workspace=rabbi_sheller_provider&view=content&section=prompts,Prompts,Provider Admin,Rabbi Sheller Provider Workspace,Content,Prompts,page,private,Provider admin,Admin/operator,Newsletter 1,true,true,true,true,true,,No major automated issue detected; manual designer review still required.
/operations?workspace=rabbi_sheller_provider&view=content&section=bundles,Bundles,Provider Admin,Rabbi Sheller Provider Workspace,Content,Bundles,page,private,Provider admin,Admin/operator,Newsletter 1,true,true,true,true,true,,No major automated issue detected; manual designer review still required.
/operations?workspace=rabbi_sheller_provider&view=calendar&section=overview,Overview,Provider Admin,Rabbi Sheller Provider Workspace,Calendar,Overview,dashboard,private,Provider admin,Admin/operator,New Event,true,true,true,true,true,,No major automated issue detected; manual designer review still required.
/operations?workspace=rabbi_sheller_provider&view=calendar&section=week,Week,Provider Admin,Rabbi Sheller Provider Workspace,Calendar,Week,page,private,Provider admin,Admin/operator,New Event,true,true,true,true,true,,No major automated issue detected; manual designer review still required.
/operations?workspace=rabbi_sheller_provider&view=calendar&section=month,Month,Provider Admin,Rabbi Sheller Provider Workspace,Calendar,Month,page,private,Provider admin,Admin/operator,New Event,true,true,true,true,true,,No major automated issue detected; manual designer review still required.
/operations?workspace=rabbi_sheller_provider&view=calendar&section=classes,Classes,Provider Admin,Rabbi Sheller Provider Workspace,Calendar,Classes,page,private,Provider admin,Admin/operator,New Event,true,true,true,true,true,,No major automated issue detected; manual designer review still required.
/operations?workspace=rabbi_sheller_provider&view=calendar&section=students,Students,Provider Admin,Rabbi Sheller Provider Workspace,Calendar,Students,page,private,Provider admin,Admin/operator,New Event,true,true,true,true,true,,No major automated issue detected; manual designer review still required.
/operations?workspace=rabbi_sheller_provider&view=calendar&section=provider,Provider,Provider Admin,Rabbi Sheller Provider Workspace,Calendar,Provider,page,private,Provider admin,Admin/operator,New Event,true,true,true,true,true,,No major automated issue detected; manual designer review still required.
/operations?workspace=rabbi_sheller_provider&view=calendar&section=google_sync,Google Sync,Provider Admin,Rabbi Sheller Provider Workspace,Calendar,Google Sync,page,private,Provider admin,Admin/operator,New Event,true,true,true,true,true,,No major automated issue detected; manual designer review still required.
/operations?workspace=rabbi_sheller_provider&view=calendar&section=settings,Settings,Provider Admin,Rabbi Sheller Provider Workspace,Calendar,Settings,settings,private,Provider admin,Admin/operator,New Event,true,true,true,true,true,,No major automated issue detected; manual designer review still required.
/operations?workspace=rabbi_sheller_provider&view=service_providers&section=overview,Overview,Provider Admin,Rabbi Sheller Provider Workspace,Service Providers,Overview,dashboard,private,Provider admin,Admin/operator,Add Provider,true,true,true,true,true,,Too many card-like panels.
/operations?workspace=rabbi_sheller_provider&view=service_providers&section=directory,Directory,Provider Admin,Rabbi Sheller Provider Workspace,Service Providers,Directory,page,private,Provider admin,Admin/operator,Add Provider,true,true,true,true,true,,Too many card-like panels.
/operations?workspace=rabbi_sheller_provider&view=service_providers&section=workspaces,Workspaces,Provider Admin,Rabbi Sheller Provider Workspace,Service Providers,Workspaces,page,private,Provider admin,Admin/operator,Add Provider,true,true,true,true,true,,Too many visible actions. Too many card-like panels. Too much not-configured/placeholder language.
/operations?workspace=rabbi_sheller_provider&view=service_providers&section=commercial,Commercial,Provider Admin,Rabbi Sheller Provider Workspace,Service Providers,Commercial,page,private,Provider admin,Admin/operator,Add Provider,true,true,true,true,true,,No major automated issue detected; manual designer review still required.
/operations?workspace=rabbi_sheller_provider&view=service_providers&section=plans,Plans,Provider Admin,Rabbi Sheller Provider Workspace,Service Providers,Plans,page,private,Provider admin,Admin/operator,Add Provider,true,true,true,true,true,,No major automated issue detected; manual designer review still required.
/operations?workspace=rabbi_sheller_provider&view=service_providers&section=onboarding,Onboarding,Provider Admin,Rabbi Sheller Provider Workspace,Service Providers,Onboarding,page,private,Provider admin,Admin/operator,Add Provider,true,true,true,true,true,,No major automated issue detected; manual designer review still required.
/operations?workspace=rabbi_sheller_provider&view=service_providers&section=access_checklist,Access Checklist,Provider Admin,Rabbi Sheller Provider Workspace,Service Providers,Access Checklist,page,private,Provider admin,Admin/operator,Add Provider,true,true,true,true,true,,No major automated issue detected; manual designer review still required.
/operations?workspace=rabbi_sheller_provider&view=service_providers&section=integration_audit,Integration Audit,Provider Admin,Rabbi Sheller Provider Workspace,Service Providers,Integration Audit,page,private,Provider admin,Admin/operator,Add Provider,true,true,true,true,true,,No major automated issue detected; manual designer review still required.
/operations?workspace=rabbi_sheller_provider&view=service_providers&section=communities,Communities,Provider Admin,Rabbi Sheller Provider Workspace,Service Providers,Communities,page,private,Provider admin,Admin/operator,Add Provider,true,true,true,true,true,,No major automated issue detected; manual designer review still required.
/operations?workspace=rabbi_sheller_provider&view=service_providers&section=content,Content,Provider Admin,Rabbi Sheller Provider Workspace,Service Providers,Content,page,private,Provider admin,Admin/operator,Add Provider,true,true,true,true,true,,No major automated issue detected; manual designer review still required.
/operations?workspace=rabbi_sheller_provider&view=service_providers&section=marketing,Marketing,Provider Admin,Rabbi Sheller Provider Workspace,Service Providers,Marketing,page,private,Provider admin,Admin/operator,Add Provider,true,true,true,true,true,,No major automated issue detected; manual designer review still required.
/operations?workspace=rabbi_sheller_provider&view=service_providers&section=leads,Leads,Provider Admin,Rabbi Sheller Provider Workspace,Service Providers,Leads,page,private,Provider admin,Admin/operator,Add Provider,true,true,true,true,true,,No major automated issue detected; manual designer review still required.
/operations?workspace=rabbi_sheller_provider&view=service_providers&section=communications,Communications,Provider Admin,Rabbi Sheller Provider Workspace,Service Providers,Communications,page,private,Provider admin,Admin/operator,Add Provider,true,true,true,true,true,,No major automated issue detected; manual designer review still required.
/operations?workspace=rabbi_sheller_provider&view=service_providers&section=settings,Settings,Provider Admin,Rabbi Sheller Provider Workspace,Service Providers,Settings,settings,private,Provider admin,Admin/operator,Add Provider,true,true,true,true,true,,No major automated issue detected; manual designer review still required.
/operations?workspace=rabbi_sheller_provider&view=communications&section=overview,Overview,Provider Admin,Rabbi Sheller Provider Workspace,Communications,Overview,dashboard,private,Provider admin,Admin/operator,New Message,true,true,true,true,true,,Too many card-like panels.
/operations?workspace=rabbi_sheller_provider&view=communications&section=parents,Parents,Provider Admin,Rabbi Sheller Provider Workspace,Communications,Parents,page,private,Provider admin,Admin/operator,New Message,true,true,true,true,true,,Too many card-like panels.
/operations?workspace=rabbi_sheller_provider&view=communications&section=students,Students,Provider Admin,Rabbi Sheller Provider Workspace,Communications,Students,page,private,Provider admin,Admin/operator,New Message,true,true,true,true,true,,No major automated issue detected; manual designer review still required.
/operations?workspace=rabbi_sheller_provider&view=communications&section=providers,Providers,Provider Admin,Rabbi Sheller Provider Workspace,Communications,Providers,page,private,Provider admin,Admin/operator,New Message,true,true,true,true,true,,No major automated issue detected; manual designer review still required.
/operations?workspace=rabbi_sheller_provider&view=communications&section=internal,Internal,Provider Admin,Rabbi Sheller Provider Workspace,Communications,Internal,page,private,Provider admin,Admin/operator,New Message,true,true,true,true,true,,No major automated issue detected; manual designer review still required.
/operations?workspace=rabbi_sheller_provider&view=communications&section=whatsapp,Whatsapp,Provider Admin,Rabbi Sheller Provider Workspace,Communications,Whatsapp,page,private,Provider admin,Admin/operator,New Message,true,true,true,true,true,,No major automated issue detected; manual designer review still required.
/operations?workspace=rabbi_sheller_provider&view=communications&section=email,Email,Provider Admin,Rabbi Sheller Provider Workspace,Communications,Email,page,private,Provider admin,Admin/operator,New Message,true,true,true,true,true,,Too many card-like panels.
/operations?workspace=rabbi_sheller_provider&view=communications&section=bots,Bots,Provider Admin,Rabbi Sheller Provider Workspace,Communications,Bots,page,private,Provider admin,Admin/operator,New Message,true,true,true,true,true,,No major automated issue detected; manual designer review still required.
/operations?workspace=rabbi_sheller_provider&view=communications&section=templates,Templates,Provider Admin,Rabbi Sheller Provider Workspace,Communications,Templates,page,private,Provider admin,Admin/operator,New Message,true,true,true,true,true,,No major automated issue detected; manual designer review still required.
/operations?workspace=rabbi_sheller_provider&view=communications&section=settings,Settings,Provider Admin,Rabbi Sheller Provider Workspace,Communications,Settings,settings,private,Provider admin,Admin/operator,New Message,true,true,true,true,true,,No major automated issue detected; manual designer review still required.
/operations?workspace=rabbi_sheller_provider&view=internal_dialogue&section=overview,Overview,Provider Admin,Rabbi Sheller Provider Workspace,Internal Dialogue,Overview,dashboard,private,Provider admin,Admin/operator,Uploads / Materials 0,true,true,true,true,true,,No major automated issue detected; manual designer review still required.
/operations?workspace=rabbi_sheller_provider&view=internal_dialogue&section=shloimie_rabbi,Shloimie Rabbi,Provider Admin,Rabbi Sheller Provider Workspace,Internal Dialogue,Shloimie Rabbi,page,private,Provider admin,Admin/operator,Uploads / Materials 0,true,true,true,true,true,,No major automated issue detected; manual designer review still required.
/operations?workspace=rabbi_sheller_provider&view=internal_dialogue&section=meeting_notes,Meeting Notes,Provider Admin,Rabbi Sheller Provider Workspace,Internal Dialogue,Meeting Notes,page,private,Provider admin,Admin/operator,Uploads / Materials 0,true,true,true,true,true,,No major automated issue detected; manual designer review still required.
/operations?workspace=rabbi_sheller_provider&view=internal_dialogue&section=uploads,Uploads,Provider Admin,Rabbi Sheller Provider Workspace,Internal Dialogue,Uploads,page,private,Provider admin,Admin/operator,Uploads / Materials 0,true,true,true,true,true,,No major automated issue detected; manual designer review still required.
/operations?workspace=rabbi_sheller_provider&view=internal_dialogue&section=decisions,Decisions,Provider Admin,Rabbi Sheller Provider Workspace,Internal Dialogue,Decisions,page,private,Provider admin,Admin/operator,Uploads / Materials 0,true,true,true,true,true,,No major automated issue detected; manual designer review still required.
/operations?workspace=rabbi_sheller_provider&view=internal_dialogue&section=support,Support,Provider Admin,Rabbi Sheller Provider Workspace,Internal Dialogue,Support,page,private,Provider admin,Admin/operator,Uploads / Materials 0,true,true,true,true,true,,No major automated issue detected; manual designer review still required.
/operations?workspace=rabbi_sheller_provider&view=internal_dialogue&section=activity,Activity,Provider Admin,Rabbi Sheller Provider Workspace,Internal Dialogue,Activity,page,private,Provider admin,Admin/operator,Uploads / Materials 0,true,true,true,true,true,,No major automated issue detected; manual designer review still required.
/operations?workspace=rabbi_sheller_provider&view=accounting&section=overview,Overview,Provider Admin,Rabbi Sheller Provider Workspace,Accounting,Overview,dashboard,private,Provider admin,Admin/operator,New Task,true,true,true,true,true,,No major automated issue detected; manual designer review still required.
/operations?workspace=rabbi_sheller_provider&view=accounting&section=payments,Payments,Provider Admin,Rabbi Sheller Provider Workspace,Accounting,Payments,page,private,Provider admin,Admin/operator,New Task,true,true,true,true,true,,No major automated issue detected; manual designer review still required.
/operations?workspace=rabbi_sheller_provider&view=accounting&section=open,Open,Provider Admin,Rabbi Sheller Provider Workspace,Accounting,Open,page,private,Provider admin,Admin/operator,New Task,true,true,true,true,true,,No major automated issue detected; manual designer review still required.
/operations?workspace=rabbi_sheller_provider&view=accounting&section=paid,Paid,Provider Admin,Rabbi Sheller Provider Workspace,Accounting,Paid,page,private,Provider admin,Admin/operator,New Task,true,true,true,true,true,,No major automated issue detected; manual designer review still required.
/operations?workspace=rabbi_sheller_provider&view=accounting&section=needs_signup,Needs Signup,Provider Admin,Rabbi Sheller Provider Workspace,Accounting,Needs Signup,page,private,Provider admin,Admin/operator,New Task,true,true,true,true,true,,No major automated issue detected; manual designer review still required.
/operations?workspace=rabbi_sheller_provider&view=accounting&section=exceptions,Exceptions,Provider Admin,Rabbi Sheller Provider Workspace,Accounting,Exceptions,page,private,Provider admin,Admin/operator,New Task,true,true,true,true,true,,No major automated issue detected; manual designer review still required.
/operations?workspace=rabbi_sheller_provider&view=api_usage&section=overview,Overview,Provider Admin,Rabbi Sheller Provider Workspace,Api Usage,Overview,dashboard,private,Provider admin,Admin/operator,New Task,true,true,true,true,true,,No major automated issue detected; manual designer review still required.
/operations?workspace=rabbi_sheller_provider&view=api_usage&section=workspace,Workspace,Provider Admin,Rabbi Sheller Provider Workspace,Api Usage,Workspace,page,private,Provider admin,Admin/operator,New Task,true,true,true,true,true,,No major automated issue detected; manual designer review still required.
/operations?workspace=rabbi_sheller_provider&view=api_usage&section=parent,Parent,Provider Admin,Rabbi Sheller Provider Workspace,Api Usage,Parent,page,private,Provider admin,Admin/operator,New Task,true,true,true,true,true,,No major automated issue detected; manual designer review still required.
/operations?workspace=rabbi_sheller_provider&view=api_usage&section=student,Student,Provider Admin,Rabbi Sheller Provider Workspace,Api Usage,Student,page,private,Provider admin,Admin/operator,New Task,true,true,true,true,true,,No major automated issue detected; manual designer review still required.
/operations?workspace=rabbi_sheller_provider&view=api_usage&section=provider,Provider,Provider Admin,Rabbi Sheller Provider Workspace,Api Usage,Provider,page,private,Provider admin,Admin/operator,New Task,true,true,true,true,true,,No major automated issue detected; manual designer review still required.
/operations?workspace=rabbi_sheller_provider&view=api_usage&section=bot,Bot,Provider Admin,Rabbi Sheller Provider Workspace,Api Usage,Bot,page,private,Provider admin,Admin/operator,New Task,true,true,true,true,true,,No major automated issue detected; manual designer review still required.
/operations?workspace=rabbi_sheller_provider&view=api_usage&section=errors,Errors,Provider Admin,Rabbi Sheller Provider Workspace,Api Usage,Errors,page,private,Provider admin,Admin/operator,New Task,true,true,true,true,true,,No major automated issue detected; manual designer review still required.
/operations?workspace=rabbi_sheller_provider&view=api_usage&section=budgets,Budgets,Provider Admin,Rabbi Sheller Provider Workspace,Api Usage,Budgets,page,private,Provider admin,Admin/operator,New Task,true,true,true,true,true,,No major automated issue detected; manual designer review still required.
/operations?workspace=rabbi_sheller_provider&view=api_usage&section=settings,Settings,Provider Admin,Rabbi Sheller Provider Workspace,Api Usage,Settings,settings,private,Provider admin,Admin/operator,New Task,true,true,true,true,true,,No major automated issue detected; manual designer review still required.
/operations?workspace=rabbi_sheller_provider&view=admin&section=overview,Overview,Provider Admin,Rabbi Sheller Provider Workspace,Admin,Overview,dashboard,private,Provider admin,Admin/operator,New Task,true,true,true,true,true,,No major automated issue detected; manual designer review still required.
/operations?workspace=rabbi_sheller_provider&view=admin&section=users,Users,Provider Admin,Rabbi Sheller Provider Workspace,Admin,Users,page,private,Provider admin,Admin/operator,New Task,true,true,true,true,true,,No major automated issue detected; manual designer review still required.
/operations?workspace=rabbi_sheller_provider&view=admin&section=roles,Roles,Provider Admin,Rabbi Sheller Provider Workspace,Admin,Roles,page,private,Provider admin,Admin/operator,New Task,true,true,true,true,true,,No major automated issue detected; manual designer review still required.
/operations?workspace=rabbi_sheller_provider&view=admin&section=workspaces,Workspaces,Provider Admin,Rabbi Sheller Provider Workspace,Admin,Workspaces,page,private,Provider admin,Admin/operator,New Task,true,true,true,true,true,,No major automated issue detected; manual designer review still required.
/operations?workspace=rabbi_sheller_provider&view=admin&section=invitations,Invitations,Provider Admin,Rabbi Sheller Provider Workspace,Admin,Invitations,page,private,Provider admin,Admin/operator,New Task,true,true,true,true,true,,No major automated issue detected; manual designer review still required.
/operations?workspace=rabbi_sheller_provider&view=admin&section=tickets,Tickets,Provider Admin,Rabbi Sheller Provider Workspace,Admin,Tickets,page,private,Provider admin,Admin/operator,New Task,true,true,true,true,true,,No major automated issue detected; manual designer review still required.
/operations?workspace=rabbi_sheller_provider&view=admin&section=messages,Messages,Provider Admin,Rabbi Sheller Provider Workspace,Admin,Messages,page,private,Provider admin,Admin/operator,New Task,true,true,true,true,true,,No major automated issue detected; manual designer review still required.
/operations?workspace=rabbi_sheller_provider&view=admin&section=settings,Settings,Provider Admin,Rabbi Sheller Provider Workspace,Admin,Settings,settings,private,Provider admin,Admin/operator,New Task,true,true,true,true,true,,No major automated issue detected; manual designer review still required.
/operations?workspace=rabbi_sheller_provider&view=settings&section=profile,Profile,Provider Admin,Rabbi Sheller Provider Workspace,Settings,Profile,settings,private,Provider admin,Admin/operator,Save Settings,true,true,true,true,true,,No major automated issue detected; manual designer review still required.
/operations?workspace=rabbi_sheller_provider&view=settings&section=workspace,Workspace,Provider Admin,Rabbi Sheller Provider Workspace,Settings,Workspace,settings,private,Provider admin,Admin/operator,Save Settings,true,true,true,true,true,,No major automated issue detected; manual designer review still required.
/operations?workspace=rabbi_sheller_provider&view=settings&section=branding,Branding,Provider Admin,Rabbi Sheller Provider Workspace,Settings,Branding,settings,private,Provider admin,Admin/operator,Save Settings,true,true,true,true,true,,No major automated issue detected; manual designer review still required.
/operations?workspace=rabbi_sheller_provider&view=settings&section=language,Language,Provider Admin,Rabbi Sheller Provider Workspace,Settings,Language,settings,private,Provider admin,Admin/operator,Save Settings,true,true,true,true,true,,No major automated issue detected; manual designer review still required.
/operations?workspace=rabbi_sheller_provider&view=settings&section=users_roles,Users Roles,Provider Admin,Rabbi Sheller Provider Workspace,Settings,Users Roles,settings,private,Provider admin,Admin/operator,Save Settings,true,true,true,true,true,,No major automated issue detected; manual designer review still required.
/operations?workspace=rabbi_sheller_provider&view=settings&section=email_identities,Email Identities,Provider Admin,Rabbi Sheller Provider Workspace,Settings,Email Identities,settings,private,Provider admin,Admin/operator,Save Settings,true,true,true,true,true,,No major automated issue detected; manual designer review still required.
/operations?workspace=rabbi_sheller_provider&view=settings&section=whatsapp,Whatsapp,Provider Admin,Rabbi Sheller Provider Workspace,Settings,Whatsapp,settings,private,Provider admin,Admin/operator,Save Settings,true,true,true,true,true,,No major automated issue detected; manual designer review still required.
/operations?workspace=rabbi_sheller_provider&view=settings&section=social_accounts,Social Accounts,Provider Admin,Rabbi Sheller Provider Workspace,Settings,Social Accounts,settings,private,Provider admin,Admin/operator,Save Settings,true,true,true,true,true,,No major automated issue detected; manual designer review still required.
/operations?workspace=rabbi_sheller_provider&view=settings&section=calendar,Calendar,Provider Admin,Rabbi Sheller Provider Workspace,Settings,Calendar,settings,private,Provider admin,Admin/operator,Save Settings,true,true,true,true,true,,No major automated issue detected; manual designer review still required.
/operations?workspace=rabbi_sheller_provider&view=settings&section=google_classroom,Google Classroom,Provider Admin,Rabbi Sheller Provider Workspace,Settings,Google Classroom,settings,private,Provider admin,Admin/operator,Save Settings,true,true,true,true,true,,No major automated issue detected; manual designer review still required.
/operations?workspace=rabbi_sheller_provider&view=settings&section=parent_portal,Parent Portal,Provider Admin,Rabbi Sheller Provider Workspace,Settings,Parent Portal,settings,private,Provider admin,Admin/operator,Save Settings,true,true,true,true,true,,No major automated issue detected; manual designer review still required.
/operations?workspace=rabbi_sheller_provider&view=settings&section=student_portal,Student Portal,Provider Admin,Rabbi Sheller Provider Workspace,Settings,Student Portal,settings,private,Provider admin,Admin/operator,Save Settings,true,true,true,true,true,,No major automated issue detected; manual designer review still required.
/operations?workspace=rabbi_sheller_provider&view=settings&section=provider_portal,Provider Portal,Provider Admin,Rabbi Sheller Provider Workspace,Settings,Provider Portal,settings,private,Provider admin,Admin/operator,Save Settings,true,true,true,true,true,,No major automated issue detected; manual designer review still required.
/operations?workspace=rabbi_sheller_provider&view=settings&section=provider_index,Provider Index,Provider Admin,Rabbi Sheller Provider Workspace,Settings,Provider Index,settings,private,Provider admin,Admin/operator,Save Settings,true,true,true,true,true,,No major automated issue detected; manual designer review still required.
/operations?workspace=rabbi_sheller_provider&view=settings&section=provider_plans,Provider Plans,Provider Admin,Rabbi Sheller Provider Workspace,Settings,Provider Plans,settings,private,Provider admin,Admin/operator,Save Settings,true,true,true,true,true,,No major automated issue detected; manual designer review still required.
/operations?workspace=rabbi_sheller_provider&view=settings&section=provider_entitlements,Provider Entitlements,Provider Admin,Rabbi Sheller Provider Workspace,Settings,Provider Entitlements,settings,private,Provider admin,Admin/operator,Save Settings,true,true,true,true,true,,No major automated issue detected; manual designer review still required.
/operations?workspace=rabbi_sheller_provider&view=settings&section=provider_onboarding,Provider Onboarding,Provider Admin,Rabbi Sheller Provider Workspace,Settings,Provider Onboarding,settings,private,Provider admin,Admin/operator,Save Settings,true,true,true,true,true,,No major automated issue detected; manual designer review still required.
/operations?workspace=rabbi_sheller_provider&view=settings&section=commercial_models,Commercial Models,Provider Admin,Rabbi Sheller Provider Workspace,Settings,Commercial Models,settings,private,Provider admin,Admin/operator,Save Settings,true,true,true,true,true,,No major automated issue detected; manual designer review still required.
/operations?workspace=rabbi_sheller_provider&view=settings&section=bot_permissions,Bot Permissions,Provider Admin,Rabbi Sheller Provider Workspace,Settings,Bot Permissions,settings,private,Provider admin,Admin/operator,Save Settings,true,true,true,true,true,,No major automated issue detected; manual designer review still required.
/operations?workspace=rabbi_sheller_provider&view=settings&section=api_limits,Api Limits,Provider Admin,Rabbi Sheller Provider Workspace,Settings,Api Limits,settings,private,Provider admin,Admin/operator,Save Settings,true,true,true,true,true,,No major automated issue detected; manual designer review still required.
/operations?workspace=rabbi_sheller_provider&view=settings&section=communications,Communications,Provider Admin,Rabbi Sheller Provider Workspace,Settings,Communications,settings,private,Provider admin,Admin/operator,Save Settings,true,true,true,true,true,,No major automated issue detected; manual designer review still required.
/operations?workspace=rabbi_sheller_provider&view=settings&section=integrations,Integrations,Provider Admin,Rabbi Sheller Provider Workspace,Settings,Integrations,settings,private,Provider admin,Admin/operator,Save Settings,true,true,true,true,true,,No major automated issue detected; manual designer review still required.
/operations?workspace=rabbi_sheller_provider&view=settings&section=payment_links,Payment Links,Provider Admin,Rabbi Sheller Provider Workspace,Settings,Payment Links,settings,private,Provider admin,Admin/operator,Save Settings,true,true,true,true,true,,No major automated issue detected; manual designer review still required.
/operations?workspace=rabbi_sheller_provider&view=settings&section=external_apps,External Apps,Provider Admin,Rabbi Sheller Provider Workspace,Settings,External Apps,settings,private,Provider admin,Admin/operator,Save Settings,true,true,true,true,true,,No major automated issue detected; manual designer review still required.
/operations?workspace=rabbi_sheller_provider&view=settings&section=billing,Billing,Provider Admin,Rabbi Sheller Provider Workspace,Settings,Billing,settings,private,Provider admin,Admin/operator,Save Settings,true,true,true,true,true,,No major automated issue detected; manual designer review still required.
/operations?workspace=rabbi_sheller_provider&view=settings&section=automations,Automations,Provider Admin,Rabbi Sheller Provider Workspace,Settings,Automations,settings,private,Provider admin,Admin/operator,Save Settings,true,true,true,true,true,,No major automated issue detected; manual designer review still required.
/operations?workspace=rabbi_sheller_provider&view=settings&section=danger,Danger,Provider Admin,Rabbi Sheller Provider Workspace,Settings,Danger,settings,private,Provider admin,Admin/operator,Save Settings,true,true,true,true,true,,No major automated issue detected; manual designer review still required.
/,Public Site Home,Public,Public Website,Website,,page,public,Public visitor,Public Website,,false,false,false,false,false,true,Too many card-like panels. Small mobile tap targets detected.
/he,Hebrew State,Public,Public Website,Website,,page,public,Public visitor,Public Website,,false,false,false,false,false,true,Too many card-like panels. Small mobile tap targets detected.
/blog,Blog,Public,Public Website,Website,,page,public,Public visitor,Public Website,,false,false,false,false,true,true,Too many card-like panels. Small mobile tap targets detected.
/he/blog,Hebrew State,Public,Public Website,Website,,page,public,Public visitor,Public Website,,false,false,false,false,false,true,Small mobile tap targets detected.
/faq,FAQ,Public,Public Website,Website,,page,public,Public visitor,Public Website,,false,false,false,false,false,true,No major automated issue detected; manual designer review still required.
/he/faq,Hebrew State,Public,Public Website,Website,,page,public,Public visitor,Public Website,,false,false,false,false,false,true,No major automated issue detected; manual designer review still required.
/signup.html,Signup English,Public,Public Website,Website,,page,public,Public visitor,Public Website,Open and Sign,false,false,false,false,false,true,No major automated issue detected; manual designer review still required.
/signup-he.html,Hebrew State,Public,Public Website,Website,,page,public,Public visitor,Public Website,,false,false,false,false,false,true,No major automated issue detected; manual designer review still required.
/signup-thank-you.html,Signup Thank You,Public,Public Website,Website,,page,public,Public visitor,Public Website,,false,false,false,false,false,true,No major automated issue detected; manual designer review still required.
/documents/parent-handbook.html,Parent Handbook,Public,Public Website,Website,,page,public,Public visitor,Parent,,false,false,true,true,false,true,Small mobile tap targets detected.
/operations-login.html,Operations Login,Public,Operations Login,Auth,,login,public,Public visitor,Admin/operator,Sign In,true,true,true,false,false,true,No major automated issue detected; manual designer review still required.
/parent,Parent Portal Login,Parent,BNA School Workspace,Portal,,login,private,BNA parent,Parent,Sign in,false,true,true,true,false,true,Parent/student assistant placement must be explicitly reviewed.
/student,Student Workspace Login,Student,BNA School Workspace,Portal,,login,private,BNA student,Student,Open My Board,false,true,true,true,false,true,Small mobile tap targets detected. Parent/student assistant placement must be explicitly reviewed.
/provider,Provider Portal Login,Provider Admin,Rabbi Sheller Provider Workspace,Portal,,login,private,Provider admin,Provider/public provider visitor,Sign In,false,true,true,true,false,true,No major automated issue detected; manual designer review still required.
/providers/join, Onboarding,Provider Admin,Rabbi Sheller Provider Workspace,Provider Onboarding,,page,private,Provider admin,Provider/public provider visitor,Submit For Review,false,false,true,true,false,true,No major automated issue detected; manual designer review still required.
/operations?workspace=platform&view=dashboard&section=overview,Overview,Super Admin,Platform,Dashboard,Overview,dashboard,private,Shloimie / platform operator,Admin/operator,Open navigation,true,true,true,true,true,true,Small mobile tap targets detected.
/operations?workspace=platform&view=dashboard&section=activity,Activity,Super Admin,Platform,Dashboard,Activity,page,private,Shloimie / platform operator,Admin/operator,Open navigation,true,true,true,true,false,true,No major automated issue detected; manual designer review still required.
/operations?workspace=platform&view=dashboard&section=alerts,Alerts,Super Admin,Platform,Dashboard,Alerts,page,private,Shloimie / platform operator,Admin/operator,Open navigation,true,true,true,true,true,true,No major automated issue detected; manual designer review still required.
/operations?workspace=platform&view=dashboard&section=today,Today,Super Admin,Platform,Dashboard,Today,page,private,Shloimie / platform operator,Admin/operator,Open navigation,true,true,true,true,false,true,No major automated issue detected; manual designer review still required.
/operations?workspace=platform&view=dashboard&section=updates,Updates,Super Admin,Platform,Dashboard,Updates,page,private,Shloimie / platform operator,Admin/operator,Open navigation,true,true,true,true,false,true,No major automated issue detected; manual designer review still required.
/operations?workspace=platform&view=pipelines&section=overview,Overview,Super Admin,Platform,Pipelines,Overview,dashboard,private,Shloimie / platform operator,Admin/operator,Open navigation,true,true,true,true,true,true,No major automated issue detected; manual designer review still required.
/operations?workspace=platform&view=pipelines&section=bna_enrollment,Bna Enrollment,Super Admin,Platform,Pipelines,Bna Enrollment,page,private,Shloimie / platform operator,Admin/operator,Open navigation,true,true,true,true,true,true,No major automated issue detected; manual designer review still required.
/operations?workspace=platform&view=pipelines&section=provider_class,Provider Class,Super Admin,Platform,Pipelines,Provider Class,page,private,Shloimie / platform operator,Admin/operator,Open navigation,true,true,true,true,true,true,Small mobile tap targets detected.
/operations?workspace=platform&view=pipelines&section=provider_onboarding,Provider Onboarding,Super Admin,Platform,Pipelines,Provider Onboarding,page,private,Shloimie / platform operator,Admin/operator,Open navigation,true,true,true,true,true,true,Small mobile tap targets detected.
/operations?workspace=platform&view=pipelines&section=participants,Participants,Super Admin,Platform,Pipelines,Participants,page,private,Shloimie / platform operator,Admin/operator,Open navigation,true,true,true,true,true,true,Too many card-like panels. Small mobile tap targets detected.
/operations?workspace=platform&view=pipelines&section=stale_tasks,Stale Tasks,Super Admin,Platform,Pipelines,Stale Tasks,page,private,Shloimie / platform operator,Admin/operator,Open navigation,true,true,true,true,true,true,No major automated issue detected; manual designer review still required.
/operations?workspace=platform&view=pipelines&section=decisions,Decisions,Super Admin,Platform,Pipelines,Decisions,page,private,Shloimie / platform operator,Admin/operator,Open navigation,true,true,true,true,true,true,No major automated issue detected; manual designer review still required.
/operations?workspace=platform&view=tasks&section=overview,Overview,Super Admin,Platform,Tasks,Overview,dashboard,private,Shloimie / platform operator,Admin/operator,Open navigation,true,true,true,true,false,true,No major automated issue detected; manual designer review still required.
/operations?workspace=platform&view=tasks&section=decisions,Decisions,Super Admin,Platform,Tasks,Decisions,page,private,Shloimie / platform operator,Admin/operator,Open navigation,true,true,true,true,false,true,No major automated issue detected; manual designer review still required.
/operations?workspace=platform&view=tasks&section=mine,Mine,Super Admin,Platform,Tasks,Mine,page,private,Shloimie / platform operator,Admin/operator,Open navigation,true,true,true,true,false,true,No major automated issue detected; manual designer review still required.
/operations?workspace=platform&view=tasks&section=schedule,Schedule,Super Admin,Platform,Tasks,Schedule,page,private,Shloimie / platform operator,Admin/operator,Open navigation,true,true,true,true,false,true,No major automated issue detected; manual designer review still required.
/operations?workspace=platform&view=tasks&section=research,Research,Super Admin,Platform,Tasks,Research,page,private,Shloimie / platform operator,Admin/operator,Open navigation,true,true,true,true,false,true,No major automated issue detected; manual designer review still required.
/operations?workspace=platform&view=tasks&section=changelog,Changelog,Super Admin,Platform,Tasks,Changelog,page,private,Shloimie / platform operator,Admin/operator,Open navigation,true,true,true,true,false,true,No major automated issue detected; manual designer review still required.
/operations?workspace=platform&view=tasks&section=done,Done,Super Admin,Platform,Tasks,Done,page,private,Shloimie / platform operator,Admin/operator,Open navigation,true,true,true,true,false,true,No major automated issue detected; manual designer review still required.
/operations?workspace=platform&view=students&section=overview,Overview,Super Admin,Platform,Students,Overview,dashboard,private,Shloimie / platform operator,Admin/operator,Open navigation,true,true,true,true,true,true,Small mobile tap targets detected.
/operations?workspace=platform&view=students&section=list,List,Super Admin,Platform,Students,List,page,private,Shloimie / platform operator,Admin/operator,Open navigation,true,true,true,true,true,true,Small mobile tap targets detected.
/operations?workspace=platform&view=students&section=group_goal,Group Goal,Super Admin,Platform,Students,Group Goal,page,private,Shloimie / platform operator,Admin/operator,Open navigation,true,true,true,true,true,true,Small mobile tap targets detected.
/operations?workspace=platform&view=students&section=goal_board,Goal Board,Super Admin,Platform,Students,Goal Board,page,private,Shloimie / platform operator,Admin/operator,Open navigation,true,true,true,true,true,true,Small mobile tap targets detected.
/operations?workspace=platform&view=students&section=assignments,Assignments,Super Admin,Platform,Students,Assignments,page,private,Shloimie / platform operator,Admin/operator,Open navigation,true,true,true,true,true,true,Small mobile tap targets detected.
/operations?workspace=platform&view=students&section=questions,Questions,Super Admin,Platform,Students,Questions,page,private,Shloimie / platform operator,Admin/operator,Open navigation,true,true,true,true,true,true,Small mobile tap targets detected.
/operations?workspace=platform&view=students&section=documents,Documents,Super Admin,Platform,Students,Documents,page,private,Shloimie / platform operator,Admin/operator,Open navigation,true,true,true,true,true,true,Small mobile tap targets detected.
/operations?workspace=platform&view=students&section=portal_links,Portal Links,Super Admin,Platform,Students,Portal Links,page,private,Shloimie / platform operator,Admin/operator,Open navigation,true,true,true,true,true,true,Small mobile tap targets detected.
/operations?workspace=platform&view=students&section=tablet_access,Tablet Access,Super Admin,Platform,Students,Tablet Access,page,private,Shloimie / platform operator,Admin/operator,Open navigation,true,true,true,true,true,true,Small mobile tap targets detected.
/operations?workspace=platform&view=students&section=profile,Profile,Super Admin,Platform,Students,Profile,detail,private,Shloimie / platform operator,Admin/operator,Open navigation,true,true,true,true,true,true,Small mobile tap targets detected.
/operations?workspace=platform&view=students&section=parent_family,Parent Family,Super Admin,Platform,Students,Parent Family,page,private,Shloimie / platform operator,Admin/operator,Open navigation,true,true,true,true,true,true,Small mobile tap targets detected.
/operations?workspace=platform&view=students&section=analysis,Analysis,Super Admin,Platform,Students,Analysis,page,private,Shloimie / platform operator,Admin/operator,Open navigation,true,true,true,true,true,true,Small mobile tap targets detected.
/operations?workspace=platform&view=students&section=meetings,Meetings,Super Admin,Platform,Students,Meetings,page,private,Shloimie / platform operator,Admin/operator,Open navigation,true,true,true,true,true,true,Small mobile tap targets detected.
/operations?workspace=platform&view=students&section=bot_settings,Bot Settings,Super Admin,Platform,Students,Bot Settings,settings,private,Shloimie / platform operator,Admin/operator,Open navigation,true,true,true,true,true,true,Small mobile tap targets detected.
/operations?workspace=platform&view=students&section=activity,Activity,Super Admin,Platform,Students,Activity,page,private,Shloimie / platform operator,Admin/operator,Open navigation,true,true,true,true,false,true,No major automated issue detected; manual designer review still required.
/operations?workspace=platform&view=students&section=next_year_login,Next Year Login,Super Admin,Platform,Students,Next Year Login,login,private,Shloimie / platform operator,Admin/operator,Open navigation,true,true,true,true,true,true,Small mobile tap targets detected.
/operations?workspace=platform&view=contacts&section=overview,Overview,Super Admin,Platform,Contacts,Overview,dashboard,private,Shloimie / platform operator,Admin/operator,Open navigation,true,true,true,true,true,true,Small mobile tap targets detected.
/operations?workspace=platform&view=contacts&section=interested_parents,Interested Parents,Super Admin,Platform,Contacts,Interested Parents,page,private,Shloimie / platform operator,Admin/operator,Open navigation,true,true,true,true,true,true,Small mobile tap targets detected.
/operations?workspace=platform&view=contacts&section=parents,Parents,Super Admin,Platform,Contacts,Parents,page,private,Shloimie / platform operator,Admin/operator,Open navigation,true,true,true,true,true,true,Small mobile tap targets detected.
/operations?workspace=platform&view=contacts&section=people,People,Super Admin,Platform,Contacts,People,page,private,Shloimie / platform operator,Admin/operator,Open navigation,true,true,true,true,true,true,Small mobile tap targets detected.
/operations?workspace=platform&view=contacts&section=contacts,Contacts,Super Admin,Platform,Contacts,Contacts,page,private,Shloimie / platform operator,Admin/operator,Open navigation,true,true,true,true,true,true,Small mobile tap targets detected.
/operations?workspace=platform&view=contacts&section=notes,Notes,Super Admin,Platform,Contacts,Notes,page,private,Shloimie / platform operator,Admin/operator,Open navigation,true,true,true,true,true,true,Small mobile tap targets detected.
/operations?workspace=platform&view=contacts&section=students,Students,Super Admin,Platform,Contacts,Students,page,private,Shloimie / platform operator,Admin/operator,Open navigation,true,true,true,true,true,true,Small mobile tap targets detected.
/operations?workspace=platform&view=contacts&section=intake,Intake,Super Admin,Platform,Contacts,Intake,page,private,Shloimie / platform operator,Admin/operator,Open navigation,true,true,true,true,true,true,Small mobile tap targets detected.
/operations?workspace=platform&view=contacts&section=follow_up,Follow Up,Super Admin,Platform,Contacts,Follow Up,page,private,Shloimie / platform operator,Admin/operator,Open navigation,true,true,true,true,true,true,Small mobile tap targets detected.
/operations?workspace=platform&view=contacts&section=tags,Tags,Super Admin,Platform,Contacts,Tags,page,private,Shloimie / platform operator,Admin/operator,Open navigation,true,true,true,true,true,true,Small mobile tap targets detected.
/operations?workspace=platform&view=content&section=library,Library,Super Admin,Platform,Content,Library,page,private,Shloimie / platform operator,Admin/operator,Open navigation,true,true,true,true,true,true,Small mobile tap targets detected.
/operations?workspace=platform&view=content&section=meetings,Meetings,Super Admin,Platform,Content,Meetings,page,private,Shloimie / platform operator,Admin/operator,Open navigation,true,true,true,true,true,true,Small mobile tap targets detected.
/operations?workspace=platform&view=content&section=research,Research,Super Admin,Platform,Content,Research,page,private,Shloimie / platform operator,Admin/operator,Open navigation,true,true,true,true,true,true,Small mobile tap targets detected.
/operations?workspace=platform&view=content&section=selected,Selected,Super Admin,Platform,Content,Selected,page,private,Shloimie / platform operator,Admin/operator,Open navigation,true,true,true,true,true,true,Small mobile tap targets detected.
/operations?workspace=platform&view=content&section=repurpose,Repurpose,Super Admin,Platform,Content,Repurpose,page,private,Shloimie / platform operator,Admin/operator,Open navigation,true,true,true,true,true,true,Small mobile tap targets detected.
/operations?workspace=platform&view=content&section=newsletter,Newsletter,Super Admin,Platform,Content,Newsletter,page,private,Shloimie / platform operator,Admin/operator,Open navigation,true,true,true,true,true,true,Small mobile tap targets detected.
/operations?workspace=platform&view=content&section=prompts,Prompts,Super Admin,Platform,Content,Prompts,page,private,Shloimie / platform operator,Admin/operator,Open navigation,true,true,true,true,true,true,Small mobile tap targets detected.
/operations?workspace=platform&view=content&section=bundles,Bundles,Super Admin,Platform,Content,Bundles,page,private,Shloimie / platform operator,Admin/operator,Open navigation,true,true,true,true,true,true,Small mobile tap targets detected.
/operations?workspace=platform&view=calendar&section=overview,Overview,Super Admin,Platform,Calendar,Overview,dashboard,private,Shloimie / platform operator,Admin/operator,Open navigation,true,true,true,true,false,true,No major automated issue detected; manual designer review still required.
/operations?workspace=platform&view=calendar&section=week,Week,Super Admin,Platform,Calendar,Week,page,private,Shloimie / platform operator,Admin/operator,Open navigation,true,true,true,true,false,true,No major automated issue detected; manual designer review still required.
/operations?workspace=platform&view=calendar&section=month,Month,Super Admin,Platform,Calendar,Month,page,private,Shloimie / platform operator,Admin/operator,Open navigation,true,true,true,true,false,true,No major automated issue detected; manual designer review still required.
/operations?workspace=platform&view=calendar&section=classes,Classes,Super Admin,Platform,Calendar,Classes,page,private,Shloimie / platform operator,Admin/operator,Open navigation,true,true,true,true,false,true,No major automated issue detected; manual designer review still required.
/operations?workspace=platform&view=calendar&section=students,Students,Super Admin,Platform,Calendar,Students,page,private,Shloimie / platform operator,Admin/operator,Open navigation,true,true,true,true,false,true,No major automated issue detected; manual designer review still required.
/operations?workspace=platform&view=calendar&section=provider,Provider,Super Admin,Platform,Calendar,Provider,page,private,Shloimie / platform operator,Admin/operator,Open navigation,true,true,true,true,false,true,No major automated issue detected; manual designer review still required.
/operations?workspace=platform&view=calendar&section=google_sync,Google Sync,Super Admin,Platform,Calendar,Google Sync,page,private,Shloimie / platform operator,Admin/operator,Open navigation,true,true,true,true,false,true,No major automated issue detected; manual designer review still required.
/operations?workspace=platform&view=calendar&section=settings,Settings,Super Admin,Platform,Calendar,Settings,settings,private,Shloimie / platform operator,Admin/operator,Open navigation,true,true,true,true,true,true,No major automated issue detected; manual designer review still required.
/operations?workspace=platform&view=service_providers&section=overview,Overview,Super Admin,Platform,Service Providers,Overview,dashboard,private,Shloimie / platform operator,Admin/operator,Open navigation,true,true,true,true,false,true,No major automated issue detected; manual designer review still required.
/operations?workspace=platform&view=service_providers&section=directory,Directory,Super Admin,Platform,Service Providers,Directory,page,private,Shloimie / platform operator,Admin/operator,Open navigation,true,true,true,true,false,true,Small mobile tap targets detected.
/operations?workspace=platform&view=service_providers&section=workspaces,Workspaces,Super Admin,Platform,Service Providers,Workspaces,page,private,Shloimie / platform operator,Admin/operator,Open navigation,true,true,true,true,false,true,Small mobile tap targets detected.
/operations?workspace=platform&view=service_providers&section=commercial,Commercial,Super Admin,Platform,Service Providers,Commercial,page,private,Shloimie / platform operator,Admin/operator,Open navigation,true,true,true,true,false,true,Small mobile tap targets detected.
/operations?workspace=platform&view=service_providers&section=plans,Plans,Super Admin,Platform,Service Providers,Plans,page,private,Shloimie / platform operator,Admin/operator,Open navigation,true,true,true,true,false,true,Small mobile tap targets detected.
/operations?workspace=platform&view=service_providers&section=onboarding,Onboarding,Super Admin,Platform,Service Providers,Onboarding,page,private,Shloimie / platform operator,Admin/operator,Open navigation,true,true,true,true,false,true,Small mobile tap targets detected.
/operations?workspace=platform&view=service_providers&section=access_checklist,Access Checklist,Super Admin,Platform,Service Providers,Access Checklist,page,private,Shloimie / platform operator,Admin/operator,Open navigation,true,true,true,true,false,true,Small mobile tap targets detected.
/operations?workspace=platform&view=service_providers&section=integration_audit,Integration Audit,Super Admin,Platform,Service Providers,Integration Audit,page,private,Shloimie / platform operator,Admin/operator,Open navigation,true,true,true,true,false,true,Small mobile tap targets detected.
/operations?workspace=platform&view=service_providers&section=communities,Communities,Super Admin,Platform,Service Providers,Communities,page,private,Shloimie / platform operator,Admin/operator,Open navigation,true,true,true,true,false,true,Small mobile tap targets detected.
/operations?workspace=platform&view=service_providers&section=content,Content,Super Admin,Platform,Service Providers,Content,page,private,Shloimie / platform operator,Admin/operator,Open navigation,true,true,true,true,false,true,Small mobile tap targets detected.
/operations?workspace=platform&view=service_providers&section=marketing,Marketing,Super Admin,Platform,Service Providers,Marketing,page,private,Shloimie / platform operator,Admin/operator,Open navigation,true,true,true,true,false,true,Small mobile tap targets detected.
/operations?workspace=platform&view=service_providers&section=leads,Leads,Super Admin,Platform,Service Providers,Leads,page,private,Shloimie / platform operator,Admin/operator,Open navigation,true,true,true,true,false,true,Small mobile tap targets detected.
/operations?workspace=platform&view=service_providers&section=communications,Communications,Super Admin,Platform,Service Providers,Communications,page,private,Shloimie / platform operator,Admin/operator,Open navigation,true,true,true,true,false,true,Small mobile tap targets detected.
/operations?workspace=platform&view=service_providers&section=settings,Settings,Super Admin,Platform,Service Providers,Settings,settings,private,Shloimie / platform operator,Admin/operator,Open navigation,true,true,true,true,true,true,No major automated issue detected; manual designer review still required.
/operations?workspace=platform&view=communications&section=overview,Overview,Super Admin,Platform,Communications,Overview,dashboard,private,Shloimie / platform operator,Admin/operator,Open navigation,true,true,true,true,true,true,Too many card-like panels.
/operations?workspace=platform&view=communications&section=parents,Parents,Super Admin,Platform,Communications,Parents,page,private,Shloimie / platform operator,Admin/operator,Open navigation,true,true,true,true,false,true,Too many card-like panels. Small mobile tap targets detected.
/operations?workspace=platform&view=communications&section=students,Students,Super Admin,Platform,Communications,Students,page,private,Shloimie / platform operator,Admin/operator,Open navigation,true,true,true,true,false,true,Small mobile tap targets detected.
/operations?workspace=platform&view=communications&section=providers,Providers,Super Admin,Platform,Communications,Providers,page,private,Shloimie / platform operator,Admin/operator,Open navigation,true,true,true,true,false,true,Small mobile tap targets detected.
/operations?workspace=platform&view=communications&section=internal,Internal,Super Admin,Platform,Communications,Internal,page,private,Shloimie / platform operator,Admin/operator,Open navigation,true,true,true,true,false,true,Small mobile tap targets detected.
/operations?workspace=platform&view=communications&section=whatsapp,Whatsapp,Super Admin,Platform,Communications,Whatsapp,page,private,Shloimie / platform operator,Admin/operator,Open navigation,true,true,true,true,false,true,Small mobile tap targets detected.
/operations?workspace=platform&view=communications&section=email,Email,Super Admin,Platform,Communications,Email,page,private,Shloimie / platform operator,Admin/operator,Open navigation,true,true,true,true,false,true,Too many card-like panels.
/operations?workspace=platform&view=communications&section=bots,Bots,Super Admin,Platform,Communications,Bots,page,private,Shloimie / platform operator,Admin/operator,Open navigation,true,true,true,true,true,true,Small mobile tap targets detected.
/operations?workspace=platform&view=communications&section=templates,Templates,Super Admin,Platform,Communications,Templates,page,private,Shloimie / platform operator,Admin/operator,Open navigation,true,true,true,true,false,true,Small mobile tap targets detected.
/operations?workspace=platform&view=communications&section=settings,Settings,Super Admin,Platform,Communications,Settings,settings,private,Shloimie / platform operator,Admin/operator,Open navigation,true,true,true,true,true,true,Small mobile tap targets detected.
/operations?workspace=platform&view=internal_dialogue&section=overview,Overview,Super Admin,Platform,Internal Dialogue,Overview,dashboard,private,Shloimie / platform operator,Admin/operator,Open navigation,true,true,true,true,true,true,No major automated issue detected; manual designer review still required.
/operations?workspace=platform&view=internal_dialogue&section=shloimie_rabbi,Shloimie Rabbi,Super Admin,Platform,Internal Dialogue,Shloimie Rabbi,page,private,Shloimie / platform operator,Admin/operator,Open navigation,true,true,true,true,false,true,Small mobile tap targets detected.
/operations?workspace=platform&view=internal_dialogue&section=meeting_notes,Meeting Notes,Super Admin,Platform,Internal Dialogue,Meeting Notes,page,private,Shloimie / platform operator,Admin/operator,Open navigation,true,true,true,true,false,true,Small mobile tap targets detected.
/operations?workspace=platform&view=internal_dialogue&section=uploads,Uploads,Super Admin,Platform,Internal Dialogue,Uploads,page,private,Shloimie / platform operator,Admin/operator,Open navigation,true,true,true,true,false,true,Small mobile tap targets detected.
/operations?workspace=platform&view=internal_dialogue&section=decisions,Decisions,Super Admin,Platform,Internal Dialogue,Decisions,page,private,Shloimie / platform operator,Admin/operator,Open navigation,true,true,true,true,false,true,No major automated issue detected; manual designer review still required.
/operations?workspace=platform&view=internal_dialogue&section=support,Support,Super Admin,Platform,Internal Dialogue,Support,page,private,Shloimie / platform operator,Admin/operator,Open navigation,true,true,true,true,false,true,Small mobile tap targets detected.
/operations?workspace=platform&view=internal_dialogue&section=activity,Activity,Super Admin,Platform,Internal Dialogue,Activity,page,private,Shloimie / platform operator,Admin/operator,Open navigation,true,true,true,true,false,true,No major automated issue detected; manual designer review still required.
/operations?workspace=platform&view=accounting&section=overview,Overview,Super Admin,Platform,Accounting,Overview,dashboard,private,Shloimie / platform operator,Admin/operator,Open navigation,true,true,true,true,true,true,Small mobile tap targets detected.
/operations?workspace=platform&view=accounting&section=payments,Payments,Super Admin,Platform,Accounting,Payments,page,private,Shloimie / platform operator,Admin/operator,Open navigation,true,true,true,true,true,true,Small mobile tap targets detected.
/operations?workspace=platform&view=accounting&section=open,Open,Super Admin,Platform,Accounting,Open,page,private,Shloimie / platform operator,Admin/operator,Open navigation,true,true,true,true,true,true,Small mobile tap targets detected.
/operations?workspace=platform&view=accounting&section=paid,Paid,Super Admin,Platform,Accounting,Paid,page,private,Shloimie / platform operator,Admin/operator,Open navigation,true,true,true,true,true,true,Small mobile tap targets detected.
/operations?workspace=platform&view=accounting&section=needs_signup,Needs Signup,Super Admin,Platform,Accounting,Needs Signup,page,private,Shloimie / platform operator,Admin/operator,Open navigation,true,true,true,true,true,true,Small mobile tap targets detected.
/operations?workspace=platform&view=accounting&section=exceptions,Exceptions,Super Admin,Platform,Accounting,Exceptions,page,private,Shloimie / platform operator,Admin/operator,Open navigation,true,true,true,true,true,true,Small mobile tap targets detected.
/operations?workspace=platform&view=api_usage&section=overview,Overview,Super Admin,Platform,Api Usage,Overview,dashboard,private,Shloimie / platform operator,Admin/operator,Open navigation,true,true,true,true,true,true,No major automated issue detected; manual designer review still required.
/operations?workspace=platform&view=api_usage&section=workspace,Workspace,Super Admin,Platform,Api Usage,Workspace,page,private,Shloimie / platform operator,Admin/operator,Open navigation,true,true,true,true,true,true,Small mobile tap targets detected.
/operations?workspace=platform&view=api_usage&section=parent,Parent,Super Admin,Platform,Api Usage,Parent,page,private,Shloimie / platform operator,Admin/operator,Open navigation,true,true,true,true,true,true,Small mobile tap targets detected.
/operations?workspace=platform&view=api_usage&section=student,Student,Super Admin,Platform,Api Usage,Student,page,private,Shloimie / platform operator,Admin/operator,Open navigation,true,true,true,true,true,true,Small mobile tap targets detected.
/operations?workspace=platform&view=api_usage&section=provider,Provider,Super Admin,Platform,Api Usage,Provider,page,private,Shloimie / platform operator,Admin/operator,Open navigation,true,true,true,true,true,true,Small mobile tap targets detected.
/operations?workspace=platform&view=api_usage&section=bot,Bot,Super Admin,Platform,Api Usage,Bot,page,private,Shloimie / platform operator,Admin/operator,Open navigation,true,true,true,true,true,true,Small mobile tap targets detected.
/operations?workspace=platform&view=api_usage&section=errors,Errors,Super Admin,Platform,Api Usage,Errors,page,private,Shloimie / platform operator,Admin/operator,Open navigation,true,true,true,true,true,true,No major automated issue detected; manual designer review still required.
/operations?workspace=platform&view=api_usage&section=budgets,Budgets,Super Admin,Platform,Api Usage,Budgets,page,private,Shloimie / platform operator,Admin/operator,Open navigation,true,true,true,true,true,true,Small mobile tap targets detected.
/operations?workspace=platform&view=api_usage&section=settings,Settings,Super Admin,Platform,Api Usage,Settings,settings,private,Shloimie / platform operator,Admin/operator,Open navigation,true,true,true,true,true,true,Small mobile tap targets detected.
/operations?workspace=platform&view=admin&section=overview,Overview,Super Admin,Platform,Admin,Overview,dashboard,private,Shloimie / platform operator,Admin/operator,Open navigation,true,true,true,true,false,true,Small mobile tap targets detected.
/operations?workspace=platform&view=admin&section=users,Users,Super Admin,Platform,Admin,Users,page,private,Shloimie / platform operator,Admin/operator,Open navigation,true,true,true,true,false,true,No major automated issue detected; manual designer review still required.
/operations?workspace=platform&view=admin&section=roles,Roles,Super Admin,Platform,Admin,Roles,page,private,Shloimie / platform operator,Admin/operator,Open navigation,true,true,true,true,false,true,Small mobile tap targets detected.
/operations?workspace=platform&view=admin&section=workspaces,Workspaces,Super Admin,Platform,Admin,Workspaces,page,private,Shloimie / platform operator,Admin/operator,Open navigation,true,true,true,true,false,true,No major automated issue detected; manual designer review still required.
/operations?workspace=platform&view=admin&section=invitations,Invitations,Super Admin,Platform,Admin,Invitations,page,private,Shloimie / platform operator,Admin/operator,Open navigation,true,true,true,true,false,true,Small mobile tap targets detected.
/operations?workspace=platform&view=admin&section=tickets,Tickets,Super Admin,Platform,Admin,Tickets,page,private,Shloimie / platform operator,Admin/operator,Open navigation,true,true,true,true,false,true,Small mobile tap targets detected.
/operations?workspace=platform&view=admin&section=messages,Messages,Super Admin,Platform,Admin,Messages,page,private,Shloimie / platform operator,Admin/operator,Open navigation,true,true,true,true,false,true,Small mobile tap targets detected.
/operations?workspace=platform&view=admin&section=settings,Settings,Super Admin,Platform,Admin,Settings,settings,private,Shloimie / platform operator,Admin/operator,Open navigation,true,true,true,true,true,true,Small mobile tap targets detected.
/operations?workspace=platform&view=settings&section=profile,Profile,Super Admin,Platform,Settings,Profile,settings,private,Shloimie / platform operator,Admin/operator,Open navigation,true,true,true,true,true,true,No major automated issue detected; manual designer review still required.
/operations?workspace=platform&view=settings&section=workspace,Workspace,Super Admin,Platform,Settings,Workspace,settings,private,Shloimie / platform operator,Admin/operator,Open navigation,true,true,true,true,true,true,Small mobile tap targets detected.
/operations?workspace=platform&view=settings&section=branding,Branding,Super Admin,Platform,Settings,Branding,settings,private,Shloimie / platform operator,Admin/operator,Open navigation,true,true,true,true,true,true,No major automated issue detected; manual designer review still required.
/operations?workspace=platform&view=settings&section=language,Language,Super Admin,Platform,Settings,Language,settings,private,Shloimie / platform operator,Admin/operator,Open navigation,true,true,true,true,true,true,No major automated issue detected; manual designer review still required.
/operations?workspace=platform&view=settings&section=users_roles,Users Roles,Super Admin,Platform,Settings,Users Roles,settings,private,Shloimie / platform operator,Admin/operator,Open navigation,true,true,true,true,true,true,No major automated issue detected; manual designer review still required.
/operations?workspace=platform&view=settings&section=email_identities,Email Identities,Super Admin,Platform,Settings,Email Identities,settings,private,Shloimie / platform operator,Admin/operator,Open navigation,true,true,true,true,true,true,Small mobile tap targets detected.
/operations?workspace=platform&view=settings&section=whatsapp,Whatsapp,Super Admin,Platform,Settings,Whatsapp,settings,private,Shloimie / platform operator,Admin/operator,Open navigation,true,true,true,true,true,true,Small mobile tap targets detected.
/operations?workspace=platform&view=settings&section=social_accounts,Social Accounts,Super Admin,Platform,Settings,Social Accounts,settings,private,Shloimie / platform operator,Admin/operator,Open navigation,true,true,true,true,true,true,Small mobile tap targets detected.
/operations?workspace=platform&view=settings&section=calendar,Calendar,Super Admin,Platform,Settings,Calendar,settings,private,Shloimie / platform operator,Admin/operator,Open navigation,true,true,true,true,true,true,Small mobile tap targets detected.
/operations?workspace=platform&view=settings&section=google_classroom,Google Classroom,Super Admin,Platform,Settings,Google Classroom,settings,private,Shloimie / platform operator,Admin/operator,Open navigation,true,true,true,true,true,true,Small mobile tap targets detected.
/operations?workspace=platform&view=settings&section=parent_portal,Parent Portal,Super Admin,Platform,Settings,Parent Portal,settings,private,Shloimie / platform operator,Admin/operator,Open navigation,true,true,true,true,true,true,No major automated issue detected; manual designer review still required.
/operations?workspace=platform&view=settings&section=student_portal,Student Portal,Super Admin,Platform,Settings,Student Portal,settings,private,Shloimie / platform operator,Admin/operator,Open navigation,true,true,true,true,true,true,No major automated issue detected; manual designer review still required.
/operations?workspace=platform&view=settings&section=provider_portal,Provider Portal,Super Admin,Platform,Settings,Provider Portal,settings,private,Shloimie / platform operator,Admin/operator,Open navigation,true,true,true,true,true,true,No major automated issue detected; manual designer review still required.
/operations?workspace=platform&view=settings&section=provider_index,Provider Index,Super Admin,Platform,Settings,Provider Index,settings,private,Shloimie / platform operator,Admin/operator,Open navigation,true,true,true,true,true,true,Small mobile tap targets detected.
/operations?workspace=platform&view=settings&section=provider_plans,Provider Plans,Super Admin,Platform,Settings,Provider Plans,settings,private,Shloimie / platform operator,Admin/operator,Open navigation,true,true,true,true,true,true,No major automated issue detected; manual designer review still required.
/operations?workspace=platform&view=settings&section=provider_entitlements,Provider Entitlements,Super Admin,Platform,Settings,Provider Entitlements,settings,private,Shloimie / platform operator,Admin/operator,Open navigation,true,true,true,true,true,true,Small mobile tap targets detected.
/operations?workspace=platform&view=settings&section=provider_onboarding,Provider Onboarding,Super Admin,Platform,Settings,Provider Onboarding,settings,private,Shloimie / platform operator,Admin/operator,Open navigation,true,true,true,true,true,true,Small mobile tap targets detected.
/operations?workspace=platform&view=settings&section=commercial_models,Commercial Models,Super Admin,Platform,Settings,Commercial Models,settings,private,Shloimie / platform operator,Admin/operator,Open navigation,true,true,true,true,true,true,Small mobile tap targets detected.
/operations?workspace=platform&view=settings&section=bot_permissions,Bot Permissions,Super Admin,Platform,Settings,Bot Permissions,settings,private,Shloimie / platform operator,Admin/operator,Open navigation,true,true,true,true,true,true,No major automated issue detected; manual designer review still required.
/operations?workspace=platform&view=settings&section=api_limits,Api Limits,Super Admin,Platform,Settings,Api Limits,settings,private,Shloimie / platform operator,Admin/operator,Open navigation,true,true,true,true,true,true,No major automated issue detected; manual designer review still required.
/operations?workspace=platform&view=settings&section=communications,Communications,Super Admin,Platform,Settings,Communications,settings,private,Shloimie / platform operator,Admin/operator,Open navigation,true,true,true,true,true,true,No major automated issue detected; manual designer review still required.
/operations?workspace=platform&view=settings&section=integrations,Integrations,Super Admin,Platform,Settings,Integrations,settings,private,Shloimie / platform operator,Admin/operator,Open navigation,true,true,true,true,true,true,Too many card-like panels. Too much not-configured/placeholder language. Small mobile tap targets detected.
/operations?workspace=platform&view=settings&section=payment_links,Payment Links,Super Admin,Platform,Settings,Payment Links,settings,private,Shloimie / platform operator,Admin/operator,Open navigation,true,true,true,true,true,true,No major automated issue detected; manual designer review still required.
/operations?workspace=platform&view=settings&section=external_apps,External Apps,Super Admin,Platform,Settings,External Apps,settings,private,Shloimie / platform operator,Admin/operator,Open navigation,true,true,true,true,true,true,No major automated issue detected; manual designer review still required.
/operations?workspace=platform&view=settings&section=billing,Billing,Super Admin,Platform,Settings,Billing,settings,private,Shloimie / platform operator,Admin/operator,Open navigation,true,true,true,true,true,true,Small mobile tap targets detected.
/operations?workspace=platform&view=settings&section=automations,Automations,Super Admin,Platform,Settings,Automations,settings,private,Shloimie / platform operator,Admin/operator,Open navigation,true,true,true,true,true,true,No major automated issue detected; manual designer review still required.
/operations?workspace=platform&view=settings&section=danger,Danger,Super Admin,Platform,Settings,Danger,settings,private,Shloimie / platform operator,Admin/operator,Open navigation,true,true,true,true,true,true,No major automated issue detected; manual designer review still required.
/operations?workspace=bna&view=dashboard&section=overview,Overview,BNA Admin,BNA School Workspace,Dashboard,Overview,dashboard,private,BNA school admin,Admin/operator,Open navigation,true,true,true,true,true,true,Small mobile tap targets detected.
/operations?workspace=bna&view=dashboard&section=activity,Activity,BNA Admin,BNA School Workspace,Dashboard,Activity,page,private,BNA school admin,Admin/operator,Open navigation,true,true,true,true,false,true,No major automated issue detected; manual designer review still required.
/operations?workspace=bna&view=dashboard&section=alerts,Alerts,BNA Admin,BNA School Workspace,Dashboard,Alerts,page,private,BNA school admin,Admin/operator,Open navigation,true,true,true,true,true,true,No major automated issue detected; manual designer review still required.
/operations?workspace=bna&view=dashboard&section=today,Today,BNA Admin,BNA School Workspace,Dashboard,Today,page,private,BNA school admin,Admin/operator,Open navigation,true,true,true,true,false,true,No major automated issue detected; manual designer review still required.
/operations?workspace=bna&view=dashboard&section=updates,Updates,BNA Admin,BNA School Workspace,Dashboard,Updates,page,private,BNA school admin,Admin/operator,Open navigation,true,true,true,true,false,true,No major automated issue detected; manual designer review still required.
/operations?workspace=bna&view=pipelines&section=overview,Overview,BNA Admin,BNA School Workspace,Pipelines,Overview,dashboard,private,BNA school admin,Admin/operator,Open navigation,true,true,true,true,true,true,No major automated issue detected; manual designer review still required.
/operations?workspace=bna&view=pipelines&section=bna_enrollment,Bna Enrollment,BNA Admin,BNA School Workspace,Pipelines,Bna Enrollment,page,private,BNA school admin,Admin/operator,Open navigation,true,true,true,true,true,true,No major automated issue detected; manual designer review still required.
/operations?workspace=bna&view=pipelines&section=provider_class,Provider Class,BNA Admin,BNA School Workspace,Pipelines,Provider Class,page,private,BNA school admin,Admin/operator,Open navigation,true,true,true,true,true,true,Small mobile tap targets detected.
/operations?workspace=bna&view=pipelines&section=provider_onboarding,Provider Onboarding,BNA Admin,BNA School Workspace,Pipelines,Provider Onboarding,page,private,BNA school admin,Admin/operator,Open navigation,true,true,true,true,true,true,Small mobile tap targets detected.
/operations?workspace=bna&view=pipelines&section=participants,Participants,BNA Admin,BNA School Workspace,Pipelines,Participants,page,private,BNA school admin,Admin/operator,Open navigation,true,true,true,true,true,true,Small mobile tap targets detected.
/operations?workspace=bna&view=pipelines&section=stale_tasks,Stale Tasks,BNA Admin,BNA School Workspace,Pipelines,Stale Tasks,page,private,BNA school admin,Admin/operator,Open navigation,true,true,true,true,true,true,Too many visible actions. Small mobile tap targets detected.
/operations?workspace=bna&view=pipelines&section=decisions,Decisions,BNA Admin,BNA School Workspace,Pipelines,Decisions,page,private,BNA school admin,Admin/operator,Open navigation,true,true,true,true,true,true,No major automated issue detected; manual designer review still required.
/operations?workspace=bna&view=tasks&section=overview,Overview,BNA Admin,BNA School Workspace,Tasks,Overview,dashboard,private,BNA school admin,Admin/operator,Open navigation,true,true,true,true,false,true,No major automated issue detected; manual designer review still required.
/operations?workspace=bna&view=tasks&section=decisions,Decisions,BNA Admin,BNA School Workspace,Tasks,Decisions,page,private,BNA school admin,Admin/operator,Open navigation,true,true,true,true,false,true,No major automated issue detected; manual designer review still required.
/operations?workspace=bna&view=tasks&section=mine,Mine,BNA Admin,BNA School Workspace,Tasks,Mine,page,private,BNA school admin,Admin/operator,Open navigation,true,true,true,true,false,true,No major automated issue detected; manual designer review still required.
/operations?workspace=bna&view=tasks&section=schedule,Schedule,BNA Admin,BNA School Workspace,Tasks,Schedule,page,private,BNA school admin,Admin/operator,Open navigation,true,true,true,true,false,true,No major automated issue detected; manual designer review still required.
/operations?workspace=bna&view=tasks&section=research,Research,BNA Admin,BNA School Workspace,Tasks,Research,page,private,BNA school admin,Admin/operator,Open navigation,true,true,true,true,false,true,No major automated issue detected; manual designer review still required.
/operations?workspace=bna&view=tasks&section=changelog,Changelog,BNA Admin,BNA School Workspace,Tasks,Changelog,page,private,BNA school admin,Admin/operator,Open navigation,true,true,true,true,false,true,No major automated issue detected; manual designer review still required.
/operations?workspace=bna&view=tasks&section=done,Done,BNA Admin,BNA School Workspace,Tasks,Done,page,private,BNA school admin,Admin/operator,Open navigation,true,true,true,true,false,true,No major automated issue detected; manual designer review still required.
/operations?workspace=bna&view=students&section=overview,Overview,BNA Admin,BNA School Workspace,Students,Overview,dashboard,private,BNA school admin,Admin/operator,Open navigation,true,true,true,true,false,true,No major automated issue detected; manual designer review still required.
/operations?workspace=bna&view=students&section=list,List,BNA Admin,BNA School Workspace,Students,List,page,private,BNA school admin,Admin/operator,Open navigation,true,true,true,true,false,true,No major automated issue detected; manual designer review still required.
/operations?workspace=bna&view=students&section=group_goal,Group Goal,BNA Admin,BNA School Workspace,Students,Group Goal,page,private,BNA school admin,Admin/operator,Open navigation,true,true,true,true,true,true,No major automated issue detected; manual designer review still required.
/operations?workspace=bna&view=students&section=goal_board,Goal Board,BNA Admin,BNA School Workspace,Students,Goal Board,page,private,BNA school admin,Admin/operator,Open navigation,true,true,true,true,true,true,No major automated issue detected; manual designer review still required.
/operations?workspace=bna&view=students&section=assignments,Assignments,BNA Admin,BNA School Workspace,Students,Assignments,page,private,BNA school admin,Admin/operator,Open navigation,true,true,true,true,true,true,Small mobile tap targets detected.
/operations?workspace=bna&view=students&section=questions,Questions,BNA Admin,BNA School Workspace,Students,Questions,page,private,BNA school admin,Admin/operator,Open navigation,true,true,true,true,true,true,Small mobile tap targets detected.
/operations?workspace=bna&view=students&section=documents&student=643,Documents,BNA Admin,BNA School Workspace,Students,Documents,page,private,BNA school admin,Admin/operator,Open navigation,true,true,true,true,true,true,Small mobile tap targets detected.
/operations?workspace=bna&view=students&section=portal_links,Portal Links,BNA Admin,BNA School Workspace,Students,Portal Links,page,private,BNA school admin,Admin/operator,Open navigation,true,true,true,true,true,true,No major automated issue detected; manual designer review still required.
/operations?workspace=bna&view=students&section=tablet_access,Tablet Access,BNA Admin,BNA School Workspace,Students,Tablet Access,page,private,BNA school admin,Admin/operator,Open navigation,true,true,true,true,true,true,No major automated issue detected; manual designer review still required.
/operations?workspace=bna&view=students&section=profile,Profile,BNA Admin,BNA School Workspace,Students,Profile,detail,private,BNA school admin,Admin/operator,Open navigation,true,true,true,true,true,true,No major automated issue detected; manual designer review still required.
/operations?workspace=bna&view=students&section=parent_family,Parent Family,BNA Admin,BNA School Workspace,Students,Parent Family,page,private,BNA school admin,Admin/operator,Open navigation,true,true,true,true,true,true,No major automated issue detected; manual designer review still required.
/operations?workspace=bna&view=students&section=analysis&student=643,Analysis,BNA Admin,BNA School Workspace,Students,Analysis,page,private,BNA school admin,Admin/operator,Open navigation,true,true,true,true,true,true,Small mobile tap targets detected.
/operations?workspace=bna&view=students&section=meetings,Meetings,BNA Admin,BNA School Workspace,Students,Meetings,page,private,BNA school admin,Admin/operator,Open navigation,true,true,true,true,true,true,No major automated issue detected; manual designer review still required.
/operations?workspace=bna&view=students&section=bot_settings,Bot Settings,BNA Admin,BNA School Workspace,Students,Bot Settings,settings,private,BNA school admin,Admin/operator,Open navigation,true,true,true,true,true,true,No major automated issue detected; manual designer review still required.
/operations?workspace=bna&view=students&section=activity,Activity,BNA Admin,BNA School Workspace,Students,Activity,page,private,BNA school admin,Admin/operator,Open navigation,true,true,true,true,true,true,No major automated issue detected; manual designer review still required.
/operations?workspace=bna&view=students&section=next_year_login,Next Year Login,BNA Admin,BNA School Workspace,Students,Next Year Login,login,private,BNA school admin,Admin/operator,Open navigation,true,true,true,true,false,true,Small mobile tap targets detected.
/operations?workspace=bna&view=contacts&section=overview,Overview,BNA Admin,BNA School Workspace,Contacts,Overview,dashboard,private,BNA school admin,Admin/operator,Open navigation,true,true,true,true,false,true,Too many card-like panels. Small mobile tap targets detected.
/operations?workspace=bna&view=contacts&section=interested_parents,Interested Parents,BNA Admin,BNA School Workspace,Contacts,Interested Parents,page,private,BNA school admin,Admin/operator,Open navigation,true,true,true,true,false,true,Small mobile tap targets detected.
/operations?workspace=bna&view=contacts&section=parents,Parents,BNA Admin,BNA School Workspace,Contacts,Parents,page,private,BNA school admin,Admin/operator,Open navigation,true,true,true,true,false,true,Too many card-like panels. Small mobile tap targets detected.
/operations?workspace=bna&view=contacts&section=people,People,BNA Admin,BNA School Workspace,Contacts,People,page,private,BNA school admin,Admin/operator,Open navigation,true,true,true,true,false,true,Too many card-like panels. Small mobile tap targets detected.
/operations?workspace=bna&view=contacts&section=contacts,Contacts,BNA Admin,BNA School Workspace,Contacts,Contacts,page,private,BNA school admin,Admin/operator,Open navigation,true,true,true,true,false,true,Too many card-like panels. Small mobile tap targets detected.
/operations?workspace=bna&view=contacts&section=notes,Notes,BNA Admin,BNA School Workspace,Contacts,Notes,page,private,BNA school admin,Admin/operator,Open navigation,true,true,true,true,false,true,Too many card-like panels. Small mobile tap targets detected.
/operations?workspace=bna&view=contacts&section=students,Students,BNA Admin,BNA School Workspace,Contacts,Students,page,private,BNA school admin,Admin/operator,Open navigation,true,true,true,true,false,true,Too many card-like panels. Small mobile tap targets detected.
/operations?workspace=bna&view=contacts&section=intake,Intake,BNA Admin,BNA School Workspace,Contacts,Intake,page,private,BNA school admin,Admin/operator,Open navigation,true,true,true,true,false,true,Too many card-like panels. Small mobile tap targets detected.
/operations?workspace=bna&view=contacts&section=follow_up,Follow Up,BNA Admin,BNA School Workspace,Contacts,Follow Up,page,private,BNA school admin,Admin/operator,Open navigation,true,true,true,true,false,true,Too many card-like panels. Small mobile tap targets detected.
/operations?workspace=bna&view=contacts&section=tags,Tags,BNA Admin,BNA School Workspace,Contacts,Tags,page,private,BNA school admin,Admin/operator,Open navigation,true,true,true,true,false,true,Too many card-like panels. Small mobile tap targets detected.
/operations?workspace=bna&view=content&section=library,Library,BNA Admin,BNA School Workspace,Content,Library,page,private,BNA school admin,Admin/operator,Open navigation,true,true,true,true,false,true,No major automated issue detected; manual designer review still required.
/operations?workspace=bna&view=content&section=meetings,Meetings,BNA Admin,BNA School Workspace,Content,Meetings,page,private,BNA school admin,Admin/operator,Open navigation,true,true,true,true,true,true,Small mobile tap targets detected.
/operations?workspace=bna&view=content&section=research,Research,BNA Admin,BNA School Workspace,Content,Research,page,private,BNA school admin,Admin/operator,Open navigation,true,true,true,true,true,true,Too many visible actions. Too many card-like panels. Small mobile tap targets detected.
/operations?workspace=bna&view=content&section=selected,Selected,BNA Admin,BNA School Workspace,Content,Selected,page,private,BNA school admin,Admin/operator,Open navigation,true,true,true,true,false,true,No major automated issue detected; manual designer review still required.
/operations?workspace=bna&view=content&section=repurpose,Repurpose,BNA Admin,BNA School Workspace,Content,Repurpose,page,private,BNA school admin,Admin/operator,Open navigation,true,true,true,true,true,true,Too many visible actions. Too many card-like panels. Small mobile tap targets detected.
/operations?workspace=bna&view=content&section=newsletter,Newsletter,BNA Admin,BNA School Workspace,Content,Newsletter,page,private,BNA school admin,Admin/operator,Open navigation,true,true,true,true,false,true,Small mobile tap targets detected.
/operations?workspace=bna&view=content&section=prompts,Prompts,BNA Admin,BNA School Workspace,Content,Prompts,page,private,BNA school admin,Admin/operator,Open navigation,true,true,true,true,false,true,Small mobile tap targets detected.
/operations?workspace=bna&view=content&section=bundles,Bundles,BNA Admin,BNA School Workspace,Content,Bundles,page,private,BNA school admin,Admin/operator,Open navigation,true,true,true,true,false,true,Small mobile tap targets detected.
/operations?workspace=bna&view=calendar&section=overview,Overview,BNA Admin,BNA School Workspace,Calendar,Overview,dashboard,private,BNA school admin,Admin/operator,Open navigation,true,true,true,true,false,true,No major automated issue detected; manual designer review still required.
/operations?workspace=bna&view=calendar&section=week,Week,BNA Admin,BNA School Workspace,Calendar,Week,page,private,BNA school admin,Admin/operator,Open navigation,true,true,true,true,false,true,No major automated issue detected; manual designer review still required.
/operations?workspace=bna&view=calendar&section=month,Month,BNA Admin,BNA School Workspace,Calendar,Month,page,private,BNA school admin,Admin/operator,Open navigation,true,true,true,true,false,true,No major automated issue detected; manual designer review still required.
/operations?workspace=bna&view=calendar&section=classes,Classes,BNA Admin,BNA School Workspace,Calendar,Classes,page,private,BNA school admin,Admin/operator,Open navigation,true,true,true,true,false,true,No major automated issue detected; manual designer review still required.
/operations?workspace=bna&view=calendar&section=students,Students,BNA Admin,BNA School Workspace,Calendar,Students,page,private,BNA school admin,Admin/operator,Open navigation,true,true,true,true,false,true,No major automated issue detected; manual designer review still required.
/operations?workspace=bna&view=calendar&section=provider,Provider,BNA Admin,BNA School Workspace,Calendar,Provider,page,private,BNA school admin,Admin/operator,Open navigation,true,true,true,true,false,true,No major automated issue detected; manual designer review still required.
/operations?workspace=bna&view=calendar&section=google_sync,Google Sync,BNA Admin,BNA School Workspace,Calendar,Google Sync,page,private,BNA school admin,Admin/operator,Open navigation,true,true,true,true,false,true,No major automated issue detected; manual designer review still required.
/operations?workspace=bna&view=calendar&section=settings,Settings,BNA Admin,BNA School Workspace,Calendar,Settings,settings,private,BNA school admin,Admin/operator,Open navigation,true,true,true,true,true,true,No major automated issue detected; manual designer review still required.
/operations?workspace=bna&view=service_providers&section=overview,Overview,BNA Admin,BNA School Workspace,Service Providers,Overview,dashboard,private,BNA school admin,Admin/operator,Open navigation,true,true,true,true,false,true,Too many card-like panels.
/operations?workspace=bna&view=service_providers&section=directory,Directory,BNA Admin,BNA School Workspace,Service Providers,Directory,page,private,BNA school admin,Admin/operator,Open navigation,true,true,true,true,false,true,Too many card-like panels. Small mobile tap targets detected.
/operations?workspace=bna&view=service_providers&section=workspaces,Workspaces,BNA Admin,BNA School Workspace,Service Providers,Workspaces,page,private,BNA school admin,Admin/operator,Open navigation,true,true,true,true,false,true,Too many visible actions. Too many card-like panels. Too much not-configured/placeholder language. Small mobile tap targets detected.
/operations?workspace=bna&view=service_providers&section=commercial,Commercial,BNA Admin,BNA School Workspace,Service Providers,Commercial,page,private,BNA school admin,Admin/operator,Open navigation,true,true,true,true,false,true,Small mobile tap targets detected.
/operations?workspace=bna&view=service_providers&section=plans,Plans,BNA Admin,BNA School Workspace,Service Providers,Plans,page,private,BNA school admin,Admin/operator,Open navigation,true,true,true,true,false,true,Small mobile tap targets detected.
/operations?workspace=bna&view=service_providers&section=onboarding,Onboarding,BNA Admin,BNA School Workspace,Service Providers,Onboarding,page,private,BNA school admin,Admin/operator,Open navigation,true,true,true,true,false,true,Small mobile tap targets detected.
/operations?workspace=bna&view=service_providers&section=access_checklist,Access Checklist,BNA Admin,BNA School Workspace,Service Providers,Access Checklist,page,private,BNA school admin,Admin/operator,Open navigation,true,true,true,true,false,true,Too many card-like panels. Small mobile tap targets detected.
/operations?workspace=bna&view=service_providers&section=integration_audit,Integration Audit,BNA Admin,BNA School Workspace,Service Providers,Integration Audit,page,private,BNA school admin,Admin/operator,Open navigation,true,true,true,true,false,true,Small mobile tap targets detected.
/operations?workspace=bna&view=service_providers&section=communities,Communities,BNA Admin,BNA School Workspace,Service Providers,Communities,page,private,BNA school admin,Admin/operator,Open navigation,true,true,true,true,false,true,Small mobile tap targets detected.
/operations?workspace=bna&view=service_providers&section=content,Content,BNA Admin,BNA School Workspace,Service Providers,Content,page,private,BNA school admin,Admin/operator,Open navigation,true,true,true,true,false,true,Small mobile tap targets detected.
/operations?workspace=bna&view=service_providers&section=marketing,Marketing,BNA Admin,BNA School Workspace,Service Providers,Marketing,page,private,BNA school admin,Admin/operator,Open navigation,true,true,true,true,false,true,Small mobile tap targets detected.
/operations?workspace=bna&view=service_providers&section=leads,Leads,BNA Admin,BNA School Workspace,Service Providers,Leads,page,private,BNA school admin,Admin/operator,Open navigation,true,true,true,true,false,true,Small mobile tap targets detected.
/operations?workspace=bna&view=service_providers&section=communications,Communications,BNA Admin,BNA School Workspace,Service Providers,Communications,page,private,BNA school admin,Admin/operator,Open navigation,true,true,true,true,false,true,Small mobile tap targets detected.
/operations?workspace=bna&view=service_providers&section=settings,Settings,BNA Admin,BNA School Workspace,Service Providers,Settings,settings,private,BNA school admin,Admin/operator,Open navigation,true,true,true,true,true,true,Small mobile tap targets detected.
/operations?workspace=bna&view=communications&section=overview,Overview,BNA Admin,BNA School Workspace,Communications,Overview,dashboard,private,BNA school admin,Admin/operator,Open navigation,true,true,true,true,true,true,Too many card-like panels.
/operations?workspace=bna&view=communications&section=parents,Parents,BNA Admin,BNA School Workspace,Communications,Parents,page,private,BNA school admin,Admin/operator,Open navigation,true,true,true,true,false,true,Too many card-like panels. Small mobile tap targets detected.
/operations?workspace=bna&view=communications&section=students,Students,BNA Admin,BNA School Workspace,Communications,Students,page,private,BNA school admin,Admin/operator,Open navigation,true,true,true,true,false,true,Small mobile tap targets detected.
/operations?workspace=bna&view=communications&section=providers,Providers,BNA Admin,BNA School Workspace,Communications,Providers,page,private,BNA school admin,Admin/operator,Open navigation,true,true,true,true,false,true,Small mobile tap targets detected.
/operations?workspace=bna&view=communications&section=internal,Internal,BNA Admin,BNA School Workspace,Communications,Internal,page,private,BNA school admin,Admin/operator,Open navigation,true,true,true,true,false,true,Small mobile tap targets detected.
/operations?workspace=bna&view=communications&section=whatsapp,Whatsapp,BNA Admin,BNA School Workspace,Communications,Whatsapp,page,private,BNA school admin,Admin/operator,Open navigation,true,true,true,true,false,true,Small mobile tap targets detected.
/operations?workspace=bna&view=communications&section=email,Email,BNA Admin,BNA School Workspace,Communications,Email,page,private,BNA school admin,Admin/operator,Open navigation,true,true,true,true,false,true,Too many card-like panels.
/operations?workspace=bna&view=communications&section=bots,Bots,BNA Admin,BNA School Workspace,Communications,Bots,page,private,BNA school admin,Admin/operator,Open navigation,true,true,true,true,true,true,Small mobile tap targets detected.
/operations?workspace=bna&view=communications&section=templates,Templates,BNA Admin,BNA School Workspace,Communications,Templates,page,private,BNA school admin,Admin/operator,Open navigation,true,true,true,true,false,true,Small mobile tap targets detected.
/operations?workspace=bna&view=communications&section=settings,Settings,BNA Admin,BNA School Workspace,Communications,Settings,settings,private,BNA school admin,Admin/operator,Open navigation,true,true,true,true,true,true,Small mobile tap targets detected.
/operations?workspace=bna&view=internal_dialogue&section=overview,Overview,BNA Admin,BNA School Workspace,Internal Dialogue,Overview,dashboard,private,BNA school admin,Admin/operator,Open navigation,true,true,true,true,true,true,Small mobile tap targets detected.
/operations?workspace=bna&view=internal_dialogue&section=shloimie_rabbi,Shloimie Rabbi,BNA Admin,BNA School Workspace,Internal Dialogue,Shloimie Rabbi,page,private,BNA school admin,Admin/operator,Open navigation,true,true,true,true,true,true,Small mobile tap targets detected.
/operations?workspace=bna&view=internal_dialogue&section=meeting_notes,Meeting Notes,BNA Admin,BNA School Workspace,Internal Dialogue,Meeting Notes,page,private,BNA school admin,Admin/operator,Open navigation,true,true,true,true,true,true,Small mobile tap targets detected.
/operations?workspace=bna&view=internal_dialogue&section=uploads,Uploads,BNA Admin,BNA School Workspace,Internal Dialogue,Uploads,page,private,BNA school admin,Admin/operator,Open navigation,true,true,true,true,true,true,Small mobile tap targets detected.
/operations?workspace=bna&view=internal_dialogue&section=decisions,Decisions,BNA Admin,BNA School Workspace,Internal Dialogue,Decisions,page,private,BNA school admin,Admin/operator,Open navigation,true,true,true,true,true,true,Small mobile tap targets detected.
/operations?workspace=bna&view=internal_dialogue&section=support,Support,BNA Admin,BNA School Workspace,Internal Dialogue,Support,page,private,BNA school admin,Admin/operator,Open navigation,true,true,true,true,true,true,Small mobile tap targets detected.
/operations?workspace=bna&view=internal_dialogue&section=activity,Activity,BNA Admin,BNA School Workspace,Internal Dialogue,Activity,page,private,BNA school admin,Admin/operator,Open navigation,true,true,true,true,false,true,No major automated issue detected; manual designer review still required.
/operations?workspace=bna&view=accounting&section=overview,Overview,BNA Admin,BNA School Workspace,Accounting,Overview,dashboard,private,BNA school admin,Admin/operator,Open navigation,true,true,true,true,false,true,No major automated issue detected; manual designer review still required.
/operations?workspace=bna&view=accounting&section=payments,Payments,BNA Admin,BNA School Workspace,Accounting,Payments,page,private,BNA school admin,Admin/operator,Open navigation,true,true,true,true,false,true,No major automated issue detected; manual designer review still required.
/operations?workspace=bna&view=accounting&section=open,Open,BNA Admin,BNA School Workspace,Accounting,Open,page,private,BNA school admin,Admin/operator,Open navigation,true,true,true,true,false,true,Small mobile tap targets detected.
/operations?workspace=bna&view=accounting&section=paid,Paid,BNA Admin,BNA School Workspace,Accounting,Paid,page,private,BNA school admin,Admin/operator,Open navigation,true,true,true,true,false,true,No major automated issue detected; manual designer review still required.
/operations?workspace=bna&view=accounting&section=needs_signup,Needs Signup,BNA Admin,BNA School Workspace,Accounting,Needs Signup,page,private,BNA school admin,Admin/operator,Open navigation,true,true,true,true,false,true,No major automated issue detected; manual designer review still required.
/operations?workspace=bna&view=accounting&section=exceptions,Exceptions,BNA Admin,BNA School Workspace,Accounting,Exceptions,page,private,BNA school admin,Admin/operator,Open navigation,true,true,true,true,false,true,No major automated issue detected; manual designer review still required.
/operations?workspace=bna&view=api_usage&section=overview,Overview,BNA Admin,BNA School Workspace,Api Usage,Overview,dashboard,private,BNA school admin,Admin/operator,Open navigation,true,true,true,true,true,true,No major automated issue detected; manual designer review still required.
/operations?workspace=bna&view=api_usage&section=workspace,Workspace,BNA Admin,BNA School Workspace,Api Usage,Workspace,page,private,BNA school admin,Admin/operator,Open navigation,true,true,true,true,true,true,Small mobile tap targets detected.
/operations?workspace=bna&view=api_usage&section=parent,Parent,BNA Admin,BNA School Workspace,Api Usage,Parent,page,private,BNA school admin,Admin/operator,Open navigation,true,true,true,true,true,true,Small mobile tap targets detected.
/operations?workspace=bna&view=api_usage&section=student,Student,BNA Admin,BNA School Workspace,Api Usage,Student,page,private,BNA school admin,Admin/operator,Open navigation,true,true,true,true,true,true,Small mobile tap targets detected.
/operations?workspace=bna&view=api_usage&section=provider,Provider,BNA Admin,BNA School Workspace,Api Usage,Provider,page,private,BNA school admin,Admin/operator,Open navigation,true,true,true,true,true,true,Small mobile tap targets detected.
/operations?workspace=bna&view=api_usage&section=bot,Bot,BNA Admin,BNA School Workspace,Api Usage,Bot,page,private,BNA school admin,Admin/operator,Open navigation,true,true,true,true,true,true,Small mobile tap targets detected.
/operations?workspace=bna&view=api_usage&section=errors,Errors,BNA Admin,BNA School Workspace,Api Usage,Errors,page,private,BNA school admin,Admin/operator,Open navigation,true,true,true,true,true,true,No major automated issue detected; manual designer review still required.
/operations?workspace=bna&view=api_usage&section=budgets,Budgets,BNA Admin,BNA School Workspace,Api Usage,Budgets,page,private,BNA school admin,Admin/operator,Open navigation,true,true,true,true,true,true,Small mobile tap targets detected.
/operations?workspace=bna&view=api_usage&section=settings,Settings,BNA Admin,BNA School Workspace,Api Usage,Settings,settings,private,BNA school admin,Admin/operator,Open navigation,true,true,true,true,true,true,Small mobile tap targets detected.
/operations?workspace=bna&view=admin&section=overview,Overview,BNA Admin,BNA School Workspace,Admin,Overview,dashboard,private,BNA school admin,Admin/operator,Open navigation,true,true,true,true,true,true,Small mobile tap targets detected.
/operations?workspace=bna&view=admin&section=users,Users,BNA Admin,BNA School Workspace,Admin,Users,page,private,BNA school admin,Admin/operator,Open navigation,true,true,true,true,true,true,Small mobile tap targets detected.
/operations?workspace=bna&view=admin&section=roles,Roles,BNA Admin,BNA School Workspace,Admin,Roles,page,private,BNA school admin,Admin/operator,Open navigation,true,true,true,true,true,true,Small mobile tap targets detected.
/operations?workspace=bna&view=admin&section=workspaces,Workspaces,BNA Admin,BNA School Workspace,Admin,Workspaces,page,private,BNA school admin,Admin/operator,Open navigation,true,true,true,true,true,true,Small mobile tap targets detected.
/operations?workspace=bna&view=admin&section=invitations,Invitations,BNA Admin,BNA School Workspace,Admin,Invitations,page,private,BNA school admin,Admin/operator,Open navigation,true,true,true,true,true,true,Small mobile tap targets detected.
/operations?workspace=bna&view=admin&section=tickets,Tickets,BNA Admin,BNA School Workspace,Admin,Tickets,page,private,BNA school admin,Admin/operator,Open navigation,true,true,true,true,true,true,Small mobile tap targets detected.
/operations?workspace=bna&view=admin&section=messages,Messages,BNA Admin,BNA School Workspace,Admin,Messages,page,private,BNA school admin,Admin/operator,Open navigation,true,true,true,true,true,true,Small mobile tap targets detected.
/operations?workspace=bna&view=admin&section=settings,Settings,BNA Admin,BNA School Workspace,Admin,Settings,settings,private,BNA school admin,Admin/operator,Open navigation,true,true,true,true,true,true,Small mobile tap targets detected.
/operations?workspace=bna&view=settings&section=profile,Profile,BNA Admin,BNA School Workspace,Settings,Profile,settings,private,BNA school admin,Admin/operator,Open navigation,true,true,true,true,true,true,No major automated issue detected; manual designer review still required.
/operations?workspace=bna&view=settings&section=workspace,Workspace,BNA Admin,BNA School Workspace,Settings,Workspace,settings,private,BNA school admin,Admin/operator,Open navigation,true,true,true,true,true,true,Small mobile tap targets detected.
/operations?workspace=bna&view=settings&section=branding,Branding,BNA Admin,BNA School Workspace,Settings,Branding,settings,private,BNA school admin,Admin/operator,Open navigation,true,true,true,true,true,true,No major automated issue detected; manual designer review still required.
/operations?workspace=bna&view=settings&section=language,Language,BNA Admin,BNA School Workspace,Settings,Language,settings,private,BNA school admin,Admin/operator,Open navigation,true,true,true,true,true,true,No major automated issue detected; manual designer review still required.
/operations?workspace=bna&view=settings&section=users_roles,Users Roles,BNA Admin,BNA School Workspace,Settings,Users Roles,settings,private,BNA school admin,Admin/operator,Open navigation,true,true,true,true,true,true,No major automated issue detected; manual designer review still required.
/operations?workspace=bna&view=settings&section=email_identities,Email Identities,BNA Admin,BNA School Workspace,Settings,Email Identities,settings,private,BNA school admin,Admin/operator,Open navigation,true,true,true,true,true,true,Small mobile tap targets detected.
/operations?workspace=bna&view=settings&section=whatsapp,Whatsapp,BNA Admin,BNA School Workspace,Settings,Whatsapp,settings,private,BNA school admin,Admin/operator,Open navigation,true,true,true,true,true,true,Small mobile tap targets detected.
/operations?workspace=bna&view=settings&section=social_accounts,Social Accounts,BNA Admin,BNA School Workspace,Settings,Social Accounts,settings,private,BNA school admin,Admin/operator,Open navigation,true,true,true,true,true,true,Small mobile tap targets detected.
/operations?workspace=bna&view=settings&section=calendar,Calendar,BNA Admin,BNA School Workspace,Settings,Calendar,settings,private,BNA school admin,Admin/operator,Open navigation,true,true,true,true,true,true,Small mobile tap targets detected.
/operations?workspace=bna&view=settings&section=google_classroom,Google Classroom,BNA Admin,BNA School Workspace,Settings,Google Classroom,settings,private,BNA school admin,Admin/operator,Open navigation,true,true,true,true,true,true,Small mobile tap targets detected.
/operations?workspace=bna&view=settings&section=parent_portal,Parent Portal,BNA Admin,BNA School Workspace,Settings,Parent Portal,settings,private,BNA school admin,Admin/operator,Open navigation,true,true,true,true,true,true,No major automated issue detected; manual designer review still required.
/operations?workspace=bna&view=settings&section=student_portal,Student Portal,BNA Admin,BNA School Workspace,Settings,Student Portal,settings,private,BNA school admin,Admin/operator,Open navigation,true,true,true,true,true,true,No major automated issue detected; manual designer review still required.
/operations?workspace=bna&view=settings&section=provider_portal,Provider Portal,BNA Admin,BNA School Workspace,Settings,Provider Portal,settings,private,BNA school admin,Admin/operator,Open navigation,true,true,true,true,true,true,No major automated issue detected; manual designer review still required.
/operations?workspace=bna&view=settings&section=provider_index,Provider Index,BNA Admin,BNA School Workspace,Settings,Provider Index,settings,private,BNA school admin,Admin/operator,Open navigation,true,true,true,true,true,true,Small mobile tap targets detected.
/operations?workspace=bna&view=settings&section=provider_plans,Provider Plans,BNA Admin,BNA School Workspace,Settings,Provider Plans,settings,private,BNA school admin,Admin/operator,Open navigation,true,true,true,true,true,true,No major automated issue detected; manual designer review still required.
/operations?workspace=bna&view=settings&section=provider_entitlements,Provider Entitlements,BNA Admin,BNA School Workspace,Settings,Provider Entitlements,settings,private,BNA school admin,Admin/operator,Open navigation,true,true,true,true,true,true,Small mobile tap targets detected.
/operations?workspace=bna&view=settings&section=provider_onboarding,Provider Onboarding,BNA Admin,BNA School Workspace,Settings,Provider Onboarding,settings,private,BNA school admin,Admin/operator,Open navigation,true,true,true,true,true,true,Small mobile tap targets detected.
/operations?workspace=bna&view=settings&section=commercial_models,Commercial Models,BNA Admin,BNA School Workspace,Settings,Commercial Models,settings,private,BNA school admin,Admin/operator,Open navigation,true,true,true,true,true,true,Small mobile tap targets detected.
/operations?workspace=bna&view=settings&section=bot_permissions,Bot Permissions,BNA Admin,BNA School Workspace,Settings,Bot Permissions,settings,private,BNA school admin,Admin/operator,Open navigation,true,true,true,true,true,true,No major automated issue detected; manual designer review still required.
/operations?workspace=bna&view=settings&section=api_limits,Api Limits,BNA Admin,BNA School Workspace,Settings,Api Limits,settings,private,BNA school admin,Admin/operator,Open navigation,true,true,true,true,true,true,No major automated issue detected; manual designer review still required.
/operations?workspace=bna&view=settings&section=communications,Communications,BNA Admin,BNA School Workspace,Settings,Communications,settings,private,BNA school admin,Admin/operator,Open navigation,true,true,true,true,true,true,No major automated issue detected; manual designer review still required.
/operations?workspace=bna&view=settings&section=integrations,Integrations,BNA Admin,BNA School Workspace,Settings,Integrations,settings,private,BNA school admin,Admin/operator,Open navigation,true,true,true,true,true,true,Too much not-configured/placeholder language. Small mobile tap targets detected.
/operations?workspace=bna&view=settings&section=payment_links,Payment Links,BNA Admin,BNA School Workspace,Settings,Payment Links,settings,private,BNA school admin,Admin/operator,Open navigation,true,true,true,true,true,true,No major automated issue detected; manual designer review still required.
/operations?workspace=bna&view=settings&section=external_apps,External Apps,BNA Admin,BNA School Workspace,Settings,External Apps,settings,private,BNA school admin,Admin/operator,Open navigation,true,true,true,true,true,true,No major automated issue detected; manual designer review still required.
/operations?workspace=bna&view=settings&section=billing,Billing,BNA Admin,BNA School Workspace,Settings,Billing,settings,private,BNA school admin,Admin/operator,Open navigation,true,true,true,true,true,true,Small mobile tap targets detected.
/operations?workspace=bna&view=settings&section=automations,Automations,BNA Admin,BNA School Workspace,Settings,Automations,settings,private,BNA school admin,Admin/operator,Open navigation,true,true,true,true,true,true,No major automated issue detected; manual designer review still required.
/operations?workspace=bna&view=settings&section=danger,Danger,BNA Admin,BNA School Workspace,Settings,Danger,settings,private,BNA school admin,Admin/operator,Open navigation,true,true,true,true,true,true,No major automated issue detected; manual designer review still required.
/operations?workspace=rabbi_sheller_provider&view=dashboard&section=overview,Overview,Provider Admin,Rabbi Sheller Provider Workspace,Dashboard,Overview,dashboard,private,Provider admin,Admin/operator,Open navigation,true,true,true,true,true,true,Small mobile tap targets detected.
/operations?workspace=rabbi_sheller_provider&view=dashboard&section=activity,Activity,Provider Admin,Rabbi Sheller Provider Workspace,Dashboard,Activity,page,private,Provider admin,Admin/operator,Open navigation,true,true,true,true,false,true,Small mobile tap targets detected.
/operations?workspace=rabbi_sheller_provider&view=dashboard&section=alerts,Alerts,Provider Admin,Rabbi Sheller Provider Workspace,Dashboard,Alerts,page,private,Provider admin,Admin/operator,Open navigation,true,true,true,true,true,true,No major automated issue detected; manual designer review still required.
/operations?workspace=rabbi_sheller_provider&view=dashboard&section=today,Today,Provider Admin,Rabbi Sheller Provider Workspace,Dashboard,Today,page,private,Provider admin,Admin/operator,Open navigation,true,true,true,true,false,true,No major automated issue detected; manual designer review still required.
/operations?workspace=rabbi_sheller_provider&view=dashboard&section=updates,Updates,Provider Admin,Rabbi Sheller Provider Workspace,Dashboard,Updates,page,private,Provider admin,Admin/operator,Open navigation,true,true,true,true,false,true,Small mobile tap targets detected.
/operations?workspace=rabbi_sheller_provider&view=pipelines&section=overview,Overview,Provider Admin,Rabbi Sheller Provider Workspace,Pipelines,Overview,dashboard,private,Provider admin,Admin/operator,Open navigation,true,true,true,true,true,true,Small mobile tap targets detected.
/operations?workspace=rabbi_sheller_provider&view=pipelines&section=bna_enrollment,Bna Enrollment,Provider Admin,Rabbi Sheller Provider Workspace,Pipelines,Bna Enrollment,page,private,Provider admin,Admin/operator,Open navigation,true,true,true,true,true,true,Small mobile tap targets detected.
/operations?workspace=rabbi_sheller_provider&view=pipelines&section=provider_class,Provider Class,Provider Admin,Rabbi Sheller Provider Workspace,Pipelines,Provider Class,page,private,Provider admin,Admin/operator,Open navigation,true,true,true,true,true,true,Small mobile tap targets detected.
/operations?workspace=rabbi_sheller_provider&view=pipelines&section=provider_onboarding,Provider Onboarding,Provider Admin,Rabbi Sheller Provider Workspace,Pipelines,Provider Onboarding,page,private,Provider admin,Admin/operator,Open navigation,true,true,true,true,true,true,Small mobile tap targets detected.
/operations?workspace=rabbi_sheller_provider&view=pipelines&section=participants,Participants,Provider Admin,Rabbi Sheller Provider Workspace,Pipelines,Participants,page,private,Provider admin,Admin/operator,Open navigation,true,true,true,true,true,true,Small mobile tap targets detected.
/operations?workspace=rabbi_sheller_provider&view=pipelines&section=stale_tasks,Stale Tasks,Provider Admin,Rabbi Sheller Provider Workspace,Pipelines,Stale Tasks,page,private,Provider admin,Admin/operator,Open navigation,true,true,true,true,true,true,Small mobile tap targets detected.
/operations?workspace=rabbi_sheller_provider&view=pipelines&section=decisions,Decisions,Provider Admin,Rabbi Sheller Provider Workspace,Pipelines,Decisions,page,private,Provider admin,Admin/operator,Open navigation,true,true,true,true,true,true,Small mobile tap targets detected.
/operations?workspace=rabbi_sheller_provider&view=tasks&section=overview,Overview,Provider Admin,Rabbi Sheller Provider Workspace,Tasks,Overview,dashboard,private,Provider admin,Admin/operator,Open navigation,true,true,true,true,false,true,No major automated issue detected; manual designer review still required.
/operations?workspace=rabbi_sheller_provider&view=tasks&section=decisions,Decisions,Provider Admin,Rabbi Sheller Provider Workspace,Tasks,Decisions,page,private,Provider admin,Admin/operator,Open navigation,true,true,true,true,false,true,No major automated issue detected; manual designer review still required.
/operations?workspace=rabbi_sheller_provider&view=tasks&section=mine,Mine,Provider Admin,Rabbi Sheller Provider Workspace,Tasks,Mine,page,private,Provider admin,Admin/operator,Open navigation,true,true,true,true,false,true,No major automated issue detected; manual designer review still required.
/operations?workspace=rabbi_sheller_provider&view=tasks&section=schedule,Schedule,Provider Admin,Rabbi Sheller Provider Workspace,Tasks,Schedule,page,private,Provider admin,Admin/operator,Open navigation,true,true,true,true,false,true,No major automated issue detected; manual designer review still required.
/operations?workspace=rabbi_sheller_provider&view=tasks&section=research,Research,Provider Admin,Rabbi Sheller Provider Workspace,Tasks,Research,page,private,Provider admin,Admin/operator,Open navigation,true,true,true,true,false,true,No major automated issue detected; manual designer review still required.
/operations?workspace=rabbi_sheller_provider&view=tasks&section=changelog,Changelog,Provider Admin,Rabbi Sheller Provider Workspace,Tasks,Changelog,page,private,Provider admin,Admin/operator,Open navigation,true,true,true,true,false,true,No major automated issue detected; manual designer review still required.
/operations?workspace=rabbi_sheller_provider&view=tasks&section=done,Done,Provider Admin,Rabbi Sheller Provider Workspace,Tasks,Done,page,private,Provider admin,Admin/operator,Open navigation,true,true,true,true,false,true,No major automated issue detected; manual designer review still required.
/operations?workspace=rabbi_sheller_provider&view=students&section=overview,Overview,Provider Admin,Rabbi Sheller Provider Workspace,Students,Overview,dashboard,private,Provider admin,Admin/operator,Open navigation,true,true,true,true,true,true,Small mobile tap targets detected.
/operations?workspace=rabbi_sheller_provider&view=students&section=list,List,Provider Admin,Rabbi Sheller Provider Workspace,Students,List,page,private,Provider admin,Admin/operator,Open navigation,true,true,true,true,true,true,Small mobile tap targets detected.
/operations?workspace=rabbi_sheller_provider&view=students&section=group_goal,Group Goal,Provider Admin,Rabbi Sheller Provider Workspace,Students,Group Goal,page,private,Provider admin,Admin/operator,Open navigation,true,true,true,true,true,true,Small mobile tap targets detected.
/operations?workspace=rabbi_sheller_provider&view=students&section=goal_board,Goal Board,Provider Admin,Rabbi Sheller Provider Workspace,Students,Goal Board,page,private,Provider admin,Admin/operator,Open navigation,true,true,true,true,true,true,Small mobile tap targets detected.
/operations?workspace=rabbi_sheller_provider&view=students&section=assignments,Assignments,Provider Admin,Rabbi Sheller Provider Workspace,Students,Assignments,page,private,Provider admin,Admin/operator,Open navigation,true,true,true,true,true,true,Small mobile tap targets detected.
/operations?workspace=rabbi_sheller_provider&view=students&section=questions,Questions,Provider Admin,Rabbi Sheller Provider Workspace,Students,Questions,page,private,Provider admin,Admin/operator,Open navigation,true,true,true,true,true,true,Small mobile tap targets detected.
/operations?workspace=rabbi_sheller_provider&view=students&section=documents,Documents,Provider Admin,Rabbi Sheller Provider Workspace,Students,Documents,page,private,Provider admin,Admin/operator,Open navigation,true,true,true,true,true,true,Small mobile tap targets detected.
/operations?workspace=rabbi_sheller_provider&view=students&section=portal_links,Portal Links,Provider Admin,Rabbi Sheller Provider Workspace,Students,Portal Links,page,private,Provider admin,Admin/operator,Open navigation,true,true,true,true,true,true,Small mobile tap targets detected.
/operations?workspace=rabbi_sheller_provider&view=students&section=tablet_access,Tablet Access,Provider Admin,Rabbi Sheller Provider Workspace,Students,Tablet Access,page,private,Provider admin,Admin/operator,Open navigation,true,true,true,true,true,true,Small mobile tap targets detected.
/operations?workspace=rabbi_sheller_provider&view=students&section=profile,Profile,Provider Admin,Rabbi Sheller Provider Workspace,Students,Profile,detail,private,Provider admin,Admin/operator,Open navigation,true,true,true,true,true,true,Small mobile tap targets detected.
/operations?workspace=rabbi_sheller_provider&view=students&section=parent_family,Parent Family,Provider Admin,Rabbi Sheller Provider Workspace,Students,Parent Family,page,private,Provider admin,Admin/operator,Open navigation,true,true,true,true,true,true,Small mobile tap targets detected.
/operations?workspace=rabbi_sheller_provider&view=students&section=analysis,Analysis,Provider Admin,Rabbi Sheller Provider Workspace,Students,Analysis,page,private,Provider admin,Admin/operator,Open navigation,true,true,true,true,true,true,Small mobile tap targets detected.
/operations?workspace=rabbi_sheller_provider&view=students&section=meetings,Meetings,Provider Admin,Rabbi Sheller Provider Workspace,Students,Meetings,page,private,Provider admin,Admin/operator,Open navigation,true,true,true,true,true,true,Small mobile tap targets detected.
/operations?workspace=rabbi_sheller_provider&view=students&section=bot_settings,Bot Settings,Provider Admin,Rabbi Sheller Provider Workspace,Students,Bot Settings,settings,private,Provider admin,Admin/operator,Open navigation,true,true,true,true,true,true,Small mobile tap targets detected.
/operations?workspace=rabbi_sheller_provider&view=students&section=activity,Activity,Provider Admin,Rabbi Sheller Provider Workspace,Students,Activity,page,private,Provider admin,Admin/operator,Open navigation,true,true,true,true,false,true,Small mobile tap targets detected.
/operations?workspace=rabbi_sheller_provider&view=students&section=next_year_login,Next Year Login,Provider Admin,Rabbi Sheller Provider Workspace,Students,Next Year Login,login,private,Provider admin,Admin/operator,Open navigation,true,true,true,true,true,true,Small mobile tap targets detected.
/operations?workspace=rabbi_sheller_provider&view=contacts&section=overview,Overview,Provider Admin,Rabbi Sheller Provider Workspace,Contacts,Overview,dashboard,private,Provider admin,Admin/operator,Open navigation,true,true,true,true,true,true,Small mobile tap targets detected.
/operations?workspace=rabbi_sheller_provider&view=contacts&section=interested_parents,Interested Parents,Provider Admin,Rabbi Sheller Provider Workspace,Contacts,Interested Parents,page,private,Provider admin,Admin/operator,Open navigation,true,true,true,true,true,true,Small mobile tap targets detected.
/operations?workspace=rabbi_sheller_provider&view=contacts&section=parents,Parents,Provider Admin,Rabbi Sheller Provider Workspace,Contacts,Parents,page,private,Provider admin,Admin/operator,Open navigation,true,true,true,true,true,true,Small mobile tap targets detected.
/operations?workspace=rabbi_sheller_provider&view=contacts&section=people,People,Provider Admin,Rabbi Sheller Provider Workspace,Contacts,People,page,private,Provider admin,Admin/operator,Open navigation,true,true,true,true,true,true,Small mobile tap targets detected.
/operations?workspace=rabbi_sheller_provider&view=contacts&section=contacts,Contacts,Provider Admin,Rabbi Sheller Provider Workspace,Contacts,Contacts,page,private,Provider admin,Admin/operator,Open navigation,true,true,true,true,true,true,Small mobile tap targets detected.
/operations?workspace=rabbi_sheller_provider&view=contacts&section=notes,Notes,Provider Admin,Rabbi Sheller Provider Workspace,Contacts,Notes,page,private,Provider admin,Admin/operator,Open navigation,true,true,true,true,true,true,Small mobile tap targets detected.
/operations?workspace=rabbi_sheller_provider&view=contacts&section=students,Students,Provider Admin,Rabbi Sheller Provider Workspace,Contacts,Students,page,private,Provider admin,Admin/operator,Open navigation,true,true,true,true,true,true,Small mobile tap targets detected.
/operations?workspace=rabbi_sheller_provider&view=contacts&section=intake,Intake,Provider Admin,Rabbi Sheller Provider Workspace,Contacts,Intake,page,private,Provider admin,Admin/operator,Open navigation,true,true,true,true,true,true,Small mobile tap targets detected.
/operations?workspace=rabbi_sheller_provider&view=contacts&section=follow_up,Follow Up,Provider Admin,Rabbi Sheller Provider Workspace,Contacts,Follow Up,page,private,Provider admin,Admin/operator,Open navigation,true,true,true,true,true,true,Small mobile tap targets detected.
/operations?workspace=rabbi_sheller_provider&view=contacts&section=tags,Tags,Provider Admin,Rabbi Sheller Provider Workspace,Contacts,Tags,page,private,Provider admin,Admin/operator,Open navigation,true,true,true,true,true,true,Small mobile tap targets detected.
/operations?workspace=rabbi_sheller_provider&view=content&section=library,Library,Provider Admin,Rabbi Sheller Provider Workspace,Content,Library,page,private,Provider admin,Admin/operator,Open navigation,true,true,true,true,true,true,Too many visible actions. Too many card-like panels. Small mobile tap targets detected.
/operations?workspace=rabbi_sheller_provider&view=content&section=meetings,Meetings,Provider Admin,Rabbi Sheller Provider Workspace,Content,Meetings,page,private,Provider admin,Admin/operator,Open navigation,true,true,true,true,true,true,Small mobile tap targets detected.
/operations?workspace=rabbi_sheller_provider&view=content&section=research,Research,Provider Admin,Rabbi Sheller Provider Workspace,Content,Research,page,private,Provider admin,Admin/operator,Open navigation,true,true,true,true,true,true,Too many visible actions. Too many card-like panels. Small mobile tap targets detected.
/operations?workspace=rabbi_sheller_provider&view=content&section=selected,Selected,Provider Admin,Rabbi Sheller Provider Workspace,Content,Selected,page,private,Provider admin,Admin/operator,Open navigation,true,true,true,true,false,true,No major automated issue detected; manual designer review still required.
/operations?workspace=rabbi_sheller_provider&view=content&section=repurpose,Repurpose,Provider Admin,Rabbi Sheller Provider Workspace,Content,Repurpose,page,private,Provider admin,Admin/operator,Open navigation,true,true,true,true,true,true,Too many visible actions. Too many card-like panels. Small mobile tap targets detected.
/operations?workspace=rabbi_sheller_provider&view=content&section=newsletter,Newsletter,Provider Admin,Rabbi Sheller Provider Workspace,Content,Newsletter,page,private,Provider admin,Admin/operator,Open navigation,true,true,true,true,false,true,Small mobile tap targets detected.
/operations?workspace=rabbi_sheller_provider&view=content&section=prompts,Prompts,Provider Admin,Rabbi Sheller Provider Workspace,Content,Prompts,page,private,Provider admin,Admin/operator,Open navigation,true,true,true,true,false,true,Small mobile tap targets detected.
/operations?workspace=rabbi_sheller_provider&view=content&section=bundles,Bundles,Provider Admin,Rabbi Sheller Provider Workspace,Content,Bundles,page,private,Provider admin,Admin/operator,Open navigation,true,true,true,true,false,true,Small mobile tap targets detected.
/operations?workspace=rabbi_sheller_provider&view=calendar&section=overview,Overview,Provider Admin,Rabbi Sheller Provider Workspace,Calendar,Overview,dashboard,private,Provider admin,Admin/operator,Open navigation,true,true,true,true,false,true,Small mobile tap targets detected.
/operations?workspace=rabbi_sheller_provider&view=calendar&section=week,Week,Provider Admin,Rabbi Sheller Provider Workspace,Calendar,Week,page,private,Provider admin,Admin/operator,Open navigation,true,true,true,true,false,true,No major automated issue detected; manual designer review still required.
/operations?workspace=rabbi_sheller_provider&view=calendar&section=month,Month,Provider Admin,Rabbi Sheller Provider Workspace,Calendar,Month,page,private,Provider admin,Admin/operator,Open navigation,true,true,true,true,false,true,No major automated issue detected; manual designer review still required.
/operations?workspace=rabbi_sheller_provider&view=calendar&section=classes,Classes,Provider Admin,Rabbi Sheller Provider Workspace,Calendar,Classes,page,private,Provider admin,Admin/operator,Open navigation,true,true,true,true,false,true,Small mobile tap targets detected.
/operations?workspace=rabbi_sheller_provider&view=calendar&section=students,Students,Provider Admin,Rabbi Sheller Provider Workspace,Calendar,Students,page,private,Provider admin,Admin/operator,Open navigation,true,true,true,true,false,true,Small mobile tap targets detected.
/operations?workspace=rabbi_sheller_provider&view=calendar&section=provider,Provider,Provider Admin,Rabbi Sheller Provider Workspace,Calendar,Provider,page,private,Provider admin,Admin/operator,Open navigation,true,true,true,true,false,true,Small mobile tap targets detected.
/operations?workspace=rabbi_sheller_provider&view=calendar&section=google_sync,Google Sync,Provider Admin,Rabbi Sheller Provider Workspace,Calendar,Google Sync,page,private,Provider admin,Admin/operator,Open navigation,true,true,true,true,false,true,Small mobile tap targets detected.
/operations?workspace=rabbi_sheller_provider&view=calendar&section=settings,Settings,Provider Admin,Rabbi Sheller Provider Workspace,Calendar,Settings,settings,private,Provider admin,Admin/operator,Open navigation,true,true,true,true,true,true,Small mobile tap targets detected.
/operations?workspace=rabbi_sheller_provider&view=service_providers&section=overview,Overview,Provider Admin,Rabbi Sheller Provider Workspace,Service Providers,Overview,dashboard,private,Provider admin,Admin/operator,Open navigation,true,true,true,true,false,true,Too many card-like panels. Small mobile tap targets detected.
/operations?workspace=rabbi_sheller_provider&view=service_providers&section=directory,Directory,Provider Admin,Rabbi Sheller Provider Workspace,Service Providers,Directory,page,private,Provider admin,Admin/operator,Open navigation,true,true,true,true,false,true,Too many card-like panels. Small mobile tap targets detected.
/operations?workspace=rabbi_sheller_provider&view=service_providers&section=workspaces,Workspaces,Provider Admin,Rabbi Sheller Provider Workspace,Service Providers,Workspaces,page,private,Provider admin,Admin/operator,Open navigation,true,true,true,true,false,true,Too many visible actions. Too many card-like panels. Too much not-configured/placeholder language. Small mobile tap targets detected.
/operations?workspace=rabbi_sheller_provider&view=service_providers&section=commercial,Commercial,Provider Admin,Rabbi Sheller Provider Workspace,Service Providers,Commercial,page,private,Provider admin,Admin/operator,Open navigation,true,true,true,true,false,true,Small mobile tap targets detected.
/operations?workspace=rabbi_sheller_provider&view=service_providers&section=plans,Plans,Provider Admin,Rabbi Sheller Provider Workspace,Service Providers,Plans,page,private,Provider admin,Admin/operator,Open navigation,true,true,true,true,false,true,Small mobile tap targets detected.
/operations?workspace=rabbi_sheller_provider&view=service_providers&section=onboarding,Onboarding,Provider Admin,Rabbi Sheller Provider Workspace,Service Providers,Onboarding,page,private,Provider admin,Admin/operator,Open navigation,true,true,true,true,false,true,Small mobile tap targets detected.
/operations?workspace=rabbi_sheller_provider&view=service_providers&section=access_checklist,Access Checklist,Provider Admin,Rabbi Sheller Provider Workspace,Service Providers,Access Checklist,page,private,Provider admin,Admin/operator,Open navigation,true,true,true,true,false,true,Too many card-like panels. Small mobile tap targets detected.
/operations?workspace=rabbi_sheller_provider&view=service_providers&section=integration_audit,Integration Audit,Provider Admin,Rabbi Sheller Provider Workspace,Service Providers,Integration Audit,page,private,Provider admin,Admin/operator,Open navigation,true,true,true,true,false,true,Small mobile tap targets detected.
/operations?workspace=rabbi_sheller_provider&view=service_providers&section=communities,Communities,Provider Admin,Rabbi Sheller Provider Workspace,Service Providers,Communities,page,private,Provider admin,Admin/operator,Open navigation,true,true,true,true,false,true,Small mobile tap targets detected.
/operations?workspace=rabbi_sheller_provider&view=service_providers&section=content,Content,Provider Admin,Rabbi Sheller Provider Workspace,Service Providers,Content,page,private,Provider admin,Admin/operator,Open navigation,true,true,true,true,false,true,Small mobile tap targets detected.
/operations?workspace=rabbi_sheller_provider&view=service_providers&section=marketing,Marketing,Provider Admin,Rabbi Sheller Provider Workspace,Service Providers,Marketing,page,private,Provider admin,Admin/operator,Open navigation,true,true,true,true,false,true,Small mobile tap targets detected.
/operations?workspace=rabbi_sheller_provider&view=service_providers&section=leads,Leads,Provider Admin,Rabbi Sheller Provider Workspace,Service Providers,Leads,page,private,Provider admin,Admin/operator,Open navigation,true,true,true,true,false,true,Small mobile tap targets detected.
/operations?workspace=rabbi_sheller_provider&view=service_providers&section=communications,Communications,Provider Admin,Rabbi Sheller Provider Workspace,Service Providers,Communications,page,private,Provider admin,Admin/operator,Open navigation,true,true,true,true,false,true,Small mobile tap targets detected.
/operations?workspace=rabbi_sheller_provider&view=service_providers&section=settings,Settings,Provider Admin,Rabbi Sheller Provider Workspace,Service Providers,Settings,settings,private,Provider admin,Admin/operator,Open navigation,true,true,true,true,true,true,Small mobile tap targets detected.
/operations?workspace=rabbi_sheller_provider&view=communications&section=overview,Overview,Provider Admin,Rabbi Sheller Provider Workspace,Communications,Overview,dashboard,private,Provider admin,Admin/operator,Open navigation,true,true,true,true,true,true,Too many card-like panels. Small mobile tap targets detected.
/operations?workspace=rabbi_sheller_provider&view=communications&section=parents,Parents,Provider Admin,Rabbi Sheller Provider Workspace,Communications,Parents,page,private,Provider admin,Admin/operator,Open navigation,true,true,true,true,false,true,Too many card-like panels. Small mobile tap targets detected.
/operations?workspace=rabbi_sheller_provider&view=communications&section=students,Students,Provider Admin,Rabbi Sheller Provider Workspace,Communications,Students,page,private,Provider admin,Admin/operator,Open navigation,true,true,true,true,false,true,Small mobile tap targets detected.
/operations?workspace=rabbi_sheller_provider&view=communications&section=providers,Providers,Provider Admin,Rabbi Sheller Provider Workspace,Communications,Providers,page,private,Provider admin,Admin/operator,Open navigation,true,true,true,true,false,true,Small mobile tap targets detected.
/operations?workspace=rabbi_sheller_provider&view=communications&section=internal,Internal,Provider Admin,Rabbi Sheller Provider Workspace,Communications,Internal,page,private,Provider admin,Admin/operator,Open navigation,true,true,true,true,false,true,Small mobile tap targets detected.
/operations?workspace=rabbi_sheller_provider&view=communications&section=whatsapp,Whatsapp,Provider Admin,Rabbi Sheller Provider Workspace,Communications,Whatsapp,page,private,Provider admin,Admin/operator,Open navigation,true,true,true,true,false,true,Small mobile tap targets detected.
/operations?workspace=rabbi_sheller_provider&view=communications&section=email,Email,Provider Admin,Rabbi Sheller Provider Workspace,Communications,Email,page,private,Provider admin,Admin/operator,Open navigation,true,true,true,true,false,true,Too many card-like panels. Small mobile tap targets detected.
/operations?workspace=rabbi_sheller_provider&view=communications&section=bots,Bots,Provider Admin,Rabbi Sheller Provider Workspace,Communications,Bots,page,private,Provider admin,Admin/operator,Open navigation,true,true,true,true,true,true,Small mobile tap targets detected.
/operations?workspace=rabbi_sheller_provider&view=communications&section=templates,Templates,Provider Admin,Rabbi Sheller Provider Workspace,Communications,Templates,page,private,Provider admin,Admin/operator,Open navigation,true,true,true,true,false,true,Small mobile tap targets detected.
/operations?workspace=rabbi_sheller_provider&view=communications&section=settings,Settings,Provider Admin,Rabbi Sheller Provider Workspace,Communications,Settings,settings,private,Provider admin,Admin/operator,Open navigation,true,true,true,true,true,true,Small mobile tap targets detected.
/operations?workspace=rabbi_sheller_provider&view=internal_dialogue&section=overview,Overview,Provider Admin,Rabbi Sheller Provider Workspace,Internal Dialogue,Overview,dashboard,private,Provider admin,Admin/operator,Open navigation,true,true,true,true,true,true,Small mobile tap targets detected.
/operations?workspace=rabbi_sheller_provider&view=internal_dialogue&section=shloimie_rabbi,Shloimie Rabbi,Provider Admin,Rabbi Sheller Provider Workspace,Internal Dialogue,Shloimie Rabbi,page,private,Provider admin,Admin/operator,Open navigation,true,true,true,true,false,true,Small mobile tap targets detected.
/operations?workspace=rabbi_sheller_provider&view=internal_dialogue&section=meeting_notes,Meeting Notes,Provider Admin,Rabbi Sheller Provider Workspace,Internal Dialogue,Meeting Notes,page,private,Provider admin,Admin/operator,Open navigation,true,true,true,true,false,true,Small mobile tap targets detected.
/operations?workspace=rabbi_sheller_provider&view=internal_dialogue&section=uploads,Uploads,Provider Admin,Rabbi Sheller Provider Workspace,Internal Dialogue,Uploads,page,private,Provider admin,Admin/operator,Open navigation,true,true,true,true,false,true,Small mobile tap targets detected.
/operations?workspace=rabbi_sheller_provider&view=internal_dialogue&section=decisions,Decisions,Provider Admin,Rabbi Sheller Provider Workspace,Internal Dialogue,Decisions,page,private,Provider admin,Admin/operator,Open navigation,true,true,true,true,false,true,Small mobile tap targets detected.
/operations?workspace=rabbi_sheller_provider&view=internal_dialogue&section=support,Support,Provider Admin,Rabbi Sheller Provider Workspace,Internal Dialogue,Support,page,private,Provider admin,Admin/operator,Open navigation,true,true,true,true,false,true,Small mobile tap targets detected.
/operations?workspace=rabbi_sheller_provider&view=internal_dialogue&section=activity,Activity,Provider Admin,Rabbi Sheller Provider Workspace,Internal Dialogue,Activity,page,private,Provider admin,Admin/operator,Open navigation,true,true,true,true,false,true,Small mobile tap targets detected.
/operations?workspace=rabbi_sheller_provider&view=accounting&section=overview,Overview,Provider Admin,Rabbi Sheller Provider Workspace,Accounting,Overview,dashboard,private,Provider admin,Admin/operator,Open navigation,true,true,true,true,true,true,Small mobile tap targets detected.
/operations?workspace=rabbi_sheller_provider&view=accounting&section=payments,Payments,Provider Admin,Rabbi Sheller Provider Workspace,Accounting,Payments,page,private,Provider admin,Admin/operator,Open navigation,true,true,true,true,true,true,Small mobile tap targets detected.
/operations?workspace=rabbi_sheller_provider&view=accounting&section=open,Open,Provider Admin,Rabbi Sheller Provider Workspace,Accounting,Open,page,private,Provider admin,Admin/operator,Open navigation,true,true,true,true,true,true,Small mobile tap targets detected.
/operations?workspace=rabbi_sheller_provider&view=accounting&section=paid,Paid,Provider Admin,Rabbi Sheller Provider Workspace,Accounting,Paid,page,private,Provider admin,Admin/operator,Open navigation,true,true,true,true,true,true,Small mobile tap targets detected.
/operations?workspace=rabbi_sheller_provider&view=accounting&section=needs_signup,Needs Signup,Provider Admin,Rabbi Sheller Provider Workspace,Accounting,Needs Signup,page,private,Provider admin,Admin/operator,Open navigation,true,true,true,true,true,true,Small mobile tap targets detected.
/operations?workspace=rabbi_sheller_provider&view=accounting&section=exceptions,Exceptions,Provider Admin,Rabbi Sheller Provider Workspace,Accounting,Exceptions,page,private,Provider admin,Admin/operator,Open navigation,true,true,true,true,true,true,Small mobile tap targets detected.
/operations?workspace=rabbi_sheller_provider&view=api_usage&section=overview,Overview,Provider Admin,Rabbi Sheller Provider Workspace,Api Usage,Overview,dashboard,private,Provider admin,Admin/operator,Open navigation,true,true,true,true,true,true,Small mobile tap targets detected.
/operations?workspace=rabbi_sheller_provider&view=api_usage&section=workspace,Workspace,Provider Admin,Rabbi Sheller Provider Workspace,Api Usage,Workspace,page,private,Provider admin,Admin/operator,Open navigation,true,true,true,true,true,true,Small mobile tap targets detected.
/operations?workspace=rabbi_sheller_provider&view=api_usage&section=parent,Parent,Provider Admin,Rabbi Sheller Provider Workspace,Api Usage,Parent,page,private,Provider admin,Admin/operator,Open navigation,true,true,true,true,true,true,Small mobile tap targets detected.
/operations?workspace=rabbi_sheller_provider&view=api_usage&section=student,Student,Provider Admin,Rabbi Sheller Provider Workspace,Api Usage,Student,page,private,Provider admin,Admin/operator,Open navigation,true,true,true,true,true,true,Small mobile tap targets detected.
/operations?workspace=rabbi_sheller_provider&view=api_usage&section=provider,Provider,Provider Admin,Rabbi Sheller Provider Workspace,Api Usage,Provider,page,private,Provider admin,Admin/operator,Open navigation,true,true,true,true,true,true,Small mobile tap targets detected.
/operations?workspace=rabbi_sheller_provider&view=api_usage&section=bot,Bot,Provider Admin,Rabbi Sheller Provider Workspace,Api Usage,Bot,page,private,Provider admin,Admin/operator,Open navigation,true,true,true,true,true,true,Small mobile tap targets detected.
/operations?workspace=rabbi_sheller_provider&view=api_usage&section=errors,Errors,Provider Admin,Rabbi Sheller Provider Workspace,Api Usage,Errors,page,private,Provider admin,Admin/operator,Open navigation,true,true,true,true,true,true,No major automated issue detected; manual designer review still required.
/operations?workspace=rabbi_sheller_provider&view=api_usage&section=budgets,Budgets,Provider Admin,Rabbi Sheller Provider Workspace,Api Usage,Budgets,page,private,Provider admin,Admin/operator,Open navigation,true,true,true,true,true,true,Small mobile tap targets detected.
/operations?workspace=rabbi_sheller_provider&view=api_usage&section=settings,Settings,Provider Admin,Rabbi Sheller Provider Workspace,Api Usage,Settings,settings,private,Provider admin,Admin/operator,Open navigation,true,true,true,true,true,true,Small mobile tap targets detected.
/operations?workspace=rabbi_sheller_provider&view=admin&section=overview,Overview,Provider Admin,Rabbi Sheller Provider Workspace,Admin,Overview,dashboard,private,Provider admin,Admin/operator,Open navigation,true,true,true,true,true,true,Small mobile tap targets detected.
/operations?workspace=rabbi_sheller_provider&view=admin&section=users,Users,Provider Admin,Rabbi Sheller Provider Workspace,Admin,Users,page,private,Provider admin,Admin/operator,Open navigation,true,true,true,true,true,true,Small mobile tap targets detected.
/operations?workspace=rabbi_sheller_provider&view=admin&section=roles,Roles,Provider Admin,Rabbi Sheller Provider Workspace,Admin,Roles,page,private,Provider admin,Admin/operator,Open navigation,true,true,true,true,true,true,Small mobile tap targets detected.
/operations?workspace=rabbi_sheller_provider&view=admin&section=workspaces,Workspaces,Provider Admin,Rabbi Sheller Provider Workspace,Admin,Workspaces,page,private,Provider admin,Admin/operator,Open navigation,true,true,true,true,true,true,Small mobile tap targets detected.
/operations?workspace=rabbi_sheller_provider&view=admin&section=invitations,Invitations,Provider Admin,Rabbi Sheller Provider Workspace,Admin,Invitations,page,private,Provider admin,Admin/operator,Open navigation,true,true,true,true,true,true,Small mobile tap targets detected.
/operations?workspace=rabbi_sheller_provider&view=admin&section=tickets,Tickets,Provider Admin,Rabbi Sheller Provider Workspace,Admin,Tickets,page,private,Provider admin,Admin/operator,Open navigation,true,true,true,true,true,true,Small mobile tap targets detected.
/operations?workspace=rabbi_sheller_provider&view=admin&section=messages,Messages,Provider Admin,Rabbi Sheller Provider Workspace,Admin,Messages,page,private,Provider admin,Admin/operator,Open navigation,true,true,true,true,true,true,Small mobile tap targets detected.
/operations?workspace=rabbi_sheller_provider&view=admin&section=settings,Settings,Provider Admin,Rabbi Sheller Provider Workspace,Admin,Settings,settings,private,Provider admin,Admin/operator,Open navigation,true,true,true,true,true,true,Small mobile tap targets detected.
/operations?workspace=rabbi_sheller_provider&view=settings&section=profile,Profile,Provider Admin,Rabbi Sheller Provider Workspace,Settings,Profile,settings,private,Provider admin,Admin/operator,Open navigation,true,true,true,true,true,true,No major automated issue detected; manual designer review still required.
/operations?workspace=rabbi_sheller_provider&view=settings&section=workspace,Workspace,Provider Admin,Rabbi Sheller Provider Workspace,Settings,Workspace,settings,private,Provider admin,Admin/operator,Open navigation,true,true,true,true,true,true,Small mobile tap targets detected.
/operations?workspace=rabbi_sheller_provider&view=settings&section=branding,Branding,Provider Admin,Rabbi Sheller Provider Workspace,Settings,Branding,settings,private,Provider admin,Admin/operator,Open navigation,true,true,true,true,true,true,Small mobile tap targets detected.
/operations?workspace=rabbi_sheller_provider&view=settings&section=language,Language,Provider Admin,Rabbi Sheller Provider Workspace,Settings,Language,settings,private,Provider admin,Admin/operator,Open navigation,true,true,true,true,true,true,Small mobile tap targets detected.
/operations?workspace=rabbi_sheller_provider&view=settings&section=users_roles,Users Roles,Provider Admin,Rabbi Sheller Provider Workspace,Settings,Users Roles,settings,private,Provider admin,Admin/operator,Open navigation,true,true,true,true,true,true,Small mobile tap targets detected.
/operations?workspace=rabbi_sheller_provider&view=settings&section=email_identities,Email Identities,Provider Admin,Rabbi Sheller Provider Workspace,Settings,Email Identities,settings,private,Provider admin,Admin/operator,Open navigation,true,true,true,true,true,true,Small mobile tap targets detected.
/operations?workspace=rabbi_sheller_provider&view=settings&section=whatsapp,Whatsapp,Provider Admin,Rabbi Sheller Provider Workspace,Settings,Whatsapp,settings,private,Provider admin,Admin/operator,Open navigation,true,true,true,true,true,true,Small mobile tap targets detected.
/operations?workspace=rabbi_sheller_provider&view=settings&section=social_accounts,Social Accounts,Provider Admin,Rabbi Sheller Provider Workspace,Settings,Social Accounts,settings,private,Provider admin,Admin/operator,Open navigation,true,true,true,true,true,true,Small mobile tap targets detected.
/operations?workspace=rabbi_sheller_provider&view=settings&section=calendar,Calendar,Provider Admin,Rabbi Sheller Provider Workspace,Settings,Calendar,settings,private,Provider admin,Admin/operator,Open navigation,true,true,true,true,true,true,No major automated issue detected; manual designer review still required.
/operations?workspace=rabbi_sheller_provider&view=settings&section=google_classroom,Google Classroom,Provider Admin,Rabbi Sheller Provider Workspace,Settings,Google Classroom,settings,private,Provider admin,Admin/operator,Open navigation,true,true,true,true,true,true,Small mobile tap targets detected.
/operations?workspace=rabbi_sheller_provider&view=settings&section=parent_portal,Parent Portal,Provider Admin,Rabbi Sheller Provider Workspace,Settings,Parent Portal,settings,private,Provider admin,Admin/operator,Open navigation,true,true,true,true,true,true,Small mobile tap targets detected.
/operations?workspace=rabbi_sheller_provider&view=settings&section=student_portal,Student Portal,Provider Admin,Rabbi Sheller Provider Workspace,Settings,Student Portal,settings,private,Provider admin,Admin/operator,Open navigation,true,true,true,true,true,true,Small mobile tap targets detected.
/operations?workspace=rabbi_sheller_provider&view=settings&section=provider_portal,Provider Portal,Provider Admin,Rabbi Sheller Provider Workspace,Settings,Provider Portal,settings,private,Provider admin,Admin/operator,Open navigation,true,true,true,true,true,true,Small mobile tap targets detected.
/operations?workspace=rabbi_sheller_provider&view=settings&section=provider_index,Provider Index,Provider Admin,Rabbi Sheller Provider Workspace,Settings,Provider Index,settings,private,Provider admin,Admin/operator,Open navigation,true,true,true,true,true,true,Small mobile tap targets detected.
/operations?workspace=rabbi_sheller_provider&view=settings&section=provider_plans,Provider Plans,Provider Admin,Rabbi Sheller Provider Workspace,Settings,Provider Plans,settings,private,Provider admin,Admin/operator,Open navigation,true,true,true,true,true,true,Small mobile tap targets detected.
/operations?workspace=rabbi_sheller_provider&view=settings&section=provider_entitlements,Provider Entitlements,Provider Admin,Rabbi Sheller Provider Workspace,Settings,Provider Entitlements,settings,private,Provider admin,Admin/operator,Open navigation,true,true,true,true,true,true,Small mobile tap targets detected.
/operations?workspace=rabbi_sheller_provider&view=settings&section=provider_onboarding,Provider Onboarding,Provider Admin,Rabbi Sheller Provider Workspace,Settings,Provider Onboarding,settings,private,Provider admin,Admin/operator,Open navigation,true,true,true,true,true,true,Small mobile tap targets detected.
/operations?workspace=rabbi_sheller_provider&view=settings&section=commercial_models,Commercial Models,Provider Admin,Rabbi Sheller Provider Workspace,Settings,Commercial Models,settings,private,Provider admin,Admin/operator,Open navigation,true,true,true,true,true,true,Small mobile tap targets detected.
/operations?workspace=rabbi_sheller_provider&view=settings&section=bot_permissions,Bot Permissions,Provider Admin,Rabbi Sheller Provider Workspace,Settings,Bot Permissions,settings,private,Provider admin,Admin/operator,Open navigation,true,true,true,true,true,true,Small mobile tap targets detected.
/operations?workspace=rabbi_sheller_provider&view=settings&section=api_limits,Api Limits,Provider Admin,Rabbi Sheller Provider Workspace,Settings,Api Limits,settings,private,Provider admin,Admin/operator,Open navigation,true,true,true,true,true,true,Small mobile tap targets detected.
/operations?workspace=rabbi_sheller_provider&view=settings&section=communications,Communications,Provider Admin,Rabbi Sheller Provider Workspace,Settings,Communications,settings,private,Provider admin,Admin/operator,Open navigation,true,true,true,true,true,true,Small mobile tap targets detected.
/operations?workspace=rabbi_sheller_provider&view=settings&section=integrations,Integrations,Provider Admin,Rabbi Sheller Provider Workspace,Settings,Integrations,settings,private,Provider admin,Admin/operator,Open navigation,true,true,true,true,true,true,Small mobile tap targets detected.
/operations?workspace=rabbi_sheller_provider&view=settings&section=payment_links,Payment Links,Provider Admin,Rabbi Sheller Provider Workspace,Settings,Payment Links,settings,private,Provider admin,Admin/operator,Open navigation,true,true,true,true,true,true,Small mobile tap targets detected.
/operations?workspace=rabbi_sheller_provider&view=settings&section=external_apps,External Apps,Provider Admin,Rabbi Sheller Provider Workspace,Settings,External Apps,settings,private,Provider admin,Admin/operator,Open navigation,true,true,true,true,true,true,Small mobile tap targets detected.
/operations?workspace=rabbi_sheller_provider&view=settings&section=billing,Billing,Provider Admin,Rabbi Sheller Provider Workspace,Settings,Billing,settings,private,Provider admin,Admin/operator,Open navigation,true,true,true,true,true,true,Small mobile tap targets detected.
/operations?workspace=rabbi_sheller_provider&view=settings&section=automations,Automations,Provider Admin,Rabbi Sheller Provider Workspace,Settings,Automations,settings,private,Provider admin,Admin/operator,Open navigation,true,true,true,true,true,true,Small mobile tap targets detected.
/operations?workspace=rabbi_sheller_provider&view=settings&section=danger,Danger,Provider Admin,Rabbi Sheller Provider Workspace,Settings,Danger,settings,private,Provider admin,Admin/operator,Open navigation,true,true,true,true,true,true,Small mobile tap targets detected.
/,Public Site Home,Public,Public Website,Website,,page,public,Public visitor,Public Website,,false,false,false,false,true,,Too many card-like panels.
/he,Hebrew State,Public,Public Website,Website,,page,public,Public visitor,Public Website,,false,false,false,false,false,,No major automated issue detected; manual designer review still required.
/blog,Blog,Public,Public Website,Website,,page,public,Public visitor,Public Website,,false,false,false,false,true,,Too many card-like panels.
/he/blog,Hebrew State,Public,Public Website,Website,,page,public,Public visitor,Public Website,,false,false,false,false,false,,No major automated issue detected; manual designer review still required.
/faq,FAQ,Public,Public Website,Website,,page,public,Public visitor,Public Website,,false,false,false,false,false,,No major automated issue detected; manual designer review still required.
/he/faq,Hebrew State,Public,Public Website,Website,,page,public,Public visitor,Public Website,,false,false,false,false,false,,No major automated issue detected; manual designer review still required.
/signup.html,Signup English,Public,Public Website,Website,,page,public,Public visitor,Public Website,Open and Sign,false,false,false,false,false,,No major automated issue detected; manual designer review still required.
/signup-he.html,Hebrew State,Public,Public Website,Website,,page,public,Public visitor,Public Website,,false,false,false,false,false,,No major automated issue detected; manual designer review still required.
/signup-thank-you.html,Signup Thank You,Public,Public Website,Website,,page,public,Public visitor,Public Website,,false,false,false,false,false,,No major automated issue detected; manual designer review still required.
/documents/parent-handbook.html,Parent Handbook,Public,Public Website,Website,,page,public,Public visitor,Parent,,false,false,true,true,false,,No major automated issue detected; manual designer review still required.
/operations-login.html,Operations Login,Public,Operations Login,Auth,,login,public,Public visitor,Admin/operator,New Task,true,true,true,false,true,,No major automated issue detected; manual designer review still required.
/parent,Parent Portal Login,Parent,BNA School Workspace,Portal,,login,private,BNA parent,Parent,Sign in,false,true,true,true,false,,Parent/student assistant placement must be explicitly reviewed.
/student,Student Workspace Login,Student,BNA School Workspace,Portal,,login,private,BNA student,Student,Open My Board,false,true,true,true,false,,Parent/student assistant placement must be explicitly reviewed.
/provider,Provider Portal Login,Provider Admin,Rabbi Sheller Provider Workspace,Portal,,login,private,Provider admin,Provider/public provider visitor,Sign In,false,true,true,true,false,,No major automated issue detected; manual designer review still required.
/providers/join, Onboarding,Provider Admin,Rabbi Sheller Provider Workspace,Provider Onboarding,,page,private,Provider admin,Provider/public provider visitor,Submit For Review,false,false,true,true,false,,No major automated issue detected; manual designer review still required.
/operations?workspace=platform&view=dashboard&section=overview,Overview,Super Admin,Platform,Dashboard,Overview,dashboard,private,Shloimie / platform operator,Admin/operator,New Task,true,true,true,true,true,,No major automated issue detected; manual designer review still required.
/operations?workspace=platform&view=dashboard&section=activity,Activity,Super Admin,Platform,Dashboard,Activity,page,private,Shloimie / platform operator,Admin/operator,New Task,true,true,true,true,true,,No major automated issue detected; manual designer review still required.
/operations?workspace=platform&view=dashboard&section=alerts,Alerts,Super Admin,Platform,Dashboard,Alerts,page,private,Shloimie / platform operator,Admin/operator,New Task,true,true,true,true,true,,No major automated issue detected; manual designer review still required.
/operations?workspace=platform&view=dashboard&section=today,Today,Super Admin,Platform,Dashboard,Today,page,private,Shloimie / platform operator,Admin/operator,New Task,true,true,true,true,true,,No major automated issue detected; manual designer review still required.
/operations?workspace=platform&view=dashboard&section=updates,Updates,Super Admin,Platform,Dashboard,Updates,page,private,Shloimie / platform operator,Admin/operator,New Task,true,true,true,true,true,,No major automated issue detected; manual designer review still required.
/operations?workspace=platform&view=pipelines&section=overview,Overview,Super Admin,Platform,Pipelines,Overview,dashboard,private,Shloimie / platform operator,Admin/operator,New Pipeline Card,true,true,true,true,true,,No major automated issue detected; manual designer review still required.
/operations?workspace=platform&view=pipelines&section=bna_enrollment,Bna Enrollment,Super Admin,Platform,Pipelines,Bna Enrollment,page,private,Shloimie / platform operator,Admin/operator,New Pipeline Card,true,true,true,true,true,,No major automated issue detected; manual designer review still required.
/operations?workspace=platform&view=pipelines&section=provider_class,Provider Class,Super Admin,Platform,Pipelines,Provider Class,page,private,Shloimie / platform operator,Admin/operator,New Pipeline Card,true,true,true,true,true,,No major automated issue detected; manual designer review still required.
/operations?workspace=platform&view=pipelines&section=provider_onboarding,Provider Onboarding,Super Admin,Platform,Pipelines,Provider Onboarding,page,private,Shloimie / platform operator,Admin/operator,New Pipeline Card,true,true,true,true,true,,No major automated issue detected; manual designer review still required.
/operations?workspace=platform&view=pipelines&section=participants,Participants,Super Admin,Platform,Pipelines,Participants,page,private,Shloimie / platform operator,Admin/operator,New Pipeline Card,true,true,true,true,true,,No major automated issue detected; manual designer review still required.
/operations?workspace=platform&view=pipelines&section=stale_tasks,Stale Tasks,Super Admin,Platform,Pipelines,Stale Tasks,page,private,Shloimie / platform operator,Admin/operator,New Pipeline Card,true,true,true,true,true,,Too many visible actions.
/operations?workspace=platform&view=pipelines&section=decisions,Decisions,Super Admin,Platform,Pipelines,Decisions,page,private,Shloimie / platform operator,Admin/operator,New Pipeline Card,true,true,true,true,true,,No major automated issue detected; manual designer review still required.
/operations?workspace=platform&view=tasks&section=overview,Overview,Super Admin,Platform,Tasks,Overview,dashboard,private,Shloimie / platform operator,Admin/operator,New Task,true,true,true,true,true,,No major automated issue detected; manual designer review still required.
/operations?workspace=platform&view=tasks&section=decisions,Decisions,Super Admin,Platform,Tasks,Decisions,page,private,Shloimie / platform operator,Admin/operator,New Task,true,true,true,true,true,,No major automated issue detected; manual designer review still required.
/operations?workspace=platform&view=tasks&section=mine,Mine,Super Admin,Platform,Tasks,Mine,page,private,Shloimie / platform operator,Admin/operator,New Task,true,true,true,true,true,,No major automated issue detected; manual designer review still required.
/operations?workspace=platform&view=tasks&section=schedule,Schedule,Super Admin,Platform,Tasks,Schedule,page,private,Shloimie / platform operator,Admin/operator,New Task,true,true,true,true,true,,No major automated issue detected; manual designer review still required.
/operations?workspace=platform&view=tasks&section=research,Research,Super Admin,Platform,Tasks,Research,page,private,Shloimie / platform operator,Admin/operator,New Task,true,true,true,true,true,,No major automated issue detected; manual designer review still required.
/operations?workspace=platform&view=tasks&section=changelog,Changelog,Super Admin,Platform,Tasks,Changelog,page,private,Shloimie / platform operator,Admin/operator,New Task,true,true,true,true,true,,No major automated issue detected; manual designer review still required.
/operations?workspace=platform&view=tasks&section=done,Done,Super Admin,Platform,Tasks,Done,page,private,Shloimie / platform operator,Admin/operator,New Task,true,true,true,true,true,,No major automated issue detected; manual designer review still required.
/operations?workspace=platform&view=students&section=overview,Overview,Super Admin,Platform,Students,Overview,dashboard,private,Shloimie / platform operator,Admin/operator,New Task,true,true,true,true,true,,No major automated issue detected; manual designer review still required.
/operations?workspace=platform&view=students&section=list,List,Super Admin,Platform,Students,List,page,private,Shloimie / platform operator,Admin/operator,New Task,true,true,true,true,true,,No major automated issue detected; manual designer review still required.
/operations?workspace=platform&view=students&section=group_goal,Group Goal,Super Admin,Platform,Students,Group Goal,page,private,Shloimie / platform operator,Admin/operator,New Task,true,true,true,true,true,,No major automated issue detected; manual designer review still required.
/operations?workspace=platform&view=students&section=goal_board,Goal Board,Super Admin,Platform,Students,Goal Board,page,private,Shloimie / platform operator,Admin/operator,New Task,true,true,true,true,true,,No major automated issue detected; manual designer review still required.
/operations?workspace=platform&view=students&section=assignments,Assignments,Super Admin,Platform,Students,Assignments,page,private,Shloimie / platform operator,Admin/operator,New Task,true,true,true,true,true,,No major automated issue detected; manual designer review still required.
/operations?workspace=platform&view=students&section=questions,Questions,Super Admin,Platform,Students,Questions,page,private,Shloimie / platform operator,Admin/operator,New Task,true,true,true,true,true,,No major automated issue detected; manual designer review still required.
/operations?workspace=platform&view=students&section=documents,Documents,Super Admin,Platform,Students,Documents,page,private,Shloimie / platform operator,Admin/operator,New Task,true,true,true,true,true,,No major automated issue detected; manual designer review still required.
/operations?workspace=platform&view=students&section=portal_links,Portal Links,Super Admin,Platform,Students,Portal Links,page,private,Shloimie / platform operator,Admin/operator,New Task,true,true,true,true,true,,No major automated issue detected; manual designer review still required.
/operations?workspace=platform&view=students&section=tablet_access,Tablet Access,Super Admin,Platform,Students,Tablet Access,page,private,Shloimie / platform operator,Admin/operator,New Task,true,true,true,true,true,,No major automated issue detected; manual designer review still required.
/operations?workspace=platform&view=students&section=profile,Profile,Super Admin,Platform,Students,Profile,detail,private,Shloimie / platform operator,Admin/operator,New Task,true,true,true,true,true,,No major automated issue detected; manual designer review still required.
/operations?workspace=platform&view=students&section=parent_family,Parent Family,Super Admin,Platform,Students,Parent Family,page,private,Shloimie / platform operator,Admin/operator,New Task,true,true,true,true,true,,No major automated issue detected; manual designer review still required.
/operations?workspace=platform&view=students&section=analysis,Analysis,Super Admin,Platform,Students,Analysis,page,private,Shloimie / platform operator,Admin/operator,New Task,true,true,true,true,true,,No major automated issue detected; manual designer review still required.
/operations?workspace=platform&view=students&section=meetings,Meetings,Super Admin,Platform,Students,Meetings,page,private,Shloimie / platform operator,Admin/operator,New Task,true,true,true,true,true,,No major automated issue detected; manual designer review still required.
/operations?workspace=platform&view=students&section=bot_settings,Bot Settings,Super Admin,Platform,Students,Bot Settings,settings,private,Shloimie / platform operator,Admin/operator,New Task,true,true,true,true,true,,No major automated issue detected; manual designer review still required.
/operations?workspace=platform&view=students&section=activity,Activity,Super Admin,Platform,Students,Activity,page,private,Shloimie / platform operator,Admin/operator,New Task,true,true,true,true,true,,No major automated issue detected; manual designer review still required.
/operations?workspace=platform&view=students&section=next_year_login,Next Year Login,Super Admin,Platform,Students,Next Year Login,login,private,Shloimie / platform operator,Admin/operator,New Task,true,true,true,true,true,,No major automated issue detected; manual designer review still required.
/operations?workspace=platform&view=contacts&section=overview,Overview,Super Admin,Platform,Contacts,Overview,dashboard,private,Shloimie / platform operator,Admin/operator,New Task,true,true,true,true,true,,No major automated issue detected; manual designer review still required.
/operations?workspace=platform&view=contacts&section=interested_parents,Interested Parents,Super Admin,Platform,Contacts,Interested Parents,page,private,Shloimie / platform operator,Admin/operator,New Task,true,true,true,true,true,,No major automated issue detected; manual designer review still required.
/operations?workspace=platform&view=contacts&section=parents,Parents,Super Admin,Platform,Contacts,Parents,page,private,Shloimie / platform operator,Admin/operator,New Task,true,true,true,true,true,,No major automated issue detected; manual designer review still required.
/operations?workspace=platform&view=contacts&section=people,People,Super Admin,Platform,Contacts,People,page,private,Shloimie / platform operator,Admin/operator,New Task,true,true,true,true,true,,No major automated issue detected; manual designer review still required.
/operations?workspace=platform&view=contacts&section=contacts,Contacts,Super Admin,Platform,Contacts,Contacts,page,private,Shloimie / platform operator,Admin/operator,New Task,true,true,true,true,true,,No major automated issue detected; manual designer review still required.
/operations?workspace=platform&view=contacts&section=notes,Notes,Super Admin,Platform,Contacts,Notes,page,private,Shloimie / platform operator,Admin/operator,New Task,true,true,true,true,true,,No major automated issue detected; manual designer review still required.
/operations?workspace=platform&view=contacts&section=students,Students,Super Admin,Platform,Contacts,Students,page,private,Shloimie / platform operator,Admin/operator,New Task,true,true,true,true,true,,No major automated issue detected; manual designer review still required.
/operations?workspace=platform&view=contacts&section=intake,Intake,Super Admin,Platform,Contacts,Intake,page,private,Shloimie / platform operator,Admin/operator,New Task,true,true,true,true,true,,No major automated issue detected; manual designer review still required.
/operations?workspace=platform&view=contacts&section=follow_up,Follow Up,Super Admin,Platform,Contacts,Follow Up,page,private,Shloimie / platform operator,Admin/operator,New Task,true,true,true,true,true,,No major automated issue detected; manual designer review still required.
/operations?workspace=platform&view=contacts&section=tags,Tags,Super Admin,Platform,Contacts,Tags,page,private,Shloimie / platform operator,Admin/operator,New Task,true,true,true,true,true,,No major automated issue detected; manual designer review still required.
/operations?workspace=platform&view=content&section=library,Library,Super Admin,Platform,Content,Library,page,private,Shloimie / platform operator,Admin/operator,New Task,true,true,true,true,true,,No major automated issue detected; manual designer review still required.
/operations?workspace=platform&view=content&section=meetings,Meetings,Super Admin,Platform,Content,Meetings,page,private,Shloimie / platform operator,Admin/operator,New Task,true,true,true,true,true,,No major automated issue detected; manual designer review still required.
/operations?workspace=platform&view=content&section=research,Research,Super Admin,Platform,Content,Research,page,private,Shloimie / platform operator,Admin/operator,New Task,true,true,true,true,true,,No major automated issue detected; manual designer review still required.
/operations?workspace=platform&view=content&section=selected,Selected,Super Admin,Platform,Content,Selected,page,private,Shloimie / platform operator,Admin/operator,New Task,true,true,true,true,true,,No major automated issue detected; manual designer review still required.
/operations?workspace=platform&view=content&section=repurpose,Repurpose,Super Admin,Platform,Content,Repurpose,page,private,Shloimie / platform operator,Admin/operator,New Task,true,true,true,true,true,,No major automated issue detected; manual designer review still required.
/operations?workspace=platform&view=content&section=newsletter,Newsletter,Super Admin,Platform,Content,Newsletter,page,private,Shloimie / platform operator,Admin/operator,New Task,true,true,true,true,true,,No major automated issue detected; manual designer review still required.
/operations?workspace=platform&view=content&section=prompts,Prompts,Super Admin,Platform,Content,Prompts,page,private,Shloimie / platform operator,Admin/operator,New Task,true,true,true,true,true,,No major automated issue detected; manual designer review still required.
/operations?workspace=platform&view=content&section=bundles,Bundles,Super Admin,Platform,Content,Bundles,page,private,Shloimie / platform operator,Admin/operator,New Task,true,true,true,true,true,,No major automated issue detected; manual designer review still required.
/operations?workspace=platform&view=calendar&section=overview,Overview,Super Admin,Platform,Calendar,Overview,dashboard,private,Shloimie / platform operator,Admin/operator,New Event,true,true,true,true,true,,No major automated issue detected; manual designer review still required.
/operations?workspace=platform&view=calendar&section=week,Week,Super Admin,Platform,Calendar,Week,page,private,Shloimie / platform operator,Admin/operator,New Event,true,true,true,true,true,,No major automated issue detected; manual designer review still required.
/operations?workspace=platform&view=calendar&section=month,Month,Super Admin,Platform,Calendar,Month,page,private,Shloimie / platform operator,Admin/operator,New Event,true,true,true,true,true,,No major automated issue detected; manual designer review still required.
/operations?workspace=platform&view=calendar&section=classes,Classes,Super Admin,Platform,Calendar,Classes,page,private,Shloimie / platform operator,Admin/operator,New Event,true,true,true,true,true,,Too many visible actions. Too many card-like panels.
/operations?workspace=platform&view=calendar&section=students,Students,Super Admin,Platform,Calendar,Students,page,private,Shloimie / platform operator,Admin/operator,New Event,true,true,true,true,true,,No major automated issue detected; manual designer review still required.
/operations?workspace=platform&view=calendar&section=provider,Provider,Super Admin,Platform,Calendar,Provider,page,private,Shloimie / platform operator,Admin/operator,New Event,true,true,true,true,true,,No major automated issue detected; manual designer review still required.
/operations?workspace=platform&view=calendar&section=google_sync,Google Sync,Super Admin,Platform,Calendar,Google Sync,page,private,Shloimie / platform operator,Admin/operator,New Event,true,true,true,true,true,,No major automated issue detected; manual designer review still required.
/operations?workspace=platform&view=calendar&section=settings,Settings,Super Admin,Platform,Calendar,Settings,settings,private,Shloimie / platform operator,Admin/operator,New Event,true,true,true,true,true,,No major automated issue detected; manual designer review still required.
/operations?workspace=platform&view=service_providers&section=overview,Overview,Super Admin,Platform,Service Providers,Overview,dashboard,private,Shloimie / platform operator,Admin/operator,Add Provider,true,true,true,true,true,,Too many card-like panels.
/operations?workspace=platform&view=service_providers&section=directory,Directory,Super Admin,Platform,Service Providers,Directory,page,private,Shloimie / platform operator,Admin/operator,Add Provider,true,true,true,true,true,,Too many card-like panels.
/operations?workspace=platform&view=service_providers&section=workspaces,Workspaces,Super Admin,Platform,Service Providers,Workspaces,page,private,Shloimie / platform operator,Admin/operator,Add Provider,true,true,true,true,true,,Too many visible actions. Too many card-like panels. Too much not-configured/placeholder language.
/operations?workspace=platform&view=service_providers&section=commercial,Commercial,Super Admin,Platform,Service Providers,Commercial,page,private,Shloimie / platform operator,Admin/operator,Add Provider,true,true,true,true,true,,No major automated issue detected; manual designer review still required.
/operations?workspace=platform&view=service_providers&section=plans,Plans,Super Admin,Platform,Service Providers,Plans,page,private,Shloimie / platform operator,Admin/operator,Add Provider,true,true,true,true,true,,No major automated issue detected; manual designer review still required.
/operations?workspace=platform&view=service_providers&section=onboarding,Onboarding,Super Admin,Platform,Service Providers,Onboarding,page,private,Shloimie / platform operator,Admin/operator,Add Provider,true,true,true,true,true,,No major automated issue detected; manual designer review still required.
/operations?workspace=platform&view=service_providers&section=access_checklist,Access Checklist,Super Admin,Platform,Service Providers,Access Checklist,page,private,Shloimie / platform operator,Admin/operator,Add Provider,true,true,true,true,true,,No major automated issue detected; manual designer review still required.
/operations?workspace=platform&view=service_providers&section=integration_audit,Integration Audit,Super Admin,Platform,Service Providers,Integration Audit,page,private,Shloimie / platform operator,Admin/operator,Add Provider,true,true,true,true,true,,No major automated issue detected; manual designer review still required.
/operations?workspace=platform&view=service_providers&section=communities,Communities,Super Admin,Platform,Service Providers,Communities,page,private,Shloimie / platform operator,Admin/operator,Add Provider,true,true,true,true,true,,No major automated issue detected; manual designer review still required.
/operations?workspace=platform&view=service_providers&section=content,Content,Super Admin,Platform,Service Providers,Content,page,private,Shloimie / platform operator,Admin/operator,Add Provider,true,true,true,true,true,,No major automated issue detected; manual designer review still required.
/operations?workspace=platform&view=service_providers&section=marketing,Marketing,Super Admin,Platform,Service Providers,Marketing,page,private,Shloimie / platform operator,Admin/operator,Add Provider,true,true,true,true,true,,No major automated issue detected; manual designer review still required.
/operations?workspace=platform&view=service_providers&section=leads,Leads,Super Admin,Platform,Service Providers,Leads,page,private,Shloimie / platform operator,Admin/operator,Add Provider,true,true,true,true,true,,No major automated issue detected; manual designer review still required.
/operations?workspace=platform&view=service_providers&section=communications,Communications,Super Admin,Platform,Service Providers,Communications,page,private,Shloimie / platform operator,Admin/operator,Add Provider,true,true,true,true,true,,No major automated issue detected; manual designer review still required.
/operations?workspace=platform&view=service_providers&section=settings,Settings,Super Admin,Platform,Service Providers,Settings,settings,private,Shloimie / platform operator,Admin/operator,Add Provider,true,true,true,true,true,,Too much not-configured/placeholder language.
/operations?workspace=platform&view=communications&section=overview,Overview,Super Admin,Platform,Communications,Overview,dashboard,private,Shloimie / platform operator,Admin/operator,New Message,true,true,true,true,true,,Too many card-like panels.
/operations?workspace=platform&view=communications&section=parents,Parents,Super Admin,Platform,Communications,Parents,page,private,Shloimie / platform operator,Admin/operator,New Message,true,true,true,true,true,,Too many card-like panels.
/operations?workspace=platform&view=communications&section=students,Students,Super Admin,Platform,Communications,Students,page,private,Shloimie / platform operator,Admin/operator,New Message,true,true,true,true,true,,No major automated issue detected; manual designer review still required.
/operations?workspace=platform&view=communications&section=providers,Providers,Super Admin,Platform,Communications,Providers,page,private,Shloimie / platform operator,Admin/operator,New Message,true,true,true,true,true,,No major automated issue detected; manual designer review still required.
/operations?workspace=platform&view=communications&section=internal,Internal,Super Admin,Platform,Communications,Internal,page,private,Shloimie / platform operator,Admin/operator,New Message,true,true,true,true,true,,No major automated issue detected; manual designer review still required.
/operations?workspace=platform&view=communications&section=whatsapp,Whatsapp,Super Admin,Platform,Communications,Whatsapp,page,private,Shloimie / platform operator,Admin/operator,New Message,true,true,true,true,true,,No major automated issue detected; manual designer review still required.
/operations?workspace=platform&view=communications&section=email,Email,Super Admin,Platform,Communications,Email,page,private,Shloimie / platform operator,Admin/operator,New Message,true,true,true,true,true,,Too many card-like panels.
/operations?workspace=platform&view=communications&section=bots,Bots,Super Admin,Platform,Communications,Bots,page,private,Shloimie / platform operator,Admin/operator,New Message,true,true,true,true,true,,No major automated issue detected; manual designer review still required.
/operations?workspace=platform&view=communications&section=templates,Templates,Super Admin,Platform,Communications,Templates,page,private,Shloimie / platform operator,Admin/operator,New Message,true,true,true,true,true,,No major automated issue detected; manual designer review still required.
/operations?workspace=platform&view=communications&section=settings,Settings,Super Admin,Platform,Communications,Settings,settings,private,Shloimie / platform operator,Admin/operator,New Message,true,true,true,true,true,,No major automated issue detected; manual designer review still required.
/operations?workspace=platform&view=internal_dialogue&section=overview,Overview,Super Admin,Platform,Internal Dialogue,Overview,dashboard,private,Shloimie / platform operator,Admin/operator,Uploads / Materials 0,true,true,true,true,true,,No major automated issue detected; manual designer review still required.
/operations?workspace=platform&view=internal_dialogue&section=shloimie_rabbi,Shloimie Rabbi,Super Admin,Platform,Internal Dialogue,Shloimie Rabbi,page,private,Shloimie / platform operator,Admin/operator,Uploads / Materials 0,true,true,true,true,true,,No major automated issue detected; manual designer review still required.
/operations?workspace=platform&view=internal_dialogue&section=meeting_notes,Meeting Notes,Super Admin,Platform,Internal Dialogue,Meeting Notes,page,private,Shloimie / platform operator,Admin/operator,Uploads / Materials 0,true,true,true,true,true,,No major automated issue detected; manual designer review still required.
/operations?workspace=platform&view=internal_dialogue&section=uploads,Uploads,Super Admin,Platform,Internal Dialogue,Uploads,page,private,Shloimie / platform operator,Admin/operator,Uploads / Materials 0,true,true,true,true,true,,No major automated issue detected; manual designer review still required.
/operations?workspace=platform&view=internal_dialogue&section=decisions,Decisions,Super Admin,Platform,Internal Dialogue,Decisions,page,private,Shloimie / platform operator,Admin/operator,Uploads / Materials 0,true,true,true,true,true,,No major automated issue detected; manual designer review still required.
/operations?workspace=platform&view=internal_dialogue&section=support,Support,Super Admin,Platform,Internal Dialogue,Support,page,private,Shloimie / platform operator,Admin/operator,Uploads / Materials 0,true,true,true,true,true,,No major automated issue detected; manual designer review still required.
/operations?workspace=platform&view=internal_dialogue&section=activity,Activity,Super Admin,Platform,Internal Dialogue,Activity,page,private,Shloimie / platform operator,Admin/operator,Uploads / Materials 0,true,true,true,true,true,,No major automated issue detected; manual designer review still required.
/operations?workspace=platform&view=accounting&section=overview,Overview,Super Admin,Platform,Accounting,Overview,dashboard,private,Shloimie / platform operator,Admin/operator,New Task,true,true,true,true,true,,No major automated issue detected; manual designer review still required.
/operations?workspace=platform&view=accounting&section=payments,Payments,Super Admin,Platform,Accounting,Payments,page,private,Shloimie / platform operator,Admin/operator,New Task,true,true,true,true,true,,No major automated issue detected; manual designer review still required.
/operations?workspace=platform&view=accounting&section=open,Open,Super Admin,Platform,Accounting,Open,page,private,Shloimie / platform operator,Admin/operator,New Task,true,true,true,true,true,,No major automated issue detected; manual designer review still required.
/operations?workspace=platform&view=accounting&section=paid,Paid,Super Admin,Platform,Accounting,Paid,page,private,Shloimie / platform operator,Admin/operator,New Task,true,true,true,true,true,,No major automated issue detected; manual designer review still required.
/operations?workspace=platform&view=accounting&section=needs_signup,Needs Signup,Super Admin,Platform,Accounting,Needs Signup,page,private,Shloimie / platform operator,Admin/operator,New Task,true,true,true,true,true,,No major automated issue detected; manual designer review still required.
/operations?workspace=platform&view=accounting&section=exceptions,Exceptions,Super Admin,Platform,Accounting,Exceptions,page,private,Shloimie / platform operator,Admin/operator,New Task,true,true,true,true,true,,No major automated issue detected; manual designer review still required.
/operations?workspace=platform&view=api_usage&section=overview,Overview,Super Admin,Platform,Api Usage,Overview,dashboard,private,Shloimie / platform operator,Admin/operator,New Task,true,true,true,true,true,,No major automated issue detected; manual designer review still required.
/operations?workspace=platform&view=api_usage&section=workspace,Workspace,Super Admin,Platform,Api Usage,Workspace,page,private,Shloimie / platform operator,Admin/operator,New Task,true,true,true,true,true,,No major automated issue detected; manual designer review still required.
/operations?workspace=platform&view=api_usage&section=parent,Parent,Super Admin,Platform,Api Usage,Parent,page,private,Shloimie / platform operator,Admin/operator,New Task,true,true,true,true,true,,No major automated issue detected; manual designer review still required.
/operations?workspace=platform&view=api_usage&section=student,Student,Super Admin,Platform,Api Usage,Student,page,private,Shloimie / platform operator,Admin/operator,New Task,true,true,true,true,true,,No major automated issue detected; manual designer review still required.
/operations?workspace=platform&view=api_usage&section=provider,Provider,Super Admin,Platform,Api Usage,Provider,page,private,Shloimie / platform operator,Admin/operator,New Task,true,true,true,true,true,,No major automated issue detected; manual designer review still required.
/operations?workspace=platform&view=api_usage&section=bot,Bot,Super Admin,Platform,Api Usage,Bot,page,private,Shloimie / platform operator,Admin/operator,New Task,true,true,true,true,true,,No major automated issue detected; manual designer review still required.
/operations?workspace=platform&view=api_usage&section=errors,Errors,Super Admin,Platform,Api Usage,Errors,page,private,Shloimie / platform operator,Admin/operator,New Task,true,true,true,true,true,,No major automated issue detected; manual designer review still required.
/operations?workspace=platform&view=api_usage&section=budgets,Budgets,Super Admin,Platform,Api Usage,Budgets,page,private,Shloimie / platform operator,Admin/operator,New Task,true,true,true,true,true,,No major automated issue detected; manual designer review still required.
/operations?workspace=platform&view=api_usage&section=settings,Settings,Super Admin,Platform,Api Usage,Settings,settings,private,Shloimie / platform operator,Admin/operator,New Task,true,true,true,true,true,,No major automated issue detected; manual designer review still required.
/operations?workspace=platform&view=admin&section=overview,Overview,Super Admin,Platform,Admin,Overview,dashboard,private,Shloimie / platform operator,Admin/operator,Add User,true,true,true,true,true,,No major automated issue detected; manual designer review still required.
/operations?workspace=platform&view=admin&section=users,Users,Super Admin,Platform,Admin,Users,page,private,Shloimie / platform operator,Admin/operator,Add User,true,true,true,true,true,,No major automated issue detected; manual designer review still required.
/operations?workspace=platform&view=admin&section=roles,Roles,Super Admin,Platform,Admin,Roles,page,private,Shloimie / platform operator,Admin/operator,Add User,true,true,true,true,true,,No major automated issue detected; manual designer review still required.
/operations?workspace=platform&view=admin&section=workspaces,Workspaces,Super Admin,Platform,Admin,Workspaces,page,private,Shloimie / platform operator,Admin/operator,Add User,true,true,true,true,true,,No major automated issue detected; manual designer review still required.
/operations?workspace=platform&view=admin&section=invitations,Invitations,Super Admin,Platform,Admin,Invitations,page,private,Shloimie / platform operator,Admin/operator,Add User,true,true,true,true,true,,No major automated issue detected; manual designer review still required.
/operations?workspace=platform&view=admin&section=tickets,Tickets,Super Admin,Platform,Admin,Tickets,page,private,Shloimie / platform operator,Admin/operator,Add User,true,true,true,true,true,,No major automated issue detected; manual designer review still required.
/operations?workspace=platform&view=admin&section=messages,Messages,Super Admin,Platform,Admin,Messages,page,private,Shloimie / platform operator,Admin/operator,Add User,true,true,true,true,true,,No major automated issue detected; manual designer review still required.
/operations?workspace=platform&view=admin&section=settings,Settings,Super Admin,Platform,Admin,Settings,settings,private,Shloimie / platform operator,Admin/operator,Add User,true,true,true,true,true,,No major automated issue detected; manual designer review still required.
/operations?workspace=platform&view=settings&section=profile,Profile,Super Admin,Platform,Settings,Profile,settings,private,Shloimie / platform operator,Admin/operator,Save Settings,true,true,true,true,true,,No major automated issue detected; manual designer review still required.
/operations?workspace=platform&view=settings&section=workspace,Workspace,Super Admin,Platform,Settings,Workspace,settings,private,Shloimie / platform operator,Admin/operator,Save Settings,true,true,true,true,true,,No major automated issue detected; manual designer review still required.
/operations?workspace=platform&view=settings&section=branding,Branding,Super Admin,Platform,Settings,Branding,settings,private,Shloimie / platform operator,Admin/operator,Save Settings,true,true,true,true,true,,No major automated issue detected; manual designer review still required.
/operations?workspace=platform&view=settings&section=language,Language,Super Admin,Platform,Settings,Language,settings,private,Shloimie / platform operator,Admin/operator,Save Settings,true,true,true,true,true,,No major automated issue detected; manual designer review still required.
/operations?workspace=platform&view=settings&section=users_roles,Users Roles,Super Admin,Platform,Settings,Users Roles,settings,private,Shloimie / platform operator,Admin/operator,Save Settings,true,true,true,true,true,,No major automated issue detected; manual designer review still required.
/operations?workspace=platform&view=settings&section=email_identities,Email Identities,Super Admin,Platform,Settings,Email Identities,settings,private,Shloimie / platform operator,Admin/operator,Save Settings,true,true,true,true,true,,No major automated issue detected; manual designer review still required.
/operations?workspace=platform&view=settings&section=whatsapp,Whatsapp,Super Admin,Platform,Settings,Whatsapp,settings,private,Shloimie / platform operator,Admin/operator,Save Settings,true,true,true,true,true,,No major automated issue detected; manual designer review still required.
/operations?workspace=platform&view=settings&section=social_accounts,Social Accounts,Super Admin,Platform,Settings,Social Accounts,settings,private,Shloimie / platform operator,Admin/operator,Save Settings,true,true,true,true,true,,No major automated issue detected; manual designer review still required.
/operations?workspace=platform&view=settings&section=calendar,Calendar,Super Admin,Platform,Settings,Calendar,settings,private,Shloimie / platform operator,Admin/operator,Save Settings,true,true,true,true,true,,No major automated issue detected; manual designer review still required.
/operations?workspace=platform&view=settings&section=google_classroom,Google Classroom,Super Admin,Platform,Settings,Google Classroom,settings,private,Shloimie / platform operator,Admin/operator,Save Settings,true,true,true,true,true,,No major automated issue detected; manual designer review still required.
/operations?workspace=platform&view=settings&section=parent_portal,Parent Portal,Super Admin,Platform,Settings,Parent Portal,settings,private,Shloimie / platform operator,Admin/operator,Save Settings,true,true,true,true,true,,No major automated issue detected; manual designer review still required.
/operations?workspace=platform&view=settings&section=student_portal,Student Portal,Super Admin,Platform,Settings,Student Portal,settings,private,Shloimie / platform operator,Admin/operator,Save Settings,true,true,true,true,true,,No major automated issue detected; manual designer review still required.
/operations?workspace=platform&view=settings&section=provider_portal,Provider Portal,Super Admin,Platform,Settings,Provider Portal,settings,private,Shloimie / platform operator,Admin/operator,Save Settings,true,true,true,true,true,,No major automated issue detected; manual designer review still required.
/operations?workspace=platform&view=settings&section=provider_index,Provider Index,Super Admin,Platform,Settings,Provider Index,settings,private,Shloimie / platform operator,Admin/operator,Save Settings,true,true,true,true,true,,No major automated issue detected; manual designer review still required.
/operations?workspace=platform&view=settings&section=provider_plans,Provider Plans,Super Admin,Platform,Settings,Provider Plans,settings,private,Shloimie / platform operator,Admin/operator,Save Settings,true,true,true,true,true,,No major automated issue detected; manual designer review still required.
/operations?workspace=platform&view=settings&section=provider_entitlements,Provider Entitlements,Super Admin,Platform,Settings,Provider Entitlements,settings,private,Shloimie / platform operator,Admin/operator,Save Settings,true,true,true,true,true,,No major automated issue detected; manual designer review still required.
/operations?workspace=platform&view=settings&section=provider_onboarding,Provider Onboarding,Super Admin,Platform,Settings,Provider Onboarding,settings,private,Shloimie / platform operator,Admin/operator,Save Settings,true,true,true,true,true,,No major automated issue detected; manual designer review still required.
/operations?workspace=platform&view=settings&section=commercial_models,Commercial Models,Super Admin,Platform,Settings,Commercial Models,settings,private,Shloimie / platform operator,Admin/operator,Save Settings,true,true,true,true,true,,No major automated issue detected; manual designer review still required.
/operations?workspace=platform&view=settings&section=bot_permissions,Bot Permissions,Super Admin,Platform,Settings,Bot Permissions,settings,private,Shloimie / platform operator,Admin/operator,Save Settings,true,true,true,true,true,,No major automated issue detected; manual designer review still required.
/operations?workspace=platform&view=settings&section=api_limits,Api Limits,Super Admin,Platform,Settings,Api Limits,settings,private,Shloimie / platform operator,Admin/operator,Save Settings,true,true,true,true,true,,No major automated issue detected; manual designer review still required.
/operations?workspace=platform&view=settings&section=communications,Communications,Super Admin,Platform,Settings,Communications,settings,private,Shloimie / platform operator,Admin/operator,Save Settings,true,true,true,true,true,,No major automated issue detected; manual designer review still required.
/operations?workspace=platform&view=settings&section=integrations,Integrations,Super Admin,Platform,Settings,Integrations,settings,private,Shloimie / platform operator,Admin/operator,Save Settings,true,true,true,true,true,,Too many visible actions. Too much not-configured/placeholder language.
/operations?workspace=platform&view=settings&section=payment_links,Payment Links,Super Admin,Platform,Settings,Payment Links,settings,private,Shloimie / platform operator,Admin/operator,Save Settings,true,true,true,true,true,,No major automated issue detected; manual designer review still required.
/operations?workspace=platform&view=settings&section=external_apps,External Apps,Super Admin,Platform,Settings,External Apps,settings,private,Shloimie / platform operator,Admin/operator,Save Settings,true,true,true,true,true,,No major automated issue detected; manual designer review still required.
/operations?workspace=platform&view=settings&section=billing,Billing,Super Admin,Platform,Settings,Billing,settings,private,Shloimie / platform operator,Admin/operator,Save Settings,true,true,true,true,true,,No major automated issue detected; manual designer review still required.
/operations?workspace=platform&view=settings&section=automations,Automations,Super Admin,Platform,Settings,Automations,settings,private,Shloimie / platform operator,Admin/operator,Save Settings,true,true,true,true,true,,No major automated issue detected; manual designer review still required.
/operations?workspace=platform&view=settings&section=danger,Danger,Super Admin,Platform,Settings,Danger,settings,private,Shloimie / platform operator,Admin/operator,Save Settings,true,true,true,true,true,,No major automated issue detected; manual designer review still required.
/operations?workspace=bna&view=dashboard&section=overview,Overview,BNA Admin,BNA School Workspace,Dashboard,Overview,dashboard,private,BNA school admin,Admin/operator,New Task,true,true,true,true,true,,No major automated issue detected; manual designer review still required.
/operations?workspace=bna&view=dashboard&section=activity,Activity,BNA Admin,BNA School Workspace,Dashboard,Activity,page,private,BNA school admin,Admin/operator,New Task,true,true,true,true,true,,No major automated issue detected; manual designer review still required.
/operations?workspace=bna&view=dashboard&section=alerts,Alerts,BNA Admin,BNA School Workspace,Dashboard,Alerts,page,private,BNA school admin,Admin/operator,New Task,true,true,true,true,true,,No major automated issue detected; manual designer review still required.
/operations?workspace=bna&view=dashboard&section=today,Today,BNA Admin,BNA School Workspace,Dashboard,Today,page,private,BNA school admin,Admin/operator,New Task,true,true,true,true,true,,No major automated issue detected; manual designer review still required.
/operations?workspace=bna&view=dashboard&section=updates,Updates,BNA Admin,BNA School Workspace,Dashboard,Updates,page,private,BNA school admin,Admin/operator,New Task,true,true,true,true,true,,No major automated issue detected; manual designer review still required.
/operations?workspace=bna&view=pipelines&section=overview,Overview,BNA Admin,BNA School Workspace,Pipelines,Overview,dashboard,private,BNA school admin,Admin/operator,New Pipeline Card,true,true,true,true,true,,No major automated issue detected; manual designer review still required.
/operations?workspace=bna&view=pipelines&section=bna_enrollment,Bna Enrollment,BNA Admin,BNA School Workspace,Pipelines,Bna Enrollment,page,private,BNA school admin,Admin/operator,New Pipeline Card,true,true,true,true,true,,No major automated issue detected; manual designer review still required.
/operations?workspace=bna&view=pipelines&section=provider_class,Provider Class,BNA Admin,BNA School Workspace,Pipelines,Provider Class,page,private,BNA school admin,Admin/operator,New Pipeline Card,true,true,true,true,true,,No major automated issue detected; manual designer review still required.
/operations?workspace=bna&view=pipelines&section=provider_onboarding,Provider Onboarding,BNA Admin,BNA School Workspace,Pipelines,Provider Onboarding,page,private,BNA school admin,Admin/operator,New Pipeline Card,true,true,true,true,true,,No major automated issue detected; manual designer review still required.
/operations?workspace=bna&view=pipelines&section=participants,Participants,BNA Admin,BNA School Workspace,Pipelines,Participants,page,private,BNA school admin,Admin/operator,New Pipeline Card,true,true,true,true,true,,No major automated issue detected; manual designer review still required.
/operations?workspace=bna&view=pipelines&section=stale_tasks,Stale Tasks,BNA Admin,BNA School Workspace,Pipelines,Stale Tasks,page,private,BNA school admin,Admin/operator,New Pipeline Card,true,true,true,true,true,,No major automated issue detected; manual designer review still required.
/operations?workspace=bna&view=pipelines&section=decisions,Decisions,BNA Admin,BNA School Workspace,Pipelines,Decisions,page,private,BNA school admin,Admin/operator,New Pipeline Card,true,true,true,true,true,,No major automated issue detected; manual designer review still required.
/operations?workspace=bna&view=tasks&section=overview,Overview,BNA Admin,BNA School Workspace,Tasks,Overview,dashboard,private,BNA school admin,Admin/operator,New Task,true,true,true,true,true,,No major automated issue detected; manual designer review still required.
/operations?workspace=bna&view=tasks&section=decisions,Decisions,BNA Admin,BNA School Workspace,Tasks,Decisions,page,private,BNA school admin,Admin/operator,New Task,true,true,true,true,true,,Too many visible actions.
/operations?workspace=bna&view=tasks&section=mine,Mine,BNA Admin,BNA School Workspace,Tasks,Mine,page,private,BNA school admin,Admin/operator,New Task,true,true,true,true,true,,No major automated issue detected; manual designer review still required.
/operations?workspace=bna&view=tasks&section=schedule,Schedule,BNA Admin,BNA School Workspace,Tasks,Schedule,page,private,BNA school admin,Admin/operator,New Task,true,true,true,true,true,,No major automated issue detected; manual designer review still required.
/operations?workspace=bna&view=tasks&section=research,Research,BNA Admin,BNA School Workspace,Tasks,Research,page,private,BNA school admin,Admin/operator,New Task,true,true,true,true,true,,No major automated issue detected; manual designer review still required.
/operations?workspace=bna&view=tasks&section=changelog,Changelog,BNA Admin,BNA School Workspace,Tasks,Changelog,page,private,BNA school admin,Admin/operator,New Task,true,true,true,true,true,,Too many visible actions.
/operations?workspace=bna&view=tasks&section=done,Done,BNA Admin,BNA School Workspace,Tasks,Done,page,private,BNA school admin,Admin/operator,New Task,true,true,true,true,true,,No major automated issue detected; manual designer review still required.
/operations?workspace=bna&view=students&section=overview,Overview,BNA Admin,BNA School Workspace,Students,Overview,dashboard,private,BNA school admin,Admin/operator,Add / Open Student,true,true,true,true,true,,No major automated issue detected; manual designer review still required.
/operations?workspace=bna&view=students&section=list,List,BNA Admin,BNA School Workspace,Students,List,page,private,BNA school admin,Admin/operator,Add / Open Student,true,true,true,true,true,,No major automated issue detected; manual designer review still required.
/operations?workspace=bna&view=students&section=group_goal,Group Goal,BNA Admin,BNA School Workspace,Students,Group Goal,page,private,BNA school admin,Admin/operator,Add / Open Student,true,true,true,true,true,,No major automated issue detected; manual designer review still required.
/operations?workspace=bna&view=students&section=goal_board,Goal Board,BNA Admin,BNA School Workspace,Students,Goal Board,page,private,BNA school admin,Admin/operator,Add / Open Student,true,true,true,true,true,,Too many visible actions.
/operations?workspace=bna&view=students&section=assignments&student=643,Assignments,BNA Admin,BNA School Workspace,Students,Assignments,page,private,BNA school admin,Admin/operator,Add / Open Student,true,true,true,true,true,,Horizontal overflow detected. Too many visible actions.
/operations?workspace=bna&view=students&section=questions,Questions,BNA Admin,BNA School Workspace,Students,Questions,page,private,BNA school admin,Admin/operator,Add / Open Student,true,true,true,true,true,,Too many visible actions.
/operations?workspace=bna&view=students&section=documents,Documents,BNA Admin,BNA School Workspace,Students,Documents,page,private,BNA school admin,Admin/operator,Add / Open Student,true,true,true,true,true,,No major automated issue detected; manual designer review still required.
/operations?workspace=bna&view=students&section=portal_links,Portal Links,BNA Admin,BNA School Workspace,Students,Portal Links,page,private,BNA school admin,Admin/operator,Add / Open Student,true,true,true,true,true,,Too many visible actions.
/operations?workspace=bna&view=students&section=tablet_access,Tablet Access,BNA Admin,BNA School Workspace,Students,Tablet Access,page,private,BNA school admin,Admin/operator,Add / Open Student,true,true,true,true,true,,No major automated issue detected; manual designer review still required.
/operations?workspace=bna&view=students&section=profile,Profile,BNA Admin,BNA School Workspace,Students,Profile,detail,private,BNA school admin,Admin/operator,Add / Open Student,true,true,true,true,true,,No major automated issue detected; manual designer review still required.
/operations?workspace=bna&view=students&section=parent_family,Parent Family,BNA Admin,BNA School Workspace,Students,Parent Family,page,private,BNA school admin,Admin/operator,Add / Open Student,true,true,true,true,true,,Too many visible actions.
/operations?workspace=bna&view=students&section=analysis,Analysis,BNA Admin,BNA School Workspace,Students,Analysis,page,private,BNA school admin,Admin/operator,Add / Open Student,true,true,true,true,true,,No major automated issue detected; manual designer review still required.
/operations?workspace=bna&view=students&section=meetings,Meetings,BNA Admin,BNA School Workspace,Students,Meetings,page,private,BNA school admin,Admin/operator,Add / Open Student,true,true,true,true,true,,No major automated issue detected; manual designer review still required.
/operations?workspace=bna&view=students&section=bot_settings,Bot Settings,BNA Admin,BNA School Workspace,Students,Bot Settings,settings,private,BNA school admin,Admin/operator,Add / Open Student,true,true,true,true,true,,No major automated issue detected; manual designer review still required.
/operations?workspace=bna&view=students&section=activity,Activity,BNA Admin,BNA School Workspace,Students,Activity,page,private,BNA school admin,Admin/operator,Add / Open Student,true,true,true,true,true,,Too many visible actions.
/operations?workspace=bna&view=students&section=next_year_login,Next Year Login,BNA Admin,BNA School Workspace,Students,Next Year Login,login,private,BNA school admin,Admin/operator,Add / Open Student,true,true,true,true,true,,No major automated issue detected; manual designer review still required.
/operations?workspace=bna&view=contacts&section=overview,Overview,BNA Admin,BNA School Workspace,Contacts,Overview,dashboard,private,BNA school admin,Admin/operator,New Lead,true,true,true,true,true,,No major automated issue detected; manual designer review still required.
/operations?workspace=bna&view=contacts&section=interested_parents,Interested Parents,BNA Admin,BNA School Workspace,Contacts,Interested Parents,page,private,BNA school admin,Admin/operator,New Lead,true,true,true,true,true,,No major automated issue detected; manual designer review still required.
/operations?workspace=bna&view=contacts&section=parents,Parents,BNA Admin,BNA School Workspace,Contacts,Parents,page,private,BNA school admin,Admin/operator,New Lead,true,true,true,true,true,,No major automated issue detected; manual designer review still required.
/operations?workspace=bna&view=contacts&section=people,People,BNA Admin,BNA School Workspace,Contacts,People,page,private,BNA school admin,Admin/operator,New Lead,true,true,true,true,true,,Too many card-like panels.
/operations?workspace=bna&view=contacts&section=contacts,Contacts,BNA Admin,BNA School Workspace,Contacts,Contacts,page,private,BNA school admin,Admin/operator,New Lead,true,true,true,true,true,,No major automated issue detected; manual designer review still required.
/operations?workspace=bna&view=contacts&section=notes,Notes,BNA Admin,BNA School Workspace,Contacts,Notes,page,private,BNA school admin,Admin/operator,New Lead,true,true,true,true,true,,No major automated issue detected; manual designer review still required.
/operations?workspace=bna&view=contacts&section=students,Students,BNA Admin,BNA School Workspace,Contacts,Students,page,private,BNA school admin,Admin/operator,New Lead,true,true,true,true,true,,No major automated issue detected; manual designer review still required.
/operations?workspace=bna&view=contacts&section=intake,Intake,BNA Admin,BNA School Workspace,Contacts,Intake,page,private,BNA school admin,Admin/operator,New Lead,true,true,true,true,true,,No major automated issue detected; manual designer review still required.
/operations?workspace=bna&view=contacts&section=follow_up,Follow Up,BNA Admin,BNA School Workspace,Contacts,Follow Up,page,private,BNA school admin,Admin/operator,New Lead,true,true,true,true,true,,No major automated issue detected; manual designer review still required.
/operations?workspace=bna&view=contacts&section=tags,Tags,BNA Admin,BNA School Workspace,Contacts,Tags,page,private,BNA school admin,Admin/operator,New Lead,true,true,true,true,true,,No major automated issue detected; manual designer review still required.
/operations?workspace=bna&view=content&section=library,Library,BNA Admin,BNA School Workspace,Content,Library,page,private,BNA school admin,Admin/operator,Newsletter 1,true,true,true,true,true,,Too many visible actions. Too many card-like panels.
/operations?workspace=bna&view=content&section=meetings,Meetings,BNA Admin,BNA School Workspace,Content,Meetings,page,private,BNA school admin,Admin/operator,Newsletter 1,true,true,true,true,true,,No major automated issue detected; manual designer review still required.
/operations?workspace=bna&view=content&section=research,Research,BNA Admin,BNA School Workspace,Content,Research,page,private,BNA school admin,Admin/operator,Newsletter 1,true,true,true,true,true,,Too many visible actions. Too many card-like panels.
/operations?workspace=bna&view=content&section=selected,Selected,BNA Admin,BNA School Workspace,Content,Selected,page,private,BNA school admin,Admin/operator,Newsletter 1,true,true,true,true,true,,No major automated issue detected; manual designer review still required.
/operations?workspace=bna&view=content&section=repurpose,Repurpose,BNA Admin,BNA School Workspace,Content,Repurpose,page,private,BNA school admin,Admin/operator,Newsletter 1,true,true,true,true,true,,Too many visible actions. Too many card-like panels.
/operations?workspace=bna&view=content&section=newsletter,Newsletter,BNA Admin,BNA School Workspace,Content,Newsletter,page,private,BNA school admin,Admin/operator,Newsletter 1,true,true,true,true,true,,No major automated issue detected; manual designer review still required.
/operations?workspace=bna&view=content&section=prompts,Prompts,BNA Admin,BNA School Workspace,Content,Prompts,page,private,BNA school admin,Admin/operator,Newsletter 1,true,true,true,true,true,,No major automated issue detected; manual designer review still required.
/operations?workspace=bna&view=content&section=bundles,Bundles,BNA Admin,BNA School Workspace,Content,Bundles,page,private,BNA school admin,Admin/operator,Newsletter 1,true,true,true,true,true,,No major automated issue detected; manual designer review still required.
/operations?workspace=bna&view=calendar&section=overview,Overview,BNA Admin,BNA School Workspace,Calendar,Overview,dashboard,private,BNA school admin,Admin/operator,New Event,true,true,true,true,true,,No major automated issue detected; manual designer review still required.
/operations?workspace=bna&view=calendar&section=week,Week,BNA Admin,BNA School Workspace,Calendar,Week,page,private,BNA school admin,Admin/operator,New Event,true,true,true,true,true,,No major automated issue detected; manual designer review still required.
/operations?workspace=bna&view=calendar&section=month,Month,BNA Admin,BNA School Workspace,Calendar,Month,page,private,BNA school admin,Admin/operator,New Event,true,true,true,true,true,,No major automated issue detected; manual designer review still required.
/operations?workspace=bna&view=calendar&section=classes,Classes,BNA Admin,BNA School Workspace,Calendar,Classes,page,private,BNA school admin,Admin/operator,New Event,true,true,true,true,true,,Too many visible actions. Too many card-like panels.
/operations?workspace=bna&view=calendar&section=students,Students,BNA Admin,BNA School Workspace,Calendar,Students,page,private,BNA school admin,Admin/operator,New Event,true,true,true,true,true,,No major automated issue detected; manual designer review still required.
/operations?workspace=bna&view=calendar&section=provider,Provider,BNA Admin,BNA School Workspace,Calendar,Provider,page,private,BNA school admin,Admin/operator,New Event,true,true,true,true,true,,No major automated issue detected; manual designer review still required.
/operations?workspace=bna&view=calendar&section=google_sync,Google Sync,BNA Admin,BNA School Workspace,Calendar,Google Sync,page,private,BNA school admin,Admin/operator,New Event,true,true,true,true,true,,No major automated issue detected; manual designer review still required.
/operations?workspace=bna&view=calendar&section=settings,Settings,BNA Admin,BNA School Workspace,Calendar,Settings,settings,private,BNA school admin,Admin/operator,New Event,true,true,true,true,true,,No major automated issue detected; manual designer review still required.
/operations?workspace=bna&view=service_providers&section=overview,Overview,BNA Admin,BNA School Workspace,Service Providers,Overview,dashboard,private,BNA school admin,Admin/operator,Add Provider,true,true,true,true,true,,Too many card-like panels.
/operations?workspace=bna&view=service_providers&section=directory,Directory,BNA Admin,BNA School Workspace,Service Providers,Directory,page,private,BNA school admin,Admin/operator,Add Provider,true,true,true,true,true,,Too many card-like panels.
/operations?workspace=bna&view=service_providers&section=workspaces,Workspaces,BNA Admin,BNA School Workspace,Service Providers,Workspaces,page,private,BNA school admin,Admin/operator,Add Provider,true,true,true,true,true,,Too many visible actions. Too many card-like panels. Too much not-configured/placeholder language.
/operations?workspace=bna&view=service_providers&section=commercial,Commercial,BNA Admin,BNA School Workspace,Service Providers,Commercial,page,private,BNA school admin,Admin/operator,Add Provider,true,true,true,true,true,,No major automated issue detected; manual designer review still required.
/operations?workspace=bna&view=service_providers&section=plans,Plans,BNA Admin,BNA School Workspace,Service Providers,Plans,page,private,BNA school admin,Admin/operator,Add Provider,true,true,true,true,true,,No major automated issue detected; manual designer review still required.
/operations?workspace=bna&view=service_providers&section=onboarding,Onboarding,BNA Admin,BNA School Workspace,Service Providers,Onboarding,page,private,BNA school admin,Admin/operator,Add Provider,true,true,true,true,true,,No major automated issue detected; manual designer review still required.
/operations?workspace=bna&view=service_providers&section=access_checklist,Access Checklist,BNA Admin,BNA School Workspace,Service Providers,Access Checklist,page,private,BNA school admin,Admin/operator,Add Provider,true,true,true,true,true,,No major automated issue detected; manual designer review still required.
/operations?workspace=bna&view=service_providers&section=integration_audit,Integration Audit,BNA Admin,BNA School Workspace,Service Providers,Integration Audit,page,private,BNA school admin,Admin/operator,Add Provider,true,true,true,true,true,,No major automated issue detected; manual designer review still required.
/operations?workspace=bna&view=service_providers&section=communities,Communities,BNA Admin,BNA School Workspace,Service Providers,Communities,page,private,BNA school admin,Admin/operator,Add Provider,true,true,true,true,true,,No major automated issue detected; manual designer review still required.
/operations?workspace=bna&view=service_providers&section=content,Content,BNA Admin,BNA School Workspace,Service Providers,Content,page,private,BNA school admin,Admin/operator,Add Provider,true,true,true,true,true,,No major automated issue detected; manual designer review still required.
/operations?workspace=bna&view=service_providers&section=marketing,Marketing,BNA Admin,BNA School Workspace,Service Providers,Marketing,page,private,BNA school admin,Admin/operator,Add Provider,true,true,true,true,true,,No major automated issue detected; manual designer review still required.
/operations?workspace=bna&view=service_providers&section=leads,Leads,BNA Admin,BNA School Workspace,Service Providers,Leads,page,private,BNA school admin,Admin/operator,Add Provider,true,true,true,true,true,,No major automated issue detected; manual designer review still required.
/operations?workspace=bna&view=service_providers&section=communications,Communications,BNA Admin,BNA School Workspace,Service Providers,Communications,page,private,BNA school admin,Admin/operator,Add Provider,true,true,true,true,true,,No major automated issue detected; manual designer review still required.
/operations?workspace=bna&view=service_providers&section=settings,Settings,BNA Admin,BNA School Workspace,Service Providers,Settings,settings,private,BNA school admin,Admin/operator,Add Provider,true,true,true,true,true,,No major automated issue detected; manual designer review still required.
/operations?workspace=bna&view=communications&section=overview,Overview,BNA Admin,BNA School Workspace,Communications,Overview,dashboard,private,BNA school admin,Admin/operator,New Message,true,true,true,true,true,,Too many card-like panels.
/operations?workspace=bna&view=communications&section=parents,Parents,BNA Admin,BNA School Workspace,Communications,Parents,page,private,BNA school admin,Admin/operator,New Message,true,true,true,true,true,,Too many card-like panels.
/operations?workspace=bna&view=communications&section=students,Students,BNA Admin,BNA School Workspace,Communications,Students,page,private,BNA school admin,Admin/operator,New Message,true,true,true,true,true,,No major automated issue detected; manual designer review still required.
/operations?workspace=bna&view=communications&section=providers,Providers,BNA Admin,BNA School Workspace,Communications,Providers,page,private,BNA school admin,Admin/operator,New Message,true,true,true,true,true,,No major automated issue detected; manual designer review still required.
/operations?workspace=bna&view=communications&section=internal,Internal,BNA Admin,BNA School Workspace,Communications,Internal,page,private,BNA school admin,Admin/operator,New Message,true,true,true,true,true,,No major automated issue detected; manual designer review still required.
/operations?workspace=bna&view=communications&section=whatsapp,Whatsapp,BNA Admin,BNA School Workspace,Communications,Whatsapp,page,private,BNA school admin,Admin/operator,New Message,true,true,true,true,true,,No major automated issue detected; manual designer review still required.
/operations?workspace=bna&view=communications&section=email,Email,BNA Admin,BNA School Workspace,Communications,Email,page,private,BNA school admin,Admin/operator,New Message,true,true,true,true,true,,Too many card-like panels.
/operations?workspace=bna&view=communications&section=bots,Bots,BNA Admin,BNA School Workspace,Communications,Bots,page,private,BNA school admin,Admin/operator,New Message,true,true,true,true,true,,No major automated issue detected; manual designer review still required.
/operations?workspace=bna&view=communications&section=templates,Templates,BNA Admin,BNA School Workspace,Communications,Templates,page,private,BNA school admin,Admin/operator,New Message,true,true,true,true,true,,No major automated issue detected; manual designer review still required.
/operations?workspace=bna&view=communications&section=settings,Settings,BNA Admin,BNA School Workspace,Communications,Settings,settings,private,BNA school admin,Admin/operator,New Message,true,true,true,true,true,,No major automated issue detected; manual designer review still required.
/operations?workspace=bna&view=internal_dialogue&section=overview,Overview,BNA Admin,BNA School Workspace,Internal Dialogue,Overview,dashboard,private,BNA school admin,Admin/operator,New Task,true,true,true,true,true,,No major automated issue detected; manual designer review still required.
/operations?workspace=bna&view=internal_dialogue&section=shloimie_rabbi,Shloimie Rabbi,BNA Admin,BNA School Workspace,Internal Dialogue,Shloimie Rabbi,page,private,BNA school admin,Admin/operator,New Task,true,true,true,true,true,,No major automated issue detected; manual designer review still required.
/operations?workspace=bna&view=internal_dialogue&section=meeting_notes,Meeting Notes,BNA Admin,BNA School Workspace,Internal Dialogue,Meeting Notes,page,private,BNA school admin,Admin/operator,New Task,true,true,true,true,true,,No major automated issue detected; manual designer review still required.
/operations?workspace=bna&view=internal_dialogue&section=uploads,Uploads,BNA Admin,BNA School Workspace,Internal Dialogue,Uploads,page,private,BNA school admin,Admin/operator,New Task,true,true,true,true,true,,No major automated issue detected; manual designer review still required.
/operations?workspace=bna&view=internal_dialogue&section=decisions,Decisions,BNA Admin,BNA School Workspace,Internal Dialogue,Decisions,page,private,BNA school admin,Admin/operator,New Task,true,true,true,true,true,,No major automated issue detected; manual designer review still required.
/operations?workspace=bna&view=internal_dialogue&section=support,Support,BNA Admin,BNA School Workspace,Internal Dialogue,Support,page,private,BNA school admin,Admin/operator,New Task,true,true,true,true,true,,No major automated issue detected; manual designer review still required.
/operations?workspace=bna&view=internal_dialogue&section=activity,Activity,BNA Admin,BNA School Workspace,Internal Dialogue,Activity,page,private,BNA school admin,Admin/operator,New Task,true,true,true,true,true,,No major automated issue detected; manual designer review still required.
/operations?workspace=bna&view=accounting&section=overview,Overview,BNA Admin,BNA School Workspace,Accounting,Overview,dashboard,private,BNA school admin,Admin/operator,Open Payments,true,true,true,true,true,,No major automated issue detected; manual designer review still required.
/operations?workspace=bna&view=accounting&section=payments,Payments,BNA Admin,BNA School Workspace,Accounting,Payments,page,private,BNA school admin,Admin/operator,Open Payments,true,true,true,true,true,,No major automated issue detected; manual designer review still required.
/operations?workspace=bna&view=accounting&section=open,Open,BNA Admin,BNA School Workspace,Accounting,Open,page,private,BNA school admin,Admin/operator,Open Payments,true,true,true,true,true,,No major automated issue detected; manual designer review still required.
/operations?workspace=bna&view=accounting&section=paid,Paid,BNA Admin,BNA School Workspace,Accounting,Paid,page,private,BNA school admin,Admin/operator,Open Payments,true,true,true,true,true,,No major automated issue detected; manual designer review still required.
/operations?workspace=bna&view=accounting&section=needs_signup,Needs Signup,BNA Admin,BNA School Workspace,Accounting,Needs Signup,page,private,BNA school admin,Admin/operator,Open Payments,true,true,true,true,true,,No major automated issue detected; manual designer review still required.
/operations?workspace=bna&view=accounting&section=exceptions,Exceptions,BNA Admin,BNA School Workspace,Accounting,Exceptions,page,private,BNA school admin,Admin/operator,Open Payments,true,true,true,true,true,,No major automated issue detected; manual designer review still required.
/operations?workspace=bna&view=api_usage&section=overview,Overview,BNA Admin,BNA School Workspace,Api Usage,Overview,dashboard,private,BNA school admin,Admin/operator,New Task,true,true,true,true,true,,No major automated issue detected; manual designer review still required.
/operations?workspace=bna&view=api_usage&section=workspace,Workspace,BNA Admin,BNA School Workspace,Api Usage,Workspace,page,private,BNA school admin,Admin/operator,New Task,true,true,true,true,true,,No major automated issue detected; manual designer review still required.
/operations?workspace=bna&view=api_usage&section=parent,Parent,BNA Admin,BNA School Workspace,Api Usage,Parent,page,private,BNA school admin,Admin/operator,New Task,true,true,true,true,true,,No major automated issue detected; manual designer review still required.
/operations?workspace=bna&view=api_usage&section=student,Student,BNA Admin,BNA School Workspace,Api Usage,Student,page,private,BNA school admin,Admin/operator,New Task,true,true,true,true,true,,No major automated issue detected; manual designer review still required.
/operations?workspace=bna&view=api_usage&section=provider,Provider,BNA Admin,BNA School Workspace,Api Usage,Provider,page,private,BNA school admin,Admin/operator,New Task,true,true,true,true,true,,No major automated issue detected; manual designer review still required.
/operations?workspace=bna&view=api_usage&section=bot,Bot,BNA Admin,BNA School Workspace,Api Usage,Bot,page,private,BNA school admin,Admin/operator,New Task,true,true,true,true,true,,No major automated issue detected; manual designer review still required.
/operations?workspace=bna&view=api_usage&section=errors,Errors,BNA Admin,BNA School Workspace,Api Usage,Errors,page,private,BNA school admin,Admin/operator,New Task,true,true,true,true,true,,No major automated issue detected; manual designer review still required.
/operations?workspace=bna&view=api_usage&section=budgets,Budgets,BNA Admin,BNA School Workspace,Api Usage,Budgets,page,private,BNA school admin,Admin/operator,New Task,true,true,true,true,true,,No major automated issue detected; manual designer review still required.
/operations?workspace=bna&view=api_usage&section=settings,Settings,BNA Admin,BNA School Workspace,Api Usage,Settings,settings,private,BNA school admin,Admin/operator,New Task,true,true,true,true,true,,No major automated issue detected; manual designer review still required.
/operations?workspace=bna&view=admin&section=overview,Overview,BNA Admin,BNA School Workspace,Admin,Overview,dashboard,private,BNA school admin,Admin/operator,New Task,true,true,true,true,true,,No major automated issue detected; manual designer review still required.
/operations?workspace=bna&view=admin&section=users,Users,BNA Admin,BNA School Workspace,Admin,Users,page,private,BNA school admin,Admin/operator,New Task,true,true,true,true,true,,No major automated issue detected; manual designer review still required.
/operations?workspace=bna&view=admin&section=roles,Roles,BNA Admin,BNA School Workspace,Admin,Roles,page,private,BNA school admin,Admin/operator,New Task,true,true,true,true,true,,No major automated issue detected; manual designer review still required.
/operations?workspace=bna&view=admin&section=workspaces,Workspaces,BNA Admin,BNA School Workspace,Admin,Workspaces,page,private,BNA school admin,Admin/operator,New Task,true,true,true,true,true,,No major automated issue detected; manual designer review still required.
/operations?workspace=bna&view=admin&section=invitations,Invitations,BNA Admin,BNA School Workspace,Admin,Invitations,page,private,BNA school admin,Admin/operator,New Task,true,true,true,true,true,,No major automated issue detected; manual designer review still required.
/operations?workspace=bna&view=admin&section=tickets,Tickets,BNA Admin,BNA School Workspace,Admin,Tickets,page,private,BNA school admin,Admin/operator,New Task,true,true,true,true,true,,No major automated issue detected; manual designer review still required.
/operations?workspace=bna&view=admin&section=messages,Messages,BNA Admin,BNA School Workspace,Admin,Messages,page,private,BNA school admin,Admin/operator,New Task,true,true,true,true,true,,No major automated issue detected; manual designer review still required.
/operations?workspace=bna&view=admin&section=settings,Settings,BNA Admin,BNA School Workspace,Admin,Settings,settings,private,BNA school admin,Admin/operator,New Task,true,true,true,true,true,,No major automated issue detected; manual designer review still required.
/operations?workspace=bna&view=settings&section=profile,Profile,BNA Admin,BNA School Workspace,Settings,Profile,settings,private,BNA school admin,Admin/operator,Save Settings,true,true,true,true,true,,No major automated issue detected; manual designer review still required.
/operations?workspace=bna&view=settings&section=workspace,Workspace,BNA Admin,BNA School Workspace,Settings,Workspace,settings,private,BNA school admin,Admin/operator,Save Settings,true,true,true,true,true,,No major automated issue detected; manual designer review still required.
/operations?workspace=bna&view=settings&section=branding,Branding,BNA Admin,BNA School Workspace,Settings,Branding,settings,private,BNA school admin,Admin/operator,Save Settings,true,true,true,true,true,,No major automated issue detected; manual designer review still required.
/operations?workspace=bna&view=settings&section=language,Language,BNA Admin,BNA School Workspace,Settings,Language,settings,private,BNA school admin,Admin/operator,Save Settings,true,true,true,true,true,,No major automated issue detected; manual designer review still required.
/operations?workspace=bna&view=settings&section=users_roles,Users Roles,BNA Admin,BNA School Workspace,Settings,Users Roles,settings,private,BNA school admin,Admin/operator,Save Settings,true,true,true,true,true,,No major automated issue detected; manual designer review still required.
/operations?workspace=bna&view=settings&section=email_identities,Email Identities,BNA Admin,BNA School Workspace,Settings,Email Identities,settings,private,BNA school admin,Admin/operator,Save Settings,true,true,true,true,true,,No major automated issue detected; manual designer review still required.
/operations?workspace=bna&view=settings&section=whatsapp,Whatsapp,BNA Admin,BNA School Workspace,Settings,Whatsapp,settings,private,BNA school admin,Admin/operator,Save Settings,true,true,true,true,true,,No major automated issue detected; manual designer review still required.
/operations?workspace=bna&view=settings&section=social_accounts,Social Accounts,BNA Admin,BNA School Workspace,Settings,Social Accounts,settings,private,BNA school admin,Admin/operator,Save Settings,true,true,true,true,true,,No major automated issue detected; manual designer review still required.
/operations?workspace=bna&view=settings&section=calendar,Calendar,BNA Admin,BNA School Workspace,Settings,Calendar,settings,private,BNA school admin,Admin/operator,Save Settings,true,true,true,true,true,,No major automated issue detected; manual designer review still required.
/operations?workspace=bna&view=settings&section=google_classroom,Google Classroom,BNA Admin,BNA School Workspace,Settings,Google Classroom,settings,private,BNA school admin,Admin/operator,Save Settings,true,true,true,true,true,,No major automated issue detected; manual designer review still required.
/operations?workspace=bna&view=settings&section=parent_portal,Parent Portal,BNA Admin,BNA School Workspace,Settings,Parent Portal,settings,private,BNA school admin,Admin/operator,Save Settings,true,true,true,true,true,,No major automated issue detected; manual designer review still required.
/operations?workspace=bna&view=settings&section=student_portal,Student Portal,BNA Admin,BNA School Workspace,Settings,Student Portal,settings,private,BNA school admin,Admin/operator,Save Settings,true,true,true,true,true,,No major automated issue detected; manual designer review still required.
/operations?workspace=bna&view=settings&section=provider_portal,Provider Portal,BNA Admin,BNA School Workspace,Settings,Provider Portal,settings,private,BNA school admin,Admin/operator,Save Settings,true,true,true,true,true,,No major automated issue detected; manual designer review still required.
/operations?workspace=bna&view=settings&section=provider_index,Provider Index,BNA Admin,BNA School Workspace,Settings,Provider Index,settings,private,BNA school admin,Admin/operator,Save Settings,true,true,true,true,true,,No major automated issue detected; manual designer review still required.
/operations?workspace=bna&view=settings&section=provider_plans,Provider Plans,BNA Admin,BNA School Workspace,Settings,Provider Plans,settings,private,BNA school admin,Admin/operator,Save Settings,true,true,true,true,true,,No major automated issue detected; manual designer review still required.
/operations?workspace=bna&view=settings&section=provider_entitlements,Provider Entitlements,BNA Admin,BNA School Workspace,Settings,Provider Entitlements,settings,private,BNA school admin,Admin/operator,Save Settings,true,true,true,true,true,,No major automated issue detected; manual designer review still required.
/operations?workspace=bna&view=settings&section=provider_onboarding,Provider Onboarding,BNA Admin,BNA School Workspace,Settings,Provider Onboarding,settings,private,BNA school admin,Admin/operator,Save Settings,true,true,true,true,true,,No major automated issue detected; manual designer review still required.
/operations?workspace=bna&view=settings&section=commercial_models,Commercial Models,BNA Admin,BNA School Workspace,Settings,Commercial Models,settings,private,BNA school admin,Admin/operator,Save Settings,true,true,true,true,true,,No major automated issue detected; manual designer review still required.
/operations?workspace=bna&view=settings&section=bot_permissions,Bot Permissions,BNA Admin,BNA School Workspace,Settings,Bot Permissions,settings,private,BNA school admin,Admin/operator,Save Settings,true,true,true,true,true,,No major automated issue detected; manual designer review still required.
/operations?workspace=bna&view=settings&section=api_limits,Api Limits,BNA Admin,BNA School Workspace,Settings,Api Limits,settings,private,BNA school admin,Admin/operator,Save Settings,true,true,true,true,true,,No major automated issue detected; manual designer review still required.
/operations?workspace=bna&view=settings&section=communications,Communications,BNA Admin,BNA School Workspace,Settings,Communications,settings,private,BNA school admin,Admin/operator,Save Settings,true,true,true,true,true,,No major automated issue detected; manual designer review still required.
/operations?workspace=bna&view=settings&section=integrations,Integrations,BNA Admin,BNA School Workspace,Settings,Integrations,settings,private,BNA school admin,Admin/operator,Save Settings,true,true,true,true,true,,Too many visible actions. Too much not-configured/placeholder language.
/operations?workspace=bna&view=settings&section=payment_links,Payment Links,BNA Admin,BNA School Workspace,Settings,Payment Links,settings,private,BNA school admin,Admin/operator,Save Settings,true,true,true,true,true,,No major automated issue detected; manual designer review still required.
/operations?workspace=bna&view=settings&section=external_apps,External Apps,BNA Admin,BNA School Workspace,Settings,External Apps,settings,private,BNA school admin,Admin/operator,Save Settings,true,true,true,true,true,,No major automated issue detected; manual designer review still required.
/operations?workspace=bna&view=settings&section=billing,Billing,BNA Admin,BNA School Workspace,Settings,Billing,settings,private,BNA school admin,Admin/operator,Save Settings,true,true,true,true,true,,No major automated issue detected; manual designer review still required.
/operations?workspace=bna&view=settings&section=automations,Automations,BNA Admin,BNA School Workspace,Settings,Automations,settings,private,BNA school admin,Admin/operator,Save Settings,true,true,true,true,true,,No major automated issue detected; manual designer review still required.
/operations?workspace=bna&view=settings&section=danger,Danger,BNA Admin,BNA School Workspace,Settings,Danger,settings,private,BNA school admin,Admin/operator,Save Settings,true,true,true,true,true,,No major automated issue detected; manual designer review still required.
/operations?workspace=rabbi_sheller_provider&view=dashboard&section=overview,Overview,Provider Admin,Rabbi Sheller Provider Workspace,Dashboard,Overview,dashboard,private,Provider admin,Admin/operator,New Task,true,true,true,true,true,,No major automated issue detected; manual designer review still required.
/operations?workspace=rabbi_sheller_provider&view=dashboard&section=activity,Activity,Provider Admin,Rabbi Sheller Provider Workspace,Dashboard,Activity,page,private,Provider admin,Admin/operator,New Task,true,true,true,true,true,,No major automated issue detected; manual designer review still required.
/operations?workspace=rabbi_sheller_provider&view=dashboard&section=alerts,Alerts,Provider Admin,Rabbi Sheller Provider Workspace,Dashboard,Alerts,page,private,Provider admin,Admin/operator,New Task,true,true,true,true,true,,No major automated issue detected; manual designer review still required.
/operations?workspace=rabbi_sheller_provider&view=dashboard&section=today,Today,Provider Admin,Rabbi Sheller Provider Workspace,Dashboard,Today,page,private,Provider admin,Admin/operator,New Task,true,true,true,true,true,,No major automated issue detected; manual designer review still required.
/operations?workspace=rabbi_sheller_provider&view=dashboard&section=updates,Updates,Provider Admin,Rabbi Sheller Provider Workspace,Dashboard,Updates,page,private,Provider admin,Admin/operator,New Task,true,true,true,true,true,,No major automated issue detected; manual designer review still required.
/operations?workspace=rabbi_sheller_provider&view=pipelines&section=overview,Overview,Provider Admin,Rabbi Sheller Provider Workspace,Pipelines,Overview,dashboard,private,Provider admin,Admin/operator,New Pipeline Card,true,true,true,true,true,,No major automated issue detected; manual designer review still required.
/operations?workspace=rabbi_sheller_provider&view=pipelines&section=bna_enrollment,Bna Enrollment,Provider Admin,Rabbi Sheller Provider Workspace,Pipelines,Bna Enrollment,page,private,Provider admin,Admin/operator,New Pipeline Card,true,true,true,true,true,,No major automated issue detected; manual designer review still required.
/operations?workspace=rabbi_sheller_provider&view=pipelines&section=provider_class,Provider Class,Provider Admin,Rabbi Sheller Provider Workspace,Pipelines,Provider Class,page,private,Provider admin,Admin/operator,New Pipeline Card,true,true,true,true,true,,No major automated issue detected; manual designer review still required.
/operations?workspace=rabbi_sheller_provider&view=pipelines&section=provider_onboarding,Provider Onboarding,Provider Admin,Rabbi Sheller Provider Workspace,Pipelines,Provider Onboarding,page,private,Provider admin,Admin/operator,New Pipeline Card,true,true,true,true,true,,Too many visible actions. Too many card-like panels.
/operations?workspace=rabbi_sheller_provider&view=pipelines&section=participants,Participants,Provider Admin,Rabbi Sheller Provider Workspace,Pipelines,Participants,page,private,Provider admin,Admin/operator,New Pipeline Card,true,true,true,true,true,,No major automated issue detected; manual designer review still required.
/operations?workspace=rabbi_sheller_provider&view=pipelines&section=stale_tasks,Stale Tasks,Provider Admin,Rabbi Sheller Provider Workspace,Pipelines,Stale Tasks,page,private,Provider admin,Admin/operator,New Pipeline Card,true,true,true,true,true,,Too many visible actions.
/operations?workspace=rabbi_sheller_provider&view=pipelines&section=decisions,Decisions,Provider Admin,Rabbi Sheller Provider Workspace,Pipelines,Decisions,page,private,Provider admin,Admin/operator,New Pipeline Card,true,true,true,true,true,,No major automated issue detected; manual designer review still required.
/operations?workspace=rabbi_sheller_provider&view=tasks&section=overview,Overview,Provider Admin,Rabbi Sheller Provider Workspace,Tasks,Overview,dashboard,private,Provider admin,Admin/operator,New Task,true,true,true,true,true,,Too many visible actions.
/operations?workspace=rabbi_sheller_provider&view=tasks&section=decisions,Decisions,Provider Admin,Rabbi Sheller Provider Workspace,Tasks,Decisions,page,private,Provider admin,Admin/operator,New Task,true,true,true,true,true,,Too many visible actions.
/operations?workspace=rabbi_sheller_provider&view=tasks&section=mine,Mine,Provider Admin,Rabbi Sheller Provider Workspace,Tasks,Mine,page,private,Provider admin,Admin/operator,New Task,true,true,true,true,true,,Too many visible actions.
/operations?workspace=rabbi_sheller_provider&view=tasks&section=schedule,Schedule,Provider Admin,Rabbi Sheller Provider Workspace,Tasks,Schedule,page,private,Provider admin,Admin/operator,New Task,true,true,true,true,true,,Too many visible actions.
/operations?workspace=rabbi_sheller_provider&view=tasks&section=research,Research,Provider Admin,Rabbi Sheller Provider Workspace,Tasks,Research,page,private,Provider admin,Admin/operator,New Task,true,true,true,true,true,,No major automated issue detected; manual designer review still required.
/operations?workspace=rabbi_sheller_provider&view=tasks&section=changelog,Changelog,Provider Admin,Rabbi Sheller Provider Workspace,Tasks,Changelog,page,private,Provider admin,Admin/operator,New Task,true,true,true,true,true,,No major automated issue detected; manual designer review still required.
/operations?workspace=rabbi_sheller_provider&view=tasks&section=done,Done,Provider Admin,Rabbi Sheller Provider Workspace,Tasks,Done,page,private,Provider admin,Admin/operator,New Task,true,true,true,true,true,,No major automated issue detected; manual designer review still required.
/operations?workspace=rabbi_sheller_provider&view=students&section=overview,Overview,Provider Admin,Rabbi Sheller Provider Workspace,Students,Overview,dashboard,private,Provider admin,Admin/operator,New Task,true,true,true,true,true,,No major automated issue detected; manual designer review still required.
/operations?workspace=rabbi_sheller_provider&view=students&section=list,List,Provider Admin,Rabbi Sheller Provider Workspace,Students,List,page,private,Provider admin,Admin/operator,New Task,true,true,true,true,true,,No major automated issue detected; manual designer review still required.
/operations?workspace=rabbi_sheller_provider&view=students&section=group_goal,Group Goal,Provider Admin,Rabbi Sheller Provider Workspace,Students,Group Goal,page,private,Provider admin,Admin/operator,New Task,true,true,true,true,true,,No major automated issue detected; manual designer review still required.
/operations?workspace=rabbi_sheller_provider&view=students&section=goal_board,Goal Board,Provider Admin,Rabbi Sheller Provider Workspace,Students,Goal Board,page,private,Provider admin,Admin/operator,New Task,true,true,true,true,true,,No major automated issue detected; manual designer review still required.
/operations?workspace=rabbi_sheller_provider&view=students&section=assignments,Assignments,Provider Admin,Rabbi Sheller Provider Workspace,Students,Assignments,page,private,Provider admin,Admin/operator,New Task,true,true,true,true,true,,No major automated issue detected; manual designer review still required.
/operations?workspace=rabbi_sheller_provider&view=students&section=questions,Questions,Provider Admin,Rabbi Sheller Provider Workspace,Students,Questions,page,private,Provider admin,Admin/operator,New Task,true,true,true,true,true,,No major automated issue detected; manual designer review still required.
/operations?workspace=rabbi_sheller_provider&view=students&section=documents,Documents,Provider Admin,Rabbi Sheller Provider Workspace,Students,Documents,page,private,Provider admin,Admin/operator,New Task,true,true,true,true,true,,No major automated issue detected; manual designer review still required.
/operations?workspace=rabbi_sheller_provider&view=students&section=portal_links,Portal Links,Provider Admin,Rabbi Sheller Provider Workspace,Students,Portal Links,page,private,Provider admin,Admin/operator,New Task,true,true,true,true,true,,No major automated issue detected; manual designer review still required.
/operations?workspace=rabbi_sheller_provider&view=students&section=tablet_access,Tablet Access,Provider Admin,Rabbi Sheller Provider Workspace,Students,Tablet Access,page,private,Provider admin,Admin/operator,New Task,true,true,true,true,true,,No major automated issue detected; manual designer review still required.
/operations?workspace=rabbi_sheller_provider&view=students&section=profile,Profile,Provider Admin,Rabbi Sheller Provider Workspace,Students,Profile,detail,private,Provider admin,Admin/operator,New Task,true,true,true,true,true,,No major automated issue detected; manual designer review still required.
/operations?workspace=rabbi_sheller_provider&view=students&section=parent_family,Parent Family,Provider Admin,Rabbi Sheller Provider Workspace,Students,Parent Family,page,private,Provider admin,Admin/operator,New Task,true,true,true,true,true,,No major automated issue detected; manual designer review still required.
/operations?workspace=rabbi_sheller_provider&view=students&section=analysis,Analysis,Provider Admin,Rabbi Sheller Provider Workspace,Students,Analysis,page,private,Provider admin,Admin/operator,New Task,true,true,true,true,true,,No major automated issue detected; manual designer review still required.
/operations?workspace=rabbi_sheller_provider&view=students&section=meetings,Meetings,Provider Admin,Rabbi Sheller Provider Workspace,Students,Meetings,page,private,Provider admin,Admin/operator,New Task,true,true,true,true,true,,No major automated issue detected; manual designer review still required.
/operations?workspace=rabbi_sheller_provider&view=students&section=bot_settings,Bot Settings,Provider Admin,Rabbi Sheller Provider Workspace,Students,Bot Settings,settings,private,Provider admin,Admin/operator,New Task,true,true,true,true,true,,No major automated issue detected; manual designer review still required.
/operations?workspace=rabbi_sheller_provider&view=students&section=activity,Activity,Provider Admin,Rabbi Sheller Provider Workspace,Students,Activity,page,private,Provider admin,Admin/operator,New Task,true,true,true,true,true,,No major automated issue detected; manual designer review still required.
/operations?workspace=rabbi_sheller_provider&view=students&section=next_year_login,Next Year Login,Provider Admin,Rabbi Sheller Provider Workspace,Students,Next Year Login,login,private,Provider admin,Admin/operator,New Task,true,true,true,true,true,,No major automated issue detected; manual designer review still required.
/operations?workspace=rabbi_sheller_provider&view=contacts&section=overview,Overview,Provider Admin,Rabbi Sheller Provider Workspace,Contacts,Overview,dashboard,private,Provider admin,Admin/operator,New Task,true,true,true,true,true,,No major automated issue detected; manual designer review still required.
/operations?workspace=rabbi_sheller_provider&view=contacts&section=interested_parents,Interested Parents,Provider Admin,Rabbi Sheller Provider Workspace,Contacts,Interested Parents,page,private,Provider admin,Admin/operator,New Task,true,true,true,true,true,,No major automated issue detected; manual designer review still required.
/operations?workspace=rabbi_sheller_provider&view=contacts&section=parents,Parents,Provider Admin,Rabbi Sheller Provider Workspace,Contacts,Parents,page,private,Provider admin,Admin/operator,New Task,true,true,true,true,true,,No major automated issue detected; manual designer review still required.
/operations?workspace=rabbi_sheller_provider&view=contacts&section=people,People,Provider Admin,Rabbi Sheller Provider Workspace,Contacts,People,page,private,Provider admin,Admin/operator,New Task,true,true,true,true,true,,No major automated issue detected; manual designer review still required.
/operations?workspace=rabbi_sheller_provider&view=contacts&section=contacts,Contacts,Provider Admin,Rabbi Sheller Provider Workspace,Contacts,Contacts,page,private,Provider admin,Admin/operator,New Task,true,true,true,true,true,,No major automated issue detected; manual designer review still required.
/operations?workspace=rabbi_sheller_provider&view=contacts&section=notes,Notes,Provider Admin,Rabbi Sheller Provider Workspace,Contacts,Notes,page,private,Provider admin,Admin/operator,New Task,true,true,true,true,true,,No major automated issue detected; manual designer review still required.
/operations?workspace=rabbi_sheller_provider&view=contacts&section=students,Students,Provider Admin,Rabbi Sheller Provider Workspace,Contacts,Students,page,private,Provider admin,Admin/operator,New Task,true,true,true,true,true,,No major automated issue detected; manual designer review still required.
/operations?workspace=rabbi_sheller_provider&view=contacts&section=intake,Intake,Provider Admin,Rabbi Sheller Provider Workspace,Contacts,Intake,page,private,Provider admin,Admin/operator,New Task,true,true,true,true,true,,No major automated issue detected; manual designer review still required.
/operations?workspace=rabbi_sheller_provider&view=contacts&section=follow_up,Follow Up,Provider Admin,Rabbi Sheller Provider Workspace,Contacts,Follow Up,page,private,Provider admin,Admin/operator,New Task,true,true,true,true,true,,No major automated issue detected; manual designer review still required.
/operations?workspace=rabbi_sheller_provider&view=contacts&section=tags,Tags,Provider Admin,Rabbi Sheller Provider Workspace,Contacts,Tags,page,private,Provider admin,Admin/operator,New Task,true,true,true,true,true,,No major automated issue detected; manual designer review still required.
/operations?workspace=rabbi_sheller_provider&view=content&section=library,Library,Provider Admin,Rabbi Sheller Provider Workspace,Content,Library,page,private,Provider admin,Admin/operator,Newsletter 1,true,true,true,true,true,,Too many visible actions. Too many card-like panels.
/operations?workspace=rabbi_sheller_provider&view=content&section=meetings,Meetings,Provider Admin,Rabbi Sheller Provider Workspace,Content,Meetings,page,private,Provider admin,Admin/operator,Newsletter 1,true,true,true,true,true,,No major automated issue detected; manual designer review still required.
/operations?workspace=rabbi_sheller_provider&view=content&section=research,Research,Provider Admin,Rabbi Sheller Provider Workspace,Content,Research,page,private,Provider admin,Admin/operator,Newsletter 1,true,true,true,true,true,,Too many visible actions. Too many card-like panels.
/operations?workspace=rabbi_sheller_provider&view=content&section=selected,Selected,Provider Admin,Rabbi Sheller Provider Workspace,Content,Selected,page,private,Provider admin,Admin/operator,Newsletter 1,true,true,true,true,true,,No major automated issue detected; manual designer review still required.
/operations?workspace=rabbi_sheller_provider&view=content&section=repurpose,Repurpose,Provider Admin,Rabbi Sheller Provider Workspace,Content,Repurpose,page,private,Provider admin,Admin/operator,Newsletter 1,true,true,true,true,true,,Too many visible actions. Too many card-like panels.
/operations?workspace=rabbi_sheller_provider&view=content&section=newsletter,Newsletter,Provider Admin,Rabbi Sheller Provider Workspace,Content,Newsletter,page,private,Provider admin,Admin/operator,Newsletter 1,true,true,true,true,true,,No major automated issue detected; manual designer review still required.
/operations?workspace=rabbi_sheller_provider&view=content&section=prompts,Prompts,Provider Admin,Rabbi Sheller Provider Workspace,Content,Prompts,page,private,Provider admin,Admin/operator,Newsletter 1,true,true,true,true,true,,No major automated issue detected; manual designer review still required.
/operations?workspace=rabbi_sheller_provider&view=content&section=bundles,Bundles,Provider Admin,Rabbi Sheller Provider Workspace,Content,Bundles,page,private,Provider admin,Admin/operator,Newsletter 1,true,true,true,true,true,,No major automated issue detected; manual designer review still required.
/operations?workspace=rabbi_sheller_provider&view=calendar&section=overview,Overview,Provider Admin,Rabbi Sheller Provider Workspace,Calendar,Overview,dashboard,private,Provider admin,Admin/operator,New Event,true,true,true,true,true,,No major automated issue detected; manual designer review still required.
/operations?workspace=rabbi_sheller_provider&view=calendar&section=week,Week,Provider Admin,Rabbi Sheller Provider Workspace,Calendar,Week,page,private,Provider admin,Admin/operator,New Event,true,true,true,true,true,,No major automated issue detected; manual designer review still required.
/operations?workspace=rabbi_sheller_provider&view=calendar&section=month,Month,Provider Admin,Rabbi Sheller Provider Workspace,Calendar,Month,page,private,Provider admin,Admin/operator,New Event,true,true,true,true,true,,No major automated issue detected; manual designer review still required.
/operations?workspace=rabbi_sheller_provider&view=calendar&section=classes,Classes,Provider Admin,Rabbi Sheller Provider Workspace,Calendar,Classes,page,private,Provider admin,Admin/operator,New Event,true,true,true,true,true,,No major automated issue detected; manual designer review still required.
/operations?workspace=rabbi_sheller_provider&view=calendar&section=students,Students,Provider Admin,Rabbi Sheller Provider Workspace,Calendar,Students,page,private,Provider admin,Admin/operator,New Event,true,true,true,true,true,,No major automated issue detected; manual designer review still required.
/operations?workspace=rabbi_sheller_provider&view=calendar&section=provider,Provider,Provider Admin,Rabbi Sheller Provider Workspace,Calendar,Provider,page,private,Provider admin,Admin/operator,New Event,true,true,true,true,true,,No major automated issue detected; manual designer review still required.
/operations?workspace=rabbi_sheller_provider&view=calendar&section=google_sync,Google Sync,Provider Admin,Rabbi Sheller Provider Workspace,Calendar,Google Sync,page,private,Provider admin,Admin/operator,New Event,true,true,true,true,true,,No major automated issue detected; manual designer review still required.
/operations?workspace=rabbi_sheller_provider&view=calendar&section=settings,Settings,Provider Admin,Rabbi Sheller Provider Workspace,Calendar,Settings,settings,private,Provider admin,Admin/operator,New Event,true,true,true,true,true,,No major automated issue detected; manual designer review still required.
/operations?workspace=rabbi_sheller_provider&view=service_providers&section=overview,Overview,Provider Admin,Rabbi Sheller Provider Workspace,Service Providers,Overview,dashboard,private,Provider admin,Admin/operator,Add Provider,true,true,true,true,true,,Too many card-like panels.
/operations?workspace=rabbi_sheller_provider&view=service_providers&section=directory,Directory,Provider Admin,Rabbi Sheller Provider Workspace,Service Providers,Directory,page,private,Provider admin,Admin/operator,Add Provider,true,true,true,true,true,,Too many card-like panels.
/operations?workspace=rabbi_sheller_provider&view=service_providers&section=workspaces,Workspaces,Provider Admin,Rabbi Sheller Provider Workspace,Service Providers,Workspaces,page,private,Provider admin,Admin/operator,Add Provider,true,true,true,true,true,,Too many visible actions. Too many card-like panels. Too much not-configured/placeholder language.
/operations?workspace=rabbi_sheller_provider&view=service_providers&section=commercial,Commercial,Provider Admin,Rabbi Sheller Provider Workspace,Service Providers,Commercial,page,private,Provider admin,Admin/operator,Add Provider,true,true,true,true,true,,No major automated issue detected; manual designer review still required.
/operations?workspace=rabbi_sheller_provider&view=service_providers&section=plans,Plans,Provider Admin,Rabbi Sheller Provider Workspace,Service Providers,Plans,page,private,Provider admin,Admin/operator,Add Provider,true,true,true,true,true,,No major automated issue detected; manual designer review still required.
/operations?workspace=rabbi_sheller_provider&view=service_providers&section=onboarding,Onboarding,Provider Admin,Rabbi Sheller Provider Workspace,Service Providers,Onboarding,page,private,Provider admin,Admin/operator,Add Provider,true,true,true,true,true,,No major automated issue detected; manual designer review still required.
/operations?workspace=rabbi_sheller_provider&view=service_providers&section=access_checklist,Access Checklist,Provider Admin,Rabbi Sheller Provider Workspace,Service Providers,Access Checklist,page,private,Provider admin,Admin/operator,Add Provider,true,true,true,true,true,,No major automated issue detected; manual designer review still required.
/operations?workspace=rabbi_sheller_provider&view=service_providers&section=integration_audit,Integration Audit,Provider Admin,Rabbi Sheller Provider Workspace,Service Providers,Integration Audit,page,private,Provider admin,Admin/operator,Add Provider,true,true,true,true,true,,No major automated issue detected; manual designer review still required.
/operations?workspace=rabbi_sheller_provider&view=service_providers&section=communities,Communities,Provider Admin,Rabbi Sheller Provider Workspace,Service Providers,Communities,page,private,Provider admin,Admin/operator,Add Provider,true,true,true,true,true,,No major automated issue detected; manual designer review still required.
/operations?workspace=rabbi_sheller_provider&view=service_providers&section=content,Content,Provider Admin,Rabbi Sheller Provider Workspace,Service Providers,Content,page,private,Provider admin,Admin/operator,Add Provider,true,true,true,true,true,,No major automated issue detected; manual designer review still required.
/operations?workspace=rabbi_sheller_provider&view=service_providers&section=marketing,Marketing,Provider Admin,Rabbi Sheller Provider Workspace,Service Providers,Marketing,page,private,Provider admin,Admin/operator,Add Provider,true,true,true,true,true,,No major automated issue detected; manual designer review still required.
/operations?workspace=rabbi_sheller_provider&view=service_providers&section=leads,Leads,Provider Admin,Rabbi Sheller Provider Workspace,Service Providers,Leads,page,private,Provider admin,Admin/operator,Add Provider,true,true,true,true,true,,No major automated issue detected; manual designer review still required.
/operations?workspace=rabbi_sheller_provider&view=service_providers&section=communications,Communications,Provider Admin,Rabbi Sheller Provider Workspace,Service Providers,Communications,page,private,Provider admin,Admin/operator,Add Provider,true,true,true,true,true,,No major automated issue detected; manual designer review still required.
/operations?workspace=rabbi_sheller_provider&view=service_providers&section=settings,Settings,Provider Admin,Rabbi Sheller Provider Workspace,Service Providers,Settings,settings,private,Provider admin,Admin/operator,Add Provider,true,true,true,true,true,,No major automated issue detected; manual designer review still required.
/operations?workspace=rabbi_sheller_provider&view=communications&section=overview,Overview,Provider Admin,Rabbi Sheller Provider Workspace,Communications,Overview,dashboard,private,Provider admin,Admin/operator,New Message,true,true,true,true,true,,Too many card-like panels.
/operations?workspace=rabbi_sheller_provider&view=communications&section=parents,Parents,Provider Admin,Rabbi Sheller Provider Workspace,Communications,Parents,page,private,Provider admin,Admin/operator,New Message,true,true,true,true,true,,Too many card-like panels.
/operations?workspace=rabbi_sheller_provider&view=communications&section=students,Students,Provider Admin,Rabbi Sheller Provider Workspace,Communications,Students,page,private,Provider admin,Admin/operator,New Message,true,true,true,true,true,,No major automated issue detected; manual designer review still required.
/operations?workspace=rabbi_sheller_provider&view=communications&section=providers,Providers,Provider Admin,Rabbi Sheller Provider Workspace,Communications,Providers,page,private,Provider admin,Admin/operator,New Message,true,true,true,true,true,,No major automated issue detected; manual designer review still required.
/operations?workspace=rabbi_sheller_provider&view=communications&section=internal,Internal,Provider Admin,Rabbi Sheller Provider Workspace,Communications,Internal,page,private,Provider admin,Admin/operator,New Message,true,true,true,true,true,,No major automated issue detected; manual designer review still required.
/operations?workspace=rabbi_sheller_provider&view=communications&section=whatsapp,Whatsapp,Provider Admin,Rabbi Sheller Provider Workspace,Communications,Whatsapp,page,private,Provider admin,Admin/operator,New Message,true,true,true,true,true,,No major automated issue detected; manual designer review still required.
/operations?workspace=rabbi_sheller_provider&view=communications&section=email,Email,Provider Admin,Rabbi Sheller Provider Workspace,Communications,Email,page,private,Provider admin,Admin/operator,New Message,true,true,true,true,true,,Too many card-like panels.
/operations?workspace=rabbi_sheller_provider&view=communications&section=bots,Bots,Provider Admin,Rabbi Sheller Provider Workspace,Communications,Bots,page,private,Provider admin,Admin/operator,New Message,true,true,true,true,true,,No major automated issue detected; manual designer review still required.
/operations?workspace=rabbi_sheller_provider&view=communications&section=templates,Templates,Provider Admin,Rabbi Sheller Provider Workspace,Communications,Templates,page,private,Provider admin,Admin/operator,New Message,true,true,true,true,true,,No major automated issue detected; manual designer review still required.
/operations?workspace=rabbi_sheller_provider&view=communications&section=settings,Settings,Provider Admin,Rabbi Sheller Provider Workspace,Communications,Settings,settings,private,Provider admin,Admin/operator,New Message,true,true,true,true,true,,No major automated issue detected; manual designer review still required.
/operations?workspace=rabbi_sheller_provider&view=internal_dialogue&section=overview,Overview,Provider Admin,Rabbi Sheller Provider Workspace,Internal Dialogue,Overview,dashboard,private,Provider admin,Admin/operator,Uploads / Materials 0,true,true,true,true,true,,No major automated issue detected; manual designer review still required.
/operations?workspace=rabbi_sheller_provider&view=internal_dialogue&section=shloimie_rabbi,Shloimie Rabbi,Provider Admin,Rabbi Sheller Provider Workspace,Internal Dialogue,Shloimie Rabbi,page,private,Provider admin,Admin/operator,Uploads / Materials 0,true,true,true,true,true,,No major automated issue detected; manual designer review still required.
/operations?workspace=rabbi_sheller_provider&view=internal_dialogue&section=meeting_notes,Meeting Notes,Provider Admin,Rabbi Sheller Provider Workspace,Internal Dialogue,Meeting Notes,page,private,Provider admin,Admin/operator,Uploads / Materials 0,true,true,true,true,true,,No major automated issue detected; manual designer review still required.
/operations?workspace=rabbi_sheller_provider&view=internal_dialogue&section=uploads,Uploads,Provider Admin,Rabbi Sheller Provider Workspace,Internal Dialogue,Uploads,page,private,Provider admin,Admin/operator,Uploads / Materials 0,true,true,true,true,true,,No major automated issue detected; manual designer review still required.
/operations?workspace=rabbi_sheller_provider&view=internal_dialogue&section=decisions,Decisions,Provider Admin,Rabbi Sheller Provider Workspace,Internal Dialogue,Decisions,page,private,Provider admin,Admin/operator,Uploads / Materials 0,true,true,true,true,true,,No major automated issue detected; manual designer review still required.
/operations?workspace=rabbi_sheller_provider&view=internal_dialogue&section=support,Support,Provider Admin,Rabbi Sheller Provider Workspace,Internal Dialogue,Support,page,private,Provider admin,Admin/operator,Uploads / Materials 0,true,true,true,true,true,,No major automated issue detected; manual designer review still required.
/operations?workspace=rabbi_sheller_provider&view=internal_dialogue&section=activity,Activity,Provider Admin,Rabbi Sheller Provider Workspace,Internal Dialogue,Activity,page,private,Provider admin,Admin/operator,Uploads / Materials 0,true,true,true,true,true,,No major automated issue detected; manual designer review still required.
/operations?workspace=rabbi_sheller_provider&view=accounting&section=overview,Overview,Provider Admin,Rabbi Sheller Provider Workspace,Accounting,Overview,dashboard,private,Provider admin,Admin/operator,New Task,true,true,true,true,true,,No major automated issue detected; manual designer review still required.
/operations?workspace=rabbi_sheller_provider&view=accounting&section=payments,Payments,Provider Admin,Rabbi Sheller Provider Workspace,Accounting,Payments,page,private,Provider admin,Admin/operator,New Task,true,true,true,true,true,,No major automated issue detected; manual designer review still required.
/operations?workspace=rabbi_sheller_provider&view=accounting&section=open,Open,Provider Admin,Rabbi Sheller Provider Workspace,Accounting,Open,page,private,Provider admin,Admin/operator,New Task,true,true,true,true,true,,No major automated issue detected; manual designer review still required.
/operations?workspace=rabbi_sheller_provider&view=accounting&section=paid,Paid,Provider Admin,Rabbi Sheller Provider Workspace,Accounting,Paid,page,private,Provider admin,Admin/operator,New Task,true,true,true,true,true,,No major automated issue detected; manual designer review still required.
/operations?workspace=rabbi_sheller_provider&view=accounting&section=needs_signup,Needs Signup,Provider Admin,Rabbi Sheller Provider Workspace,Accounting,Needs Signup,page,private,Provider admin,Admin/operator,New Task,true,true,true,true,true,,No major automated issue detected; manual designer review still required.
/operations?workspace=rabbi_sheller_provider&view=accounting&section=exceptions,Exceptions,Provider Admin,Rabbi Sheller Provider Workspace,Accounting,Exceptions,page,private,Provider admin,Admin/operator,New Task,true,true,true,true,true,,No major automated issue detected; manual designer review still required.
/operations?workspace=rabbi_sheller_provider&view=api_usage&section=overview,Overview,Provider Admin,Rabbi Sheller Provider Workspace,Api Usage,Overview,dashboard,private,Provider admin,Admin/operator,New Task,true,true,true,true,true,,No major automated issue detected; manual designer review still required.
/operations?workspace=rabbi_sheller_provider&view=api_usage&section=workspace,Workspace,Provider Admin,Rabbi Sheller Provider Workspace,Api Usage,Workspace,page,private,Provider admin,Admin/operator,New Task,true,true,true,true,true,,No major automated issue detected; manual designer review still required.
/operations?workspace=rabbi_sheller_provider&view=api_usage&section=parent,Parent,Provider Admin,Rabbi Sheller Provider Workspace,Api Usage,Parent,page,private,Provider admin,Admin/operator,New Task,true,true,true,true,true,,No major automated issue detected; manual designer review still required.
/operations?workspace=rabbi_sheller_provider&view=api_usage&section=student,Student,Provider Admin,Rabbi Sheller Provider Workspace,Api Usage,Student,page,private,Provider admin,Admin/operator,New Task,true,true,true,true,true,,No major automated issue detected; manual designer review still required.
/operations?workspace=rabbi_sheller_provider&view=api_usage&section=provider,Provider,Provider Admin,Rabbi Sheller Provider Workspace,Api Usage,Provider,page,private,Provider admin,Admin/operator,New Task,true,true,true,true,true,,No major automated issue detected; manual designer review still required.
/operations?workspace=rabbi_sheller_provider&view=api_usage&section=bot,Bot,Provider Admin,Rabbi Sheller Provider Workspace,Api Usage,Bot,page,private,Provider admin,Admin/operator,New Task,true,true,true,true,true,,No major automated issue detected; manual designer review still required.
/operations?workspace=rabbi_sheller_provider&view=api_usage&section=errors,Errors,Provider Admin,Rabbi Sheller Provider Workspace,Api Usage,Errors,page,private,Provider admin,Admin/operator,New Task,true,true,true,true,true,,No major automated issue detected; manual designer review still required.
/operations?workspace=rabbi_sheller_provider&view=api_usage&section=budgets,Budgets,Provider Admin,Rabbi Sheller Provider Workspace,Api Usage,Budgets,page,private,Provider admin,Admin/operator,New Task,true,true,true,true,true,,No major automated issue detected; manual designer review still required.
/operations?workspace=rabbi_sheller_provider&view=api_usage&section=settings,Settings,Provider Admin,Rabbi Sheller Provider Workspace,Api Usage,Settings,settings,private,Provider admin,Admin/operator,New Task,true,true,true,true,true,,No major automated issue detected; manual designer review still required.
/operations?workspace=rabbi_sheller_provider&view=admin&section=overview,Overview,Provider Admin,Rabbi Sheller Provider Workspace,Admin,Overview,dashboard,private,Provider admin,Admin/operator,New Task,true,true,true,true,true,,No major automated issue detected; manual designer review still required.
/operations?workspace=rabbi_sheller_provider&view=admin&section=users,Users,Provider Admin,Rabbi Sheller Provider Workspace,Admin,Users,page,private,Provider admin,Admin/operator,New Task,true,true,true,true,true,,No major automated issue detected; manual designer review still required.
/operations?workspace=rabbi_sheller_provider&view=admin&section=roles,Roles,Provider Admin,Rabbi Sheller Provider Workspace,Admin,Roles,page,private,Provider admin,Admin/operator,New Task,true,true,true,true,true,,No major automated issue detected; manual designer review still required.
/operations?workspace=rabbi_sheller_provider&view=admin&section=workspaces,Workspaces,Provider Admin,Rabbi Sheller Provider Workspace,Admin,Workspaces,page,private,Provider admin,Admin/operator,New Task,true,true,true,true,true,,No major automated issue detected; manual designer review still required.
/operations?workspace=rabbi_sheller_provider&view=admin&section=invitations,Invitations,Provider Admin,Rabbi Sheller Provider Workspace,Admin,Invitations,page,private,Provider admin,Admin/operator,New Task,true,true,true,true,true,,No major automated issue detected; manual designer review still required.
/operations?workspace=rabbi_sheller_provider&view=admin&section=tickets,Tickets,Provider Admin,Rabbi Sheller Provider Workspace,Admin,Tickets,page,private,Provider admin,Admin/operator,New Task,true,true,true,true,true,,No major automated issue detected; manual designer review still required.
/operations?workspace=rabbi_sheller_provider&view=admin&section=messages,Messages,Provider Admin,Rabbi Sheller Provider Workspace,Admin,Messages,page,private,Provider admin,Admin/operator,New Task,true,true,true,true,true,,No major automated issue detected; manual designer review still required.
/operations?workspace=rabbi_sheller_provider&view=admin&section=settings,Settings,Provider Admin,Rabbi Sheller Provider Workspace,Admin,Settings,settings,private,Provider admin,Admin/operator,New Task,true,true,true,true,true,,No major automated issue detected; manual designer review still required.
/operations?workspace=rabbi_sheller_provider&view=settings&section=profile,Profile,Provider Admin,Rabbi Sheller Provider Workspace,Settings,Profile,settings,private,Provider admin,Admin/operator,Save Settings,true,true,true,true,true,,No major automated issue detected; manual designer review still required.
/operations?workspace=rabbi_sheller_provider&view=settings&section=workspace,Workspace,Provider Admin,Rabbi Sheller Provider Workspace,Settings,Workspace,settings,private,Provider admin,Admin/operator,Save Settings,true,true,true,true,true,,No major automated issue detected; manual designer review still required.
/operations?workspace=rabbi_sheller_provider&view=settings&section=branding,Branding,Provider Admin,Rabbi Sheller Provider Workspace,Settings,Branding,settings,private,Provider admin,Admin/operator,Save Settings,true,true,true,true,true,,No major automated issue detected; manual designer review still required.
/operations?workspace=rabbi_sheller_provider&view=settings&section=language,Language,Provider Admin,Rabbi Sheller Provider Workspace,Settings,Language,settings,private,Provider admin,Admin/operator,Save Settings,true,true,true,true,true,,No major automated issue detected; manual designer review still required.
/operations?workspace=rabbi_sheller_provider&view=settings&section=users_roles,Users Roles,Provider Admin,Rabbi Sheller Provider Workspace,Settings,Users Roles,settings,private,Provider admin,Admin/operator,Save Settings,true,true,true,true,true,,No major automated issue detected; manual designer review still required.
/operations?workspace=rabbi_sheller_provider&view=settings&section=email_identities,Email Identities,Provider Admin,Rabbi Sheller Provider Workspace,Settings,Email Identities,settings,private,Provider admin,Admin/operator,Save Settings,true,true,true,true,true,,No major automated issue detected; manual designer review still required.
/operations?workspace=rabbi_sheller_provider&view=settings&section=whatsapp,Whatsapp,Provider Admin,Rabbi Sheller Provider Workspace,Settings,Whatsapp,settings,private,Provider admin,Admin/operator,Save Settings,true,true,true,true,true,,No major automated issue detected; manual designer review still required.
/operations?workspace=rabbi_sheller_provider&view=settings&section=social_accounts,Social Accounts,Provider Admin,Rabbi Sheller Provider Workspace,Settings,Social Accounts,settings,private,Provider admin,Admin/operator,Save Settings,true,true,true,true,true,,No major automated issue detected; manual designer review still required.
/operations?workspace=rabbi_sheller_provider&view=settings&section=calendar,Calendar,Provider Admin,Rabbi Sheller Provider Workspace,Settings,Calendar,settings,private,Provider admin,Admin/operator,Save Settings,true,true,true,true,true,,No major automated issue detected; manual designer review still required.
/operations?workspace=rabbi_sheller_provider&view=settings&section=google_classroom,Google Classroom,Provider Admin,Rabbi Sheller Provider Workspace,Settings,Google Classroom,settings,private,Provider admin,Admin/operator,Save Settings,true,true,true,true,true,,No major automated issue detected; manual designer review still required.
/operations?workspace=rabbi_sheller_provider&view=settings&section=parent_portal,Parent Portal,Provider Admin,Rabbi Sheller Provider Workspace,Settings,Parent Portal,settings,private,Provider admin,Admin/operator,Save Settings,true,true,true,true,true,,No major automated issue detected; manual designer review still required.
/operations?workspace=rabbi_sheller_provider&view=settings&section=student_portal,Student Portal,Provider Admin,Rabbi Sheller Provider Workspace,Settings,Student Portal,settings,private,Provider admin,Admin/operator,Save Settings,true,true,true,true,true,,No major automated issue detected; manual designer review still required.
/operations?workspace=rabbi_sheller_provider&view=settings&section=provider_portal,Provider Portal,Provider Admin,Rabbi Sheller Provider Workspace,Settings,Provider Portal,settings,private,Provider admin,Admin/operator,Save Settings,true,true,true,true,true,,No major automated issue detected; manual designer review still required.
/operations?workspace=rabbi_sheller_provider&view=settings&section=provider_index,Provider Index,Provider Admin,Rabbi Sheller Provider Workspace,Settings,Provider Index,settings,private,Provider admin,Admin/operator,Save Settings,true,true,true,true,true,,No major automated issue detected; manual designer review still required.
/operations?workspace=rabbi_sheller_provider&view=settings&section=provider_plans,Provider Plans,Provider Admin,Rabbi Sheller Provider Workspace,Settings,Provider Plans,settings,private,Provider admin,Admin/operator,Save Settings,true,true,true,true,true,,No major automated issue detected; manual designer review still required.
/operations?workspace=rabbi_sheller_provider&view=settings&section=provider_entitlements,Provider Entitlements,Provider Admin,Rabbi Sheller Provider Workspace,Settings,Provider Entitlements,settings,private,Provider admin,Admin/operator,Save Settings,true,true,true,true,true,,No major automated issue detected; manual designer review still required.
/operations?workspace=rabbi_sheller_provider&view=settings&section=provider_onboarding,Provider Onboarding,Provider Admin,Rabbi Sheller Provider Workspace,Settings,Provider Onboarding,settings,private,Provider admin,Admin/operator,Save Settings,true,true,true,true,true,,No major automated issue detected; manual designer review still required.
/operations?workspace=rabbi_sheller_provider&view=settings&section=commercial_models,Commercial Models,Provider Admin,Rabbi Sheller Provider Workspace,Settings,Commercial Models,settings,private,Provider admin,Admin/operator,Save Settings,true,true,true,true,true,,No major automated issue detected; manual designer review still required.
/operations?workspace=rabbi_sheller_provider&view=settings&section=bot_permissions,Bot Permissions,Provider Admin,Rabbi Sheller Provider Workspace,Settings,Bot Permissions,settings,private,Provider admin,Admin/operator,Save Settings,true,true,true,true,true,,No major automated issue detected; manual designer review still required.
/operations?workspace=rabbi_sheller_provider&view=settings&section=api_limits,Api Limits,Provider Admin,Rabbi Sheller Provider Workspace,Settings,Api Limits,settings,private,Provider admin,Admin/operator,Save Settings,true,true,true,true,true,,No major automated issue detected; manual designer review still required.
/operations?workspace=rabbi_sheller_provider&view=settings&section=communications,Communications,Provider Admin,Rabbi Sheller Provider Workspace,Settings,Communications,settings,private,Provider admin,Admin/operator,Save Settings,true,true,true,true,true,,No major automated issue detected; manual designer review still required.
/operations?workspace=rabbi_sheller_provider&view=settings&section=integrations,Integrations,Provider Admin,Rabbi Sheller Provider Workspace,Settings,Integrations,settings,private,Provider admin,Admin/operator,Save Settings,true,true,true,true,true,,No major automated issue detected; manual designer review still required.
/operations?workspace=rabbi_sheller_provider&view=settings&section=payment_links,Payment Links,Provider Admin,Rabbi Sheller Provider Workspace,Settings,Payment Links,settings,private,Provider admin,Admin/operator,Save Settings,true,true,true,true,true,,No major automated issue detected; manual designer review still required.
/operations?workspace=rabbi_sheller_provider&view=settings&section=external_apps,External Apps,Provider Admin,Rabbi Sheller Provider Workspace,Settings,External Apps,settings,private,Provider admin,Admin/operator,Save Settings,true,true,true,true,true,,No major automated issue detected; manual designer review still required.
/operations?workspace=rabbi_sheller_provider&view=settings&section=billing,Billing,Provider Admin,Rabbi Sheller Provider Workspace,Settings,Billing,settings,private,Provider admin,Admin/operator,Save Settings,true,true,true,true,true,,No major automated issue detected; manual designer review still required.
/operations?workspace=rabbi_sheller_provider&view=settings&section=automations,Automations,Provider Admin,Rabbi Sheller Provider Workspace,Settings,Automations,settings,private,Provider admin,Admin/operator,Save Settings,true,true,true,true,true,,No major automated issue detected; manual designer review still required.
/operations?workspace=rabbi_sheller_provider&view=settings&section=danger,Danger,Provider Admin,Rabbi Sheller Provider Workspace,Settings,Danger,settings,private,Provider admin,Admin/operator,Save Settings,true,true,true,true,true,,No major automated issue detected; manual designer review still required.
/,Public Site Home,Public,Public Website,Website,,page,public,Public visitor,Public Website,,false,false,false,false,true,true,Too many card-like panels.
/he,Hebrew State,Public,Public Website,Website,,page,public,Public visitor,Public Website,,false,false,false,false,false,true,No major automated issue detected; manual designer review still required.
/blog,Blog,Public,Public Website,Website,,page,public,Public visitor,Public Website,,false,false,false,false,true,true,Too many card-like panels.
/he/blog,Hebrew State,Public,Public Website,Website,,page,public,Public visitor,Public Website,,false,false,false,false,false,true,No major automated issue detected; manual designer review still required.
/faq,FAQ,Public,Public Website,Website,,page,public,Public visitor,Public Website,,false,false,false,false,false,true,No major automated issue detected; manual designer review still required.
/he/faq,Hebrew State,Public,Public Website,Website,,page,public,Public visitor,Public Website,,false,false,false,false,false,true,No major automated issue detected; manual designer review still required.
/signup.html,Signup English,Public,Public Website,Website,,page,public,Public visitor,Public Website,Open and Sign,false,false,false,false,false,true,No major automated issue detected; manual designer review still required.
/signup-he.html,Hebrew State,Public,Public Website,Website,,page,public,Public visitor,Public Website,,false,false,false,false,false,true,No major automated issue detected; manual designer review still required.
/signup-thank-you.html,Signup Thank You,Public,Public Website,Website,,page,public,Public visitor,Public Website,,false,false,false,false,false,true,No major automated issue detected; manual designer review still required.
/documents/parent-handbook.html,Parent Handbook,Public,Public Website,Website,,page,public,Public visitor,Parent,,false,false,true,true,false,true,No major automated issue detected; manual designer review still required.
/operations-login.html,Operations Login,Public,Operations Login,Auth,,login,public,Public visitor,Admin/operator,Open navigation,true,true,true,false,true,true,No major automated issue detected; manual designer review still required.
/parent,Parent Portal Login,Parent,BNA School Workspace,Portal,,login,private,BNA parent,Parent,Sign in,false,true,true,true,false,true,Parent/student assistant placement must be explicitly reviewed.
/student,Student Workspace Login,Student,BNA School Workspace,Portal,,login,private,BNA student,Student,Open My Board,false,true,true,true,false,true,Parent/student assistant placement must be explicitly reviewed.
/provider,Provider Portal Login,Provider Admin,Rabbi Sheller Provider Workspace,Portal,,login,private,Provider admin,Provider/public provider visitor,Sign In,false,true,true,true,false,true,No major automated issue detected; manual designer review still required.
/providers/join, Onboarding,Provider Admin,Rabbi Sheller Provider Workspace,Provider Onboarding,,page,private,Provider admin,Provider/public provider visitor,Submit For Review,false,false,true,true,false,true,No major automated issue detected; manual designer review still required.
/operations?workspace=platform&view=dashboard&section=overview,Overview,Super Admin,Platform,Dashboard,Overview,dashboard,private,Shloimie / platform operator,Admin/operator,Open navigation,true,true,true,true,true,true,No major automated issue detected; manual designer review still required.
/operations?workspace=platform&view=dashboard&section=activity,Activity,Super Admin,Platform,Dashboard,Activity,page,private,Shloimie / platform operator,Admin/operator,Open navigation,true,true,true,true,false,true,No major automated issue detected; manual designer review still required.
/operations?workspace=platform&view=dashboard&section=alerts,Alerts,Super Admin,Platform,Dashboard,Alerts,page,private,Shloimie / platform operator,Admin/operator,Open navigation,true,true,true,true,true,true,No major automated issue detected; manual designer review still required.
/operations?workspace=platform&view=dashboard&section=today,Today,Super Admin,Platform,Dashboard,Today,page,private,Shloimie / platform operator,Admin/operator,Open navigation,true,true,true,true,false,true,No major automated issue detected; manual designer review still required.
/operations?workspace=platform&view=dashboard&section=updates,Updates,Super Admin,Platform,Dashboard,Updates,page,private,Shloimie / platform operator,Admin/operator,Open navigation,true,true,true,true,false,true,No major automated issue detected; manual designer review still required.
/operations?workspace=platform&view=pipelines&section=overview,Overview,Super Admin,Platform,Pipelines,Overview,dashboard,private,Shloimie / platform operator,Admin/operator,Open navigation,true,true,true,true,true,true,No major automated issue detected; manual designer review still required.
/operations?workspace=platform&view=pipelines&section=bna_enrollment,Bna Enrollment,Super Admin,Platform,Pipelines,Bna Enrollment,page,private,Shloimie / platform operator,Admin/operator,Open navigation,true,true,true,true,true,true,No major automated issue detected; manual designer review still required.
/operations?workspace=platform&view=pipelines&section=provider_class,Provider Class,Super Admin,Platform,Pipelines,Provider Class,page,private,Shloimie / platform operator,Admin/operator,Open navigation,true,true,true,true,true,true,No major automated issue detected; manual designer review still required.
/operations?workspace=platform&view=pipelines&section=provider_onboarding,Provider Onboarding,Super Admin,Platform,Pipelines,Provider Onboarding,page,private,Shloimie / platform operator,Admin/operator,Open navigation,true,true,true,true,true,true,No major automated issue detected; manual designer review still required.
/operations?workspace=platform&view=pipelines&section=participants,Participants,Super Admin,Platform,Pipelines,Participants,page,private,Shloimie / platform operator,Admin/operator,Open navigation,true,true,true,true,true,true,No major automated issue detected; manual designer review still required.
/operations?workspace=platform&view=pipelines&section=stale_tasks,Stale Tasks,Super Admin,Platform,Pipelines,Stale Tasks,page,private,Shloimie / platform operator,Admin/operator,Open navigation,true,true,true,true,true,true,No major automated issue detected; manual designer review still required.
/operations?workspace=platform&view=pipelines&section=decisions,Decisions,Super Admin,Platform,Pipelines,Decisions,page,private,Shloimie / platform operator,Admin/operator,Open navigation,true,true,true,true,true,true,No major automated issue detected; manual designer review still required.
/operations?workspace=platform&view=tasks&section=overview,Overview,Super Admin,Platform,Tasks,Overview,dashboard,private,Shloimie / platform operator,Admin/operator,Open navigation,true,true,true,true,false,true,No major automated issue detected; manual designer review still required.
/operations?workspace=platform&view=tasks&section=decisions,Decisions,Super Admin,Platform,Tasks,Decisions,page,private,Shloimie / platform operator,Admin/operator,Open navigation,true,true,true,true,false,true,No major automated issue detected; manual designer review still required.
/operations?workspace=platform&view=tasks&section=mine,Mine,Super Admin,Platform,Tasks,Mine,page,private,Shloimie / platform operator,Admin/operator,Open navigation,true,true,true,true,false,true,No major automated issue detected; manual designer review still required.
/operations?workspace=platform&view=tasks&section=schedule,Schedule,Super Admin,Platform,Tasks,Schedule,page,private,Shloimie / platform operator,Admin/operator,Open navigation,true,true,true,true,false,true,No major automated issue detected; manual designer review still required.
/operations?workspace=platform&view=tasks&section=research,Research,Super Admin,Platform,Tasks,Research,page,private,Shloimie / platform operator,Admin/operator,Open navigation,true,true,true,true,false,true,No major automated issue detected; manual designer review still required.
/operations?workspace=platform&view=tasks&section=changelog,Changelog,Super Admin,Platform,Tasks,Changelog,page,private,Shloimie / platform operator,Admin/operator,Open navigation,true,true,true,true,false,true,No major automated issue detected; manual designer review still required.
/operations?workspace=platform&view=tasks&section=done,Done,Super Admin,Platform,Tasks,Done,page,private,Shloimie / platform operator,Admin/operator,Open navigation,true,true,true,true,false,true,No major automated issue detected; manual designer review still required.
/operations?workspace=platform&view=students&section=overview,Overview,Super Admin,Platform,Students,Overview,dashboard,private,Shloimie / platform operator,Admin/operator,Open navigation,true,true,true,true,true,true,No major automated issue detected; manual designer review still required.
/operations?workspace=platform&view=students&section=list,List,Super Admin,Platform,Students,List,page,private,Shloimie / platform operator,Admin/operator,Open navigation,true,true,true,true,true,true,No major automated issue detected; manual designer review still required.
/operations?workspace=platform&view=students&section=group_goal,Group Goal,Super Admin,Platform,Students,Group Goal,page,private,Shloimie / platform operator,Admin/operator,Open navigation,true,true,true,true,true,true,No major automated issue detected; manual designer review still required.
/operations?workspace=platform&view=students&section=goal_board,Goal Board,Super Admin,Platform,Students,Goal Board,page,private,Shloimie / platform operator,Admin/operator,Open navigation,true,true,true,true,true,true,No major automated issue detected; manual designer review still required.
/operations?workspace=platform&view=students&section=assignments,Assignments,Super Admin,Platform,Students,Assignments,page,private,Shloimie / platform operator,Admin/operator,Open navigation,true,true,true,true,true,true,No major automated issue detected; manual designer review still required.
/operations?workspace=platform&view=students&section=questions,Questions,Super Admin,Platform,Students,Questions,page,private,Shloimie / platform operator,Admin/operator,Open navigation,true,true,true,true,true,true,No major automated issue detected; manual designer review still required.
/operations?workspace=platform&view=students&section=documents,Documents,Super Admin,Platform,Students,Documents,page,private,Shloimie / platform operator,Admin/operator,Open navigation,true,true,true,true,true,true,No major automated issue detected; manual designer review still required.
/operations?workspace=platform&view=students&section=portal_links,Portal Links,Super Admin,Platform,Students,Portal Links,page,private,Shloimie / platform operator,Admin/operator,Open navigation,true,true,true,true,true,true,No major automated issue detected; manual designer review still required.
/operations?workspace=platform&view=students&section=tablet_access,Tablet Access,Super Admin,Platform,Students,Tablet Access,page,private,Shloimie / platform operator,Admin/operator,Open navigation,true,true,true,true,true,true,No major automated issue detected; manual designer review still required.
/operations?workspace=platform&view=students&section=profile,Profile,Super Admin,Platform,Students,Profile,detail,private,Shloimie / platform operator,Admin/operator,Open navigation,true,true,true,true,true,true,No major automated issue detected; manual designer review still required.
/operations?workspace=platform&view=students&section=parent_family,Parent Family,Super Admin,Platform,Students,Parent Family,page,private,Shloimie / platform operator,Admin/operator,Open navigation,true,true,true,true,true,true,No major automated issue detected; manual designer review still required.
/operations?workspace=platform&view=students&section=analysis,Analysis,Super Admin,Platform,Students,Analysis,page,private,Shloimie / platform operator,Admin/operator,Open navigation,true,true,true,true,true,true,No major automated issue detected; manual designer review still required.
/operations?workspace=platform&view=students&section=meetings,Meetings,Super Admin,Platform,Students,Meetings,page,private,Shloimie / platform operator,Admin/operator,Open navigation,true,true,true,true,true,true,No major automated issue detected; manual designer review still required.
/operations?workspace=platform&view=students&section=bot_settings,Bot Settings,Super Admin,Platform,Students,Bot Settings,settings,private,Shloimie / platform operator,Admin/operator,Open navigation,true,true,true,true,true,true,No major automated issue detected; manual designer review still required.
/operations?workspace=platform&view=students&section=activity,Activity,Super Admin,Platform,Students,Activity,page,private,Shloimie / platform operator,Admin/operator,Open navigation,true,true,true,true,false,true,No major automated issue detected; manual designer review still required.
/operations?workspace=platform&view=students&section=next_year_login,Next Year Login,Super Admin,Platform,Students,Next Year Login,login,private,Shloimie / platform operator,Admin/operator,Open navigation,true,true,true,true,true,true,No major automated issue detected; manual designer review still required.
/operations?workspace=platform&view=contacts&section=overview,Overview,Super Admin,Platform,Contacts,Overview,dashboard,private,Shloimie / platform operator,Admin/operator,Open navigation,true,true,true,true,true,true,No major automated issue detected; manual designer review still required.
/operations?workspace=platform&view=contacts&section=interested_parents,Interested Parents,Super Admin,Platform,Contacts,Interested Parents,page,private,Shloimie / platform operator,Admin/operator,Open navigation,true,true,true,true,true,true,No major automated issue detected; manual designer review still required.
/operations?workspace=platform&view=contacts&section=parents,Parents,Super Admin,Platform,Contacts,Parents,page,private,Shloimie / platform operator,Admin/operator,Open navigation,true,true,true,true,true,true,No major automated issue detected; manual designer review still required.
/operations?workspace=platform&view=contacts&section=people,People,Super Admin,Platform,Contacts,People,page,private,Shloimie / platform operator,Admin/operator,Open navigation,true,true,true,true,true,true,No major automated issue detected; manual designer review still required.
/operations?workspace=platform&view=contacts&section=contacts,Contacts,Super Admin,Platform,Contacts,Contacts,page,private,Shloimie / platform operator,Admin/operator,Open navigation,true,true,true,true,true,true,No major automated issue detected; manual designer review still required.
/operations?workspace=platform&view=contacts&section=notes,Notes,Super Admin,Platform,Contacts,Notes,page,private,Shloimie / platform operator,Admin/operator,Open navigation,true,true,true,true,true,true,No major automated issue detected; manual designer review still required.
/operations?workspace=platform&view=contacts&section=students,Students,Super Admin,Platform,Contacts,Students,page,private,Shloimie / platform operator,Admin/operator,Open navigation,true,true,true,true,true,true,No major automated issue detected; manual designer review still required.
/operations?workspace=platform&view=contacts&section=intake,Intake,Super Admin,Platform,Contacts,Intake,page,private,Shloimie / platform operator,Admin/operator,Open navigation,true,true,true,true,true,true,No major automated issue detected; manual designer review still required.
/operations?workspace=platform&view=contacts&section=follow_up,Follow Up,Super Admin,Platform,Contacts,Follow Up,page,private,Shloimie / platform operator,Admin/operator,Open navigation,true,true,true,true,true,true,No major automated issue detected; manual designer review still required.
/operations?workspace=platform&view=contacts&section=tags,Tags,Super Admin,Platform,Contacts,Tags,page,private,Shloimie / platform operator,Admin/operator,Open navigation,true,true,true,true,true,true,No major automated issue detected; manual designer review still required.
/operations?workspace=platform&view=content&section=library,Library,Super Admin,Platform,Content,Library,page,private,Shloimie / platform operator,Admin/operator,Open navigation,true,true,true,true,true,true,No major automated issue detected; manual designer review still required.
/operations?workspace=platform&view=content&section=meetings,Meetings,Super Admin,Platform,Content,Meetings,page,private,Shloimie / platform operator,Admin/operator,Open navigation,true,true,true,true,true,true,No major automated issue detected; manual designer review still required.
/operations?workspace=platform&view=content&section=research,Research,Super Admin,Platform,Content,Research,page,private,Shloimie / platform operator,Admin/operator,Open navigation,true,true,true,true,true,true,No major automated issue detected; manual designer review still required.
/operations?workspace=platform&view=content&section=selected,Selected,Super Admin,Platform,Content,Selected,page,private,Shloimie / platform operator,Admin/operator,Open navigation,true,true,true,true,true,true,No major automated issue detected; manual designer review still required.
/operations?workspace=platform&view=content&section=repurpose,Repurpose,Super Admin,Platform,Content,Repurpose,page,private,Shloimie / platform operator,Admin/operator,Open navigation,true,true,true,true,true,true,No major automated issue detected; manual designer review still required.
/operations?workspace=platform&view=content&section=newsletter,Newsletter,Super Admin,Platform,Content,Newsletter,page,private,Shloimie / platform operator,Admin/operator,Open navigation,true,true,true,true,true,true,No major automated issue detected; manual designer review still required.
/operations?workspace=platform&view=content&section=prompts,Prompts,Super Admin,Platform,Content,Prompts,page,private,Shloimie / platform operator,Admin/operator,Open navigation,true,true,true,true,true,true,No major automated issue detected; manual designer review still required.
/operations?workspace=platform&view=content&section=bundles,Bundles,Super Admin,Platform,Content,Bundles,page,private,Shloimie / platform operator,Admin/operator,Open navigation,true,true,true,true,true,true,No major automated issue detected; manual designer review still required.
/operations?workspace=platform&view=calendar&section=overview,Overview,Super Admin,Platform,Calendar,Overview,dashboard,private,Shloimie / platform operator,Admin/operator,Open navigation,true,true,true,true,false,true,No major automated issue detected; manual designer review still required.
/operations?workspace=platform&view=calendar&section=week,Week,Super Admin,Platform,Calendar,Week,page,private,Shloimie / platform operator,Admin/operator,Open navigation,true,true,true,true,false,true,No major automated issue detected; manual designer review still required.
/operations?workspace=platform&view=calendar&section=month,Month,Super Admin,Platform,Calendar,Month,page,private,Shloimie / platform operator,Admin/operator,Open navigation,true,true,true,true,false,true,No major automated issue detected; manual designer review still required.
/operations?workspace=platform&view=calendar&section=classes,Classes,Super Admin,Platform,Calendar,Classes,page,private,Shloimie / platform operator,Admin/operator,Open navigation,true,true,true,true,false,true,No major automated issue detected; manual designer review still required.
/operations?workspace=platform&view=calendar&section=students,Students,Super Admin,Platform,Calendar,Students,page,private,Shloimie / platform operator,Admin/operator,Open navigation,true,true,true,true,false,true,No major automated issue detected; manual designer review still required.
/operations?workspace=platform&view=calendar&section=provider,Provider,Super Admin,Platform,Calendar,Provider,page,private,Shloimie / platform operator,Admin/operator,Open navigation,true,true,true,true,false,true,No major automated issue detected; manual designer review still required.
/operations?workspace=platform&view=calendar&section=google_sync,Google Sync,Super Admin,Platform,Calendar,Google Sync,page,private,Shloimie / platform operator,Admin/operator,Open navigation,true,true,true,true,false,true,No major automated issue detected; manual designer review still required.
/operations?workspace=platform&view=calendar&section=settings,Settings,Super Admin,Platform,Calendar,Settings,settings,private,Shloimie / platform operator,Admin/operator,Open navigation,true,true,true,true,true,true,No major automated issue detected; manual designer review still required.
/operations?workspace=platform&view=service_providers&section=overview,Overview,Super Admin,Platform,Service Providers,Overview,dashboard,private,Shloimie / platform operator,Admin/operator,Open navigation,true,true,true,true,false,true,Too many card-like panels.
/operations?workspace=platform&view=service_providers&section=directory,Directory,Super Admin,Platform,Service Providers,Directory,page,private,Shloimie / platform operator,Admin/operator,Open navigation,true,true,true,true,false,true,Too many card-like panels.
/operations?workspace=platform&view=service_providers&section=workspaces,Workspaces,Super Admin,Platform,Service Providers,Workspaces,page,private,Shloimie / platform operator,Admin/operator,Open navigation,true,true,true,true,true,true,Too many card-like panels. Too much not-configured/placeholder language.
/operations?workspace=platform&view=service_providers&section=commercial,Commercial,Super Admin,Platform,Service Providers,Commercial,page,private,Shloimie / platform operator,Admin/operator,Open navigation,true,true,true,true,false,true,No major automated issue detected; manual designer review still required.
/operations?workspace=platform&view=service_providers&section=plans,Plans,Super Admin,Platform,Service Providers,Plans,page,private,Shloimie / platform operator,Admin/operator,Open navigation,true,true,true,true,false,true,No major automated issue detected; manual designer review still required.
/operations?workspace=platform&view=service_providers&section=onboarding,Onboarding,Super Admin,Platform,Service Providers,Onboarding,page,private,Shloimie / platform operator,Admin/operator,Open navigation,true,true,true,true,false,true,No major automated issue detected; manual designer review still required.
/operations?workspace=platform&view=service_providers&section=access_checklist,Access Checklist,Super Admin,Platform,Service Providers,Access Checklist,page,private,Shloimie / platform operator,Admin/operator,Open navigation,true,true,true,true,false,true,No major automated issue detected; manual designer review still required.
/operations?workspace=platform&view=service_providers&section=integration_audit,Integration Audit,Super Admin,Platform,Service Providers,Integration Audit,page,private,Shloimie / platform operator,Admin/operator,Open navigation,true,true,true,true,false,true,No major automated issue detected; manual designer review still required.
/operations?workspace=platform&view=service_providers&section=communities,Communities,Super Admin,Platform,Service Providers,Communities,page,private,Shloimie / platform operator,Admin/operator,Open navigation,true,true,true,true,false,true,No major automated issue detected; manual designer review still required.
/operations?workspace=platform&view=service_providers&section=content,Content,Super Admin,Platform,Service Providers,Content,page,private,Shloimie / platform operator,Admin/operator,Open navigation,true,true,true,true,false,true,No major automated issue detected; manual designer review still required.
/operations?workspace=platform&view=service_providers&section=marketing,Marketing,Super Admin,Platform,Service Providers,Marketing,page,private,Shloimie / platform operator,Admin/operator,Open navigation,true,true,true,true,false,true,No major automated issue detected; manual designer review still required.
/operations?workspace=platform&view=service_providers&section=leads,Leads,Super Admin,Platform,Service Providers,Leads,page,private,Shloimie / platform operator,Admin/operator,Open navigation,true,true,true,true,false,true,No major automated issue detected; manual designer review still required.
/operations?workspace=platform&view=service_providers&section=communications,Communications,Super Admin,Platform,Service Providers,Communications,page,private,Shloimie / platform operator,Admin/operator,Open navigation,true,true,true,true,false,true,No major automated issue detected; manual designer review still required.
/operations?workspace=platform&view=service_providers&section=settings,Settings,Super Admin,Platform,Service Providers,Settings,settings,private,Shloimie / platform operator,Admin/operator,Open navigation,true,true,true,true,true,true,Too much not-configured/placeholder language.
/operations?workspace=platform&view=communications&section=overview,Overview,Super Admin,Platform,Communications,Overview,dashboard,private,Shloimie / platform operator,Admin/operator,Open navigation,true,true,true,true,true,true,Too many card-like panels.
/operations?workspace=platform&view=communications&section=parents,Parents,Super Admin,Platform,Communications,Parents,page,private,Shloimie / platform operator,Admin/operator,Open navigation,true,true,true,true,false,true,Too many card-like panels.
/operations?workspace=platform&view=communications&section=students,Students,Super Admin,Platform,Communications,Students,page,private,Shloimie / platform operator,Admin/operator,Open navigation,true,true,true,true,false,true,No major automated issue detected; manual designer review still required.
/operations?workspace=platform&view=communications&section=providers,Providers,Super Admin,Platform,Communications,Providers,page,private,Shloimie / platform operator,Admin/operator,Open navigation,true,true,true,true,false,true,No major automated issue detected; manual designer review still required.
/operations?workspace=platform&view=communications&section=internal,Internal,Super Admin,Platform,Communications,Internal,page,private,Shloimie / platform operator,Admin/operator,Open navigation,true,true,true,true,false,true,No major automated issue detected; manual designer review still required.
/operations?workspace=platform&view=communications&section=whatsapp,Whatsapp,Super Admin,Platform,Communications,Whatsapp,page,private,Shloimie / platform operator,Admin/operator,Open navigation,true,true,true,true,false,true,No major automated issue detected; manual designer review still required.
/operations?workspace=platform&view=communications&section=email,Email,Super Admin,Platform,Communications,Email,page,private,Shloimie / platform operator,Admin/operator,Open navigation,true,true,true,true,false,true,Too many card-like panels.
/operations?workspace=platform&view=communications&section=bots,Bots,Super Admin,Platform,Communications,Bots,page,private,Shloimie / platform operator,Admin/operator,Open navigation,true,true,true,true,true,true,No major automated issue detected; manual designer review still required.
/operations?workspace=platform&view=communications&section=templates,Templates,Super Admin,Platform,Communications,Templates,page,private,Shloimie / platform operator,Admin/operator,Open navigation,true,true,true,true,false,true,No major automated issue detected; manual designer review still required.
/operations?workspace=platform&view=communications&section=settings,Settings,Super Admin,Platform,Communications,Settings,settings,private,Shloimie / platform operator,Admin/operator,Open navigation,true,true,true,true,true,true,No major automated issue detected; manual designer review still required.
/operations?workspace=platform&view=internal_dialogue&section=overview,Overview,Super Admin,Platform,Internal Dialogue,Overview,dashboard,private,Shloimie / platform operator,Admin/operator,Open navigation,true,true,true,true,true,true,No major automated issue detected; manual designer review still required.
/operations?workspace=platform&view=internal_dialogue&section=shloimie_rabbi,Shloimie Rabbi,Super Admin,Platform,Internal Dialogue,Shloimie Rabbi,page,private,Shloimie / platform operator,Admin/operator,Open navigation,true,true,true,true,false,true,No major automated issue detected; manual designer review still required.
/operations?workspace=platform&view=internal_dialogue&section=meeting_notes,Meeting Notes,Super Admin,Platform,Internal Dialogue,Meeting Notes,page,private,Shloimie / platform operator,Admin/operator,Open navigation,true,true,true,true,false,true,No major automated issue detected; manual designer review still required.
/operations?workspace=platform&view=internal_dialogue&section=uploads,Uploads,Super Admin,Platform,Internal Dialogue,Uploads,page,private,Shloimie / platform operator,Admin/operator,Open navigation,true,true,true,true,false,true,No major automated issue detected; manual designer review still required.
/operations?workspace=platform&view=internal_dialogue&section=decisions,Decisions,Super Admin,Platform,Internal Dialogue,Decisions,page,private,Shloimie / platform operator,Admin/operator,Open navigation,true,true,true,true,false,true,No major automated issue detected; manual designer review still required.
/operations?workspace=platform&view=internal_dialogue&section=support,Support,Super Admin,Platform,Internal Dialogue,Support,page,private,Shloimie / platform operator,Admin/operator,Open navigation,true,true,true,true,false,true,No major automated issue detected; manual designer review still required.
/operations?workspace=platform&view=internal_dialogue&section=activity,Activity,Super Admin,Platform,Internal Dialogue,Activity,page,private,Shloimie / platform operator,Admin/operator,Open navigation,true,true,true,true,false,true,No major automated issue detected; manual designer review still required.
/operations?workspace=platform&view=accounting&section=overview,Overview,Super Admin,Platform,Accounting,Overview,dashboard,private,Shloimie / platform operator,Admin/operator,Open navigation,true,true,true,true,true,true,No major automated issue detected; manual designer review still required.
/operations?workspace=platform&view=accounting&section=payments,Payments,Super Admin,Platform,Accounting,Payments,page,private,Shloimie / platform operator,Admin/operator,Open navigation,true,true,true,true,true,true,No major automated issue detected; manual designer review still required.
/operations?workspace=platform&view=accounting&section=open,Open,Super Admin,Platform,Accounting,Open,page,private,Shloimie / platform operator,Admin/operator,Open navigation,true,true,true,true,true,true,No major automated issue detected; manual designer review still required.
/operations?workspace=platform&view=accounting&section=paid,Paid,Super Admin,Platform,Accounting,Paid,page,private,Shloimie / platform operator,Admin/operator,Open navigation,true,true,true,true,true,true,No major automated issue detected; manual designer review still required.
/operations?workspace=platform&view=accounting&section=needs_signup,Needs Signup,Super Admin,Platform,Accounting,Needs Signup,page,private,Shloimie / platform operator,Admin/operator,Open navigation,true,true,true,true,true,true,No major automated issue detected; manual designer review still required.
/operations?workspace=platform&view=accounting&section=exceptions,Exceptions,Super Admin,Platform,Accounting,Exceptions,page,private,Shloimie / platform operator,Admin/operator,Open navigation,true,true,true,true,true,true,No major automated issue detected; manual designer review still required.
/operations?workspace=platform&view=api_usage&section=overview,Overview,Super Admin,Platform,Api Usage,Overview,dashboard,private,Shloimie / platform operator,Admin/operator,Open navigation,true,true,true,true,true,true,No major automated issue detected; manual designer review still required.
/operations?workspace=platform&view=api_usage&section=workspace,Workspace,Super Admin,Platform,Api Usage,Workspace,page,private,Shloimie / platform operator,Admin/operator,Open navigation,true,true,true,true,true,true,No major automated issue detected; manual designer review still required.
/operations?workspace=platform&view=api_usage&section=parent,Parent,Super Admin,Platform,Api Usage,Parent,page,private,Shloimie / platform operator,Admin/operator,Open navigation,true,true,true,true,true,true,No major automated issue detected; manual designer review still required.
/operations?workspace=platform&view=api_usage&section=student,Student,Super Admin,Platform,Api Usage,Student,page,private,Shloimie / platform operator,Admin/operator,Open navigation,true,true,true,true,true,true,No major automated issue detected; manual designer review still required.
/operations?workspace=platform&view=api_usage&section=provider,Provider,Super Admin,Platform,Api Usage,Provider,page,private,Shloimie / platform operator,Admin/operator,Open navigation,true,true,true,true,true,true,No major automated issue detected; manual designer review still required.
/operations?workspace=platform&view=api_usage&section=bot,Bot,Super Admin,Platform,Api Usage,Bot,page,private,Shloimie / platform operator,Admin/operator,Open navigation,true,true,true,true,true,true,No major automated issue detected; manual designer review still required.
/operations?workspace=platform&view=api_usage&section=errors,Errors,Super Admin,Platform,Api Usage,Errors,page,private,Shloimie / platform operator,Admin/operator,Open navigation,true,true,true,true,true,true,No major automated issue detected; manual designer review still required.
/operations?workspace=platform&view=api_usage&section=budgets,Budgets,Super Admin,Platform,Api Usage,Budgets,page,private,Shloimie / platform operator,Admin/operator,Open navigation,true,true,true,true,true,true,No major automated issue detected; manual designer review still required.
/operations?workspace=platform&view=api_usage&section=settings,Settings,Super Admin,Platform,Api Usage,Settings,settings,private,Shloimie / platform operator,Admin/operator,Open navigation,true,true,true,true,true,true,No major automated issue detected; manual designer review still required.
/operations?workspace=platform&view=admin&section=overview,Overview,Super Admin,Platform,Admin,Overview,dashboard,private,Shloimie / platform operator,Admin/operator,Open navigation,true,true,true,true,false,true,No major automated issue detected; manual designer review still required.
/operations?workspace=platform&view=admin&section=users,Users,Super Admin,Platform,Admin,Users,page,private,Shloimie / platform operator,Admin/operator,Open navigation,true,true,true,true,false,true,No major automated issue detected; manual designer review still required.
/operations?workspace=platform&view=admin&section=roles,Roles,Super Admin,Platform,Admin,Roles,page,private,Shloimie / platform operator,Admin/operator,Open navigation,true,true,true,true,false,true,No major automated issue detected; manual designer review still required.
/operations?workspace=platform&view=admin&section=workspaces,Workspaces,Super Admin,Platform,Admin,Workspaces,page,private,Shloimie / platform operator,Admin/operator,Open navigation,true,true,true,true,false,true,No major automated issue detected; manual designer review still required.
/operations?workspace=platform&view=admin&section=invitations,Invitations,Super Admin,Platform,Admin,Invitations,page,private,Shloimie / platform operator,Admin/operator,Open navigation,true,true,true,true,false,true,No major automated issue detected; manual designer review still required.
/operations?workspace=platform&view=admin&section=tickets,Tickets,Super Admin,Platform,Admin,Tickets,page,private,Shloimie / platform operator,Admin/operator,Open navigation,true,true,true,true,false,true,No major automated issue detected; manual designer review still required.
/operations?workspace=platform&view=admin&section=messages,Messages,Super Admin,Platform,Admin,Messages,page,private,Shloimie / platform operator,Admin/operator,Open navigation,true,true,true,true,false,true,No major automated issue detected; manual designer review still required.
/operations?workspace=platform&view=admin&section=settings,Settings,Super Admin,Platform,Admin,Settings,settings,private,Shloimie / platform operator,Admin/operator,Open navigation,true,true,true,true,true,true,No major automated issue detected; manual designer review still required.
/operations?workspace=platform&view=settings&section=profile,Profile,Super Admin,Platform,Settings,Profile,settings,private,Shloimie / platform operator,Admin/operator,Open navigation,true,true,true,true,true,true,No major automated issue detected; manual designer review still required.
/operations?workspace=platform&view=settings&section=workspace,Workspace,Super Admin,Platform,Settings,Workspace,settings,private,Shloimie / platform operator,Admin/operator,Open navigation,true,true,true,true,true,true,No major automated issue detected; manual designer review still required.
/operations?workspace=platform&view=settings&section=branding,Branding,Super Admin,Platform,Settings,Branding,settings,private,Shloimie / platform operator,Admin/operator,Open navigation,true,true,true,true,true,true,No major automated issue detected; manual designer review still required.
/operations?workspace=platform&view=settings&section=language,Language,Super Admin,Platform,Settings,Language,settings,private,Shloimie / platform operator,Admin/operator,Open navigation,true,true,true,true,true,true,No major automated issue detected; manual designer review still required.
/operations?workspace=platform&view=settings&section=users_roles,Users Roles,Super Admin,Platform,Settings,Users Roles,settings,private,Shloimie / platform operator,Admin/operator,Open navigation,true,true,true,true,true,true,No major automated issue detected; manual designer review still required.
/operations?workspace=platform&view=settings&section=email_identities,Email Identities,Super Admin,Platform,Settings,Email Identities,settings,private,Shloimie / platform operator,Admin/operator,Open navigation,true,true,true,true,true,true,No major automated issue detected; manual designer review still required.
/operations?workspace=platform&view=settings&section=whatsapp,Whatsapp,Super Admin,Platform,Settings,Whatsapp,settings,private,Shloimie / platform operator,Admin/operator,Open navigation,true,true,true,true,true,true,No major automated issue detected; manual designer review still required.
/operations?workspace=platform&view=settings&section=social_accounts,Social Accounts,Super Admin,Platform,Settings,Social Accounts,settings,private,Shloimie / platform operator,Admin/operator,Open navigation,true,true,true,true,true,true,No major automated issue detected; manual designer review still required.
/operations?workspace=platform&view=settings&section=calendar,Calendar,Super Admin,Platform,Settings,Calendar,settings,private,Shloimie / platform operator,Admin/operator,Open navigation,true,true,true,true,true,true,No major automated issue detected; manual designer review still required.
/operations?workspace=platform&view=settings&section=google_classroom,Google Classroom,Super Admin,Platform,Settings,Google Classroom,settings,private,Shloimie / platform operator,Admin/operator,Open navigation,true,true,true,true,true,true,No major automated issue detected; manual designer review still required.
/operations?workspace=platform&view=settings&section=parent_portal,Parent Portal,Super Admin,Platform,Settings,Parent Portal,settings,private,Shloimie / platform operator,Admin/operator,Open navigation,true,true,true,true,true,true,No major automated issue detected; manual designer review still required.
/operations?workspace=platform&view=settings&section=student_portal,Student Portal,Super Admin,Platform,Settings,Student Portal,settings,private,Shloimie / platform operator,Admin/operator,Open navigation,true,true,true,true,true,true,No major automated issue detected; manual designer review still required.
/operations?workspace=platform&view=settings&section=provider_portal,Provider Portal,Super Admin,Platform,Settings,Provider Portal,settings,private,Shloimie / platform operator,Admin/operator,Open navigation,true,true,true,true,true,true,No major automated issue detected; manual designer review still required.
/operations?workspace=platform&view=settings&section=provider_index,Provider Index,Super Admin,Platform,Settings,Provider Index,settings,private,Shloimie / platform operator,Admin/operator,Open navigation,true,true,true,true,true,true,No major automated issue detected; manual designer review still required.
/operations?workspace=platform&view=settings&section=provider_plans,Provider Plans,Super Admin,Platform,Settings,Provider Plans,settings,private,Shloimie / platform operator,Admin/operator,Open navigation,true,true,true,true,true,true,No major automated issue detected; manual designer review still required.
/operations?workspace=platform&view=settings&section=provider_entitlements,Provider Entitlements,Super Admin,Platform,Settings,Provider Entitlements,settings,private,Shloimie / platform operator,Admin/operator,Open navigation,true,true,true,true,true,true,No major automated issue detected; manual designer review still required.
/operations?workspace=platform&view=settings&section=provider_onboarding,Provider Onboarding,Super Admin,Platform,Settings,Provider Onboarding,settings,private,Shloimie / platform operator,Admin/operator,Open navigation,true,true,true,true,true,true,No major automated issue detected; manual designer review still required.
/operations?workspace=platform&view=settings&section=commercial_models,Commercial Models,Super Admin,Platform,Settings,Commercial Models,settings,private,Shloimie / platform operator,Admin/operator,Open navigation,true,true,true,true,true,true,No major automated issue detected; manual designer review still required.
/operations?workspace=platform&view=settings&section=bot_permissions,Bot Permissions,Super Admin,Platform,Settings,Bot Permissions,settings,private,Shloimie / platform operator,Admin/operator,Open navigation,true,true,true,true,true,true,No major automated issue detected; manual designer review still required.
/operations?workspace=platform&view=settings&section=api_limits,Api Limits,Super Admin,Platform,Settings,Api Limits,settings,private,Shloimie / platform operator,Admin/operator,Open navigation,true,true,true,true,true,true,No major automated issue detected; manual designer review still required.
/operations?workspace=platform&view=settings&section=communications,Communications,Super Admin,Platform,Settings,Communications,settings,private,Shloimie / platform operator,Admin/operator,Open navigation,true,true,true,true,true,true,No major automated issue detected; manual designer review still required.
/operations?workspace=platform&view=settings&section=integrations,Integrations,Super Admin,Platform,Settings,Integrations,settings,private,Shloimie / platform operator,Admin/operator,Open navigation,true,true,true,true,true,true,Too much not-configured/placeholder language.
/operations?workspace=platform&view=settings&section=payment_links,Payment Links,Super Admin,Platform,Settings,Payment Links,settings,private,Shloimie / platform operator,Admin/operator,Open navigation,true,true,true,true,true,true,No major automated issue detected; manual designer review still required.
/operations?workspace=platform&view=settings&section=external_apps,External Apps,Super Admin,Platform,Settings,External Apps,settings,private,Shloimie / platform operator,Admin/operator,Open navigation,true,true,true,true,true,true,No major automated issue detected; manual designer review still required.
/operations?workspace=platform&view=settings&section=billing,Billing,Super Admin,Platform,Settings,Billing,settings,private,Shloimie / platform operator,Admin/operator,Open navigation,true,true,true,true,true,true,No major automated issue detected; manual designer review still required.
/operations?workspace=platform&view=settings&section=automations,Automations,Super Admin,Platform,Settings,Automations,settings,private,Shloimie / platform operator,Admin/operator,Open navigation,true,true,true,true,true,true,No major automated issue detected; manual designer review still required.
/operations?workspace=platform&view=settings&section=danger,Danger,Super Admin,Platform,Settings,Danger,settings,private,Shloimie / platform operator,Admin/operator,Open navigation,true,true,true,true,true,true,No major automated issue detected; manual designer review still required.
/operations?workspace=bna&view=dashboard&section=overview,Overview,BNA Admin,BNA School Workspace,Dashboard,Overview,dashboard,private,BNA school admin,Admin/operator,Open navigation,true,true,true,true,true,true,No major automated issue detected; manual designer review still required.
/operations?workspace=bna&view=dashboard&section=activity,Activity,BNA Admin,BNA School Workspace,Dashboard,Activity,page,private,BNA school admin,Admin/operator,Open navigation,true,true,true,true,false,true,No major automated issue detected; manual designer review still required.
/operations?workspace=bna&view=dashboard&section=alerts,Alerts,BNA Admin,BNA School Workspace,Dashboard,Alerts,page,private,BNA school admin,Admin/operator,Open navigation,true,true,true,true,true,true,No major automated issue detected; manual designer review still required.
/operations?workspace=bna&view=dashboard&section=today,Today,BNA Admin,BNA School Workspace,Dashboard,Today,page,private,BNA school admin,Admin/operator,Open navigation,true,true,true,true,false,true,No major automated issue detected; manual designer review still required.
/operations?workspace=bna&view=dashboard&section=updates,Updates,BNA Admin,BNA School Workspace,Dashboard,Updates,page,private,BNA school admin,Admin/operator,Open navigation,true,true,true,true,false,true,No major automated issue detected; manual designer review still required.
/operations?workspace=bna&view=pipelines&section=overview,Overview,BNA Admin,BNA School Workspace,Pipelines,Overview,dashboard,private,BNA school admin,Admin/operator,Open navigation,true,true,true,true,true,true,No major automated issue detected; manual designer review still required.
/operations?workspace=bna&view=pipelines&section=bna_enrollment,Bna Enrollment,BNA Admin,BNA School Workspace,Pipelines,Bna Enrollment,page,private,BNA school admin,Admin/operator,Open navigation,true,true,true,true,true,true,No major automated issue detected; manual designer review still required.
/operations?workspace=bna&view=pipelines&section=provider_class,Provider Class,BNA Admin,BNA School Workspace,Pipelines,Provider Class,page,private,BNA school admin,Admin/operator,Open navigation,true,true,true,true,true,true,No major automated issue detected; manual designer review still required.
/operations?workspace=bna&view=pipelines&section=provider_onboarding,Provider Onboarding,BNA Admin,BNA School Workspace,Pipelines,Provider Onboarding,page,private,BNA school admin,Admin/operator,Open navigation,true,true,true,true,true,true,No major automated issue detected; manual designer review still required.
/operations?workspace=bna&view=pipelines&section=participants,Participants,BNA Admin,BNA School Workspace,Pipelines,Participants,page,private,BNA school admin,Admin/operator,Open navigation,true,true,true,true,true,true,No major automated issue detected; manual designer review still required.
/operations?workspace=bna&view=pipelines&section=stale_tasks,Stale Tasks,BNA Admin,BNA School Workspace,Pipelines,Stale Tasks,page,private,BNA school admin,Admin/operator,Open navigation,true,true,true,true,true,true,No major automated issue detected; manual designer review still required.
/operations?workspace=bna&view=pipelines&section=decisions,Decisions,BNA Admin,BNA School Workspace,Pipelines,Decisions,page,private,BNA school admin,Admin/operator,Open navigation,true,true,true,true,true,true,No major automated issue detected; manual designer review still required.
/operations?workspace=bna&view=tasks&section=overview,Overview,BNA Admin,BNA School Workspace,Tasks,Overview,dashboard,private,BNA school admin,Admin/operator,Open navigation,true,true,true,true,true,true,Too many visible actions.
/operations?workspace=bna&view=tasks&section=decisions,Decisions,BNA Admin,BNA School Workspace,Tasks,Decisions,page,private,BNA school admin,Admin/operator,Open navigation,true,true,true,true,true,true,Too many visible actions.
/operations?workspace=bna&view=tasks&section=mine,Mine,BNA Admin,BNA School Workspace,Tasks,Mine,page,private,BNA school admin,Admin/operator,Open navigation,true,true,true,true,false,true,Too many visible actions.
/operations?workspace=bna&view=tasks&section=schedule,Schedule,BNA Admin,BNA School Workspace,Tasks,Schedule,page,private,BNA school admin,Admin/operator,Open navigation,true,true,true,true,true,true,Too many visible actions.
/operations?workspace=bna&view=tasks&section=research,Research,BNA Admin,BNA School Workspace,Tasks,Research,page,private,BNA school admin,Admin/operator,Open navigation,true,true,true,true,false,true,No major automated issue detected; manual designer review still required.
/operations?workspace=bna&view=tasks&section=changelog,Changelog,BNA Admin,BNA School Workspace,Tasks,Changelog,page,private,BNA school admin,Admin/operator,Open navigation,true,true,true,true,true,true,Too many visible actions.
/operations?workspace=bna&view=tasks&section=done,Done,BNA Admin,BNA School Workspace,Tasks,Done,page,private,BNA school admin,Admin/operator,Open navigation,true,true,true,true,false,true,No major automated issue detected; manual designer review still required.
/operations?workspace=bna&view=students&section=overview,Overview,BNA Admin,BNA School Workspace,Students,Overview,dashboard,private,BNA school admin,Admin/operator,Open navigation,true,true,true,true,false,true,No major automated issue detected; manual designer review still required.
/operations?workspace=bna&view=students&section=list,List,BNA Admin,BNA School Workspace,Students,List,page,private,BNA school admin,Admin/operator,Open navigation,true,true,true,true,false,true,No major automated issue detected; manual designer review still required.
/operations?workspace=bna&view=students&section=group_goal,Group Goal,BNA Admin,BNA School Workspace,Students,Group Goal,page,private,BNA school admin,Admin/operator,Open navigation,true,true,true,true,true,true,No major automated issue detected; manual designer review still required.
/operations?workspace=bna&view=students&section=goal_board,Goal Board,BNA Admin,BNA School Workspace,Students,Goal Board,page,private,BNA school admin,Admin/operator,Open navigation,true,true,true,true,true,true,No major automated issue detected; manual designer review still required.
/operations?workspace=bna&view=students&section=assignments&student=643,Assignments,BNA Admin,BNA School Workspace,Students,Assignments,page,private,BNA school admin,Admin/operator,Open navigation,true,true,true,true,true,true,No major automated issue detected; manual designer review still required.
/operations?workspace=bna&view=students&section=questions,Questions,BNA Admin,BNA School Workspace,Students,Questions,page,private,BNA school admin,Admin/operator,Open navigation,true,true,true,true,true,true,No major automated issue detected; manual designer review still required.
/operations?workspace=bna&view=students&section=documents,Documents,BNA Admin,BNA School Workspace,Students,Documents,page,private,BNA school admin,Admin/operator,Open navigation,true,true,true,true,true,true,No major automated issue detected; manual designer review still required.
/operations?workspace=bna&view=students&section=portal_links,Portal Links,BNA Admin,BNA School Workspace,Students,Portal Links,page,private,BNA school admin,Admin/operator,Open navigation,true,true,true,true,true,true,No major automated issue detected; manual designer review still required.
/operations?workspace=bna&view=students&section=tablet_access,Tablet Access,BNA Admin,BNA School Workspace,Students,Tablet Access,page,private,BNA school admin,Admin/operator,Open navigation,true,true,true,true,true,true,No major automated issue detected; manual designer review still required.
/operations?workspace=bna&view=students&section=profile,Profile,BNA Admin,BNA School Workspace,Students,Profile,detail,private,BNA school admin,Admin/operator,Open navigation,true,true,true,true,true,true,No major automated issue detected; manual designer review still required.
/operations?workspace=bna&view=students&section=parent_family,Parent Family,BNA Admin,BNA School Workspace,Students,Parent Family,page,private,BNA school admin,Admin/operator,Open navigation,true,true,true,true,true,true,No major automated issue detected; manual designer review still required.
/operations?workspace=bna&view=students&section=analysis,Analysis,BNA Admin,BNA School Workspace,Students,Analysis,page,private,BNA school admin,Admin/operator,Open navigation,true,true,true,true,true,true,No major automated issue detected; manual designer review still required.
/operations?workspace=bna&view=students&section=meetings,Meetings,BNA Admin,BNA School Workspace,Students,Meetings,page,private,BNA school admin,Admin/operator,Open navigation,true,true,true,true,true,true,No major automated issue detected; manual designer review still required.
/operations?workspace=bna&view=students&section=bot_settings,Bot Settings,BNA Admin,BNA School Workspace,Students,Bot Settings,settings,private,BNA school admin,Admin/operator,Open navigation,true,true,true,true,true,true,No major automated issue detected; manual designer review still required.
/operations?workspace=bna&view=students&section=activity,Activity,BNA Admin,BNA School Workspace,Students,Activity,page,private,BNA school admin,Admin/operator,Open navigation,true,true,true,true,true,true,No major automated issue detected; manual designer review still required.
/operations?workspace=bna&view=students&section=next_year_login,Next Year Login,BNA Admin,BNA School Workspace,Students,Next Year Login,login,private,BNA school admin,Admin/operator,Open navigation,true,true,true,true,false,true,No major automated issue detected; manual designer review still required.
/operations?workspace=bna&view=contacts&section=overview,Overview,BNA Admin,BNA School Workspace,Contacts,Overview,dashboard,private,BNA school admin,Admin/operator,Open navigation,true,true,true,true,false,true,No major automated issue detected; manual designer review still required.
/operations?workspace=bna&view=contacts&section=interested_parents,Interested Parents,BNA Admin,BNA School Workspace,Contacts,Interested Parents,page,private,BNA school admin,Admin/operator,Open navigation,true,true,true,true,false,true,No major automated issue detected; manual designer review still required.
/operations?workspace=bna&view=contacts&section=parents,Parents,BNA Admin,BNA School Workspace,Contacts,Parents,page,private,BNA school admin,Admin/operator,Open navigation,true,true,true,true,false,true,No major automated issue detected; manual designer review still required.
/operations?workspace=bna&view=contacts&section=people,People,BNA Admin,BNA School Workspace,Contacts,People,page,private,BNA school admin,Admin/operator,Open navigation,true,true,true,true,false,true,Too many card-like panels.
/operations?workspace=bna&view=contacts&section=contacts,Contacts,BNA Admin,BNA School Workspace,Contacts,Contacts,page,private,BNA school admin,Admin/operator,Open navigation,true,true,true,true,false,true,No major automated issue detected; manual designer review still required.
/operations?workspace=bna&view=contacts&section=notes,Notes,BNA Admin,BNA School Workspace,Contacts,Notes,page,private,BNA school admin,Admin/operator,Open navigation,true,true,true,true,false,true,No major automated issue detected; manual designer review still required.
/operations?workspace=bna&view=contacts&section=students,Students,BNA Admin,BNA School Workspace,Contacts,Students,page,private,BNA school admin,Admin/operator,Open navigation,true,true,true,true,false,true,No major automated issue detected; manual designer review still required.
/operations?workspace=bna&view=contacts&section=intake,Intake,BNA Admin,BNA School Workspace,Contacts,Intake,page,private,BNA school admin,Admin/operator,Open navigation,true,true,true,true,false,true,No major automated issue detected; manual designer review still required.
/operations?workspace=bna&view=contacts&section=follow_up,Follow Up,BNA Admin,BNA School Workspace,Contacts,Follow Up,page,private,BNA school admin,Admin/operator,Open navigation,true,true,true,true,false,true,No major automated issue detected; manual designer review still required.
/operations?workspace=bna&view=contacts&section=tags,Tags,BNA Admin,BNA School Workspace,Contacts,Tags,page,private,BNA school admin,Admin/operator,Open navigation,true,true,true,true,false,true,No major automated issue detected; manual designer review still required.
/operations?workspace=bna&view=content&section=library,Library,BNA Admin,BNA School Workspace,Content,Library,page,private,BNA school admin,Admin/operator,Open navigation,true,true,true,true,true,true,Too many card-like panels.
/operations?workspace=bna&view=content&section=meetings,Meetings,BNA Admin,BNA School Workspace,Content,Meetings,page,private,BNA school admin,Admin/operator,Open navigation,true,true,true,true,true,true,No major automated issue detected; manual designer review still required.
/operations?workspace=bna&view=content&section=research,Research,BNA Admin,BNA School Workspace,Content,Research,page,private,BNA school admin,Admin/operator,Open navigation,true,true,true,true,true,true,Too many visible actions. Too many card-like panels.
/operations?workspace=bna&view=content&section=selected,Selected,BNA Admin,BNA School Workspace,Content,Selected,page,private,BNA school admin,Admin/operator,Open navigation,true,true,true,true,false,true,No major automated issue detected; manual designer review still required.
/operations?workspace=bna&view=content&section=repurpose,Repurpose,BNA Admin,BNA School Workspace,Content,Repurpose,page,private,BNA school admin,Admin/operator,Open navigation,true,true,true,true,true,true,Too many card-like panels.
/operations?workspace=bna&view=content&section=newsletter,Newsletter,BNA Admin,BNA School Workspace,Content,Newsletter,page,private,BNA school admin,Admin/operator,Open navigation,true,true,true,true,false,true,No major automated issue detected; manual designer review still required.
/operations?workspace=bna&view=content&section=prompts,Prompts,BNA Admin,BNA School Workspace,Content,Prompts,page,private,BNA school admin,Admin/operator,Open navigation,true,true,true,true,false,true,No major automated issue detected; manual designer review still required.
/operations?workspace=bna&view=content&section=bundles,Bundles,BNA Admin,BNA School Workspace,Content,Bundles,page,private,BNA school admin,Admin/operator,Open navigation,true,true,true,true,false,true,No major automated issue detected; manual designer review still required.
/operations?workspace=bna&view=calendar&section=overview,Overview,BNA Admin,BNA School Workspace,Calendar,Overview,dashboard,private,BNA school admin,Admin/operator,Open navigation,true,true,true,true,false,true,No major automated issue detected; manual designer review still required.
/operations?workspace=bna&view=calendar&section=week,Week,BNA Admin,BNA School Workspace,Calendar,Week,page,private,BNA school admin,Admin/operator,Open navigation,true,true,true,true,false,true,No major automated issue detected; manual designer review still required.
/operations?workspace=bna&view=calendar&section=month,Month,BNA Admin,BNA School Workspace,Calendar,Month,page,private,BNA school admin,Admin/operator,Open navigation,true,true,true,true,false,true,No major automated issue detected; manual designer review still required.
/operations?workspace=bna&view=calendar&section=classes,Classes,BNA Admin,BNA School Workspace,Calendar,Classes,page,private,BNA school admin,Admin/operator,Open navigation,true,true,true,true,false,true,No major automated issue detected; manual designer review still required.
/operations?workspace=bna&view=calendar&section=students,Students,BNA Admin,BNA School Workspace,Calendar,Students,page,private,BNA school admin,Admin/operator,Open navigation,true,true,true,true,true,true,Too many card-like panels.
/operations?workspace=bna&view=calendar&section=provider,Provider,BNA Admin,BNA School Workspace,Calendar,Provider,page,private,BNA school admin,Admin/operator,Open navigation,true,true,true,true,false,true,No major automated issue detected; manual designer review still required.
/operations?workspace=bna&view=calendar&section=google_sync,Google Sync,BNA Admin,BNA School Workspace,Calendar,Google Sync,page,private,BNA school admin,Admin/operator,Open navigation,true,true,true,true,false,true,No major automated issue detected; manual designer review still required.
/operations?workspace=bna&view=calendar&section=settings,Settings,BNA Admin,BNA School Workspace,Calendar,Settings,settings,private,BNA school admin,Admin/operator,Open navigation,true,true,true,true,true,true,No major automated issue detected; manual designer review still required.
/operations?workspace=bna&view=service_providers&section=overview,Overview,BNA Admin,BNA School Workspace,Service Providers,Overview,dashboard,private,BNA school admin,Admin/operator,Open navigation,true,true,true,true,false,true,Too many card-like panels.
/operations?workspace=bna&view=service_providers&section=directory,Directory,BNA Admin,BNA School Workspace,Service Providers,Directory,page,private,BNA school admin,Admin/operator,Open navigation,true,true,true,true,false,true,Too many card-like panels.
/operations?workspace=bna&view=service_providers&section=workspaces,Workspaces,BNA Admin,BNA School Workspace,Service Providers,Workspaces,page,private,BNA school admin,Admin/operator,Open navigation,true,true,true,true,true,true,Too many card-like panels. Too much not-configured/placeholder language.
/operations?workspace=bna&view=service_providers&section=commercial,Commercial,BNA Admin,BNA School Workspace,Service Providers,Commercial,page,private,BNA school admin,Admin/operator,Open navigation,true,true,true,true,false,true,No major automated issue detected; manual designer review still required.
/operations?workspace=bna&view=service_providers&section=plans,Plans,BNA Admin,BNA School Workspace,Service Providers,Plans,page,private,BNA school admin,Admin/operator,Open navigation,true,true,true,true,false,true,No major automated issue detected; manual designer review still required.
/operations?workspace=bna&view=service_providers&section=onboarding,Onboarding,BNA Admin,BNA School Workspace,Service Providers,Onboarding,page,private,BNA school admin,Admin/operator,Open navigation,true,true,true,true,false,true,No major automated issue detected; manual designer review still required.
/operations?workspace=bna&view=service_providers&section=access_checklist,Access Checklist,BNA Admin,BNA School Workspace,Service Providers,Access Checklist,page,private,BNA school admin,Admin/operator,Open navigation,true,true,true,true,false,true,No major automated issue detected; manual designer review still required.
/operations?workspace=bna&view=service_providers&section=integration_audit,Integration Audit,BNA Admin,BNA School Workspace,Service Providers,Integration Audit,page,private,BNA school admin,Admin/operator,Open navigation,true,true,true,true,false,true,No major automated issue detected; manual designer review still required.
/operations?workspace=bna&view=service_providers&section=communities,Communities,BNA Admin,BNA School Workspace,Service Providers,Communities,page,private,BNA school admin,Admin/operator,Open navigation,true,true,true,true,false,true,No major automated issue detected; manual designer review still required.
/operations?workspace=bna&view=service_providers&section=content,Content,BNA Admin,BNA School Workspace,Service Providers,Content,page,private,BNA school admin,Admin/operator,Open navigation,true,true,true,true,false,true,No major automated issue detected; manual designer review still required.
/operations?workspace=bna&view=service_providers&section=marketing,Marketing,BNA Admin,BNA School Workspace,Service Providers,Marketing,page,private,BNA school admin,Admin/operator,Open navigation,true,true,true,true,false,true,No major automated issue detected; manual designer review still required.
/operations?workspace=bna&view=service_providers&section=leads,Leads,BNA Admin,BNA School Workspace,Service Providers,Leads,page,private,BNA school admin,Admin/operator,Open navigation,true,true,true,true,false,true,No major automated issue detected; manual designer review still required.
/operations?workspace=bna&view=service_providers&section=communications,Communications,BNA Admin,BNA School Workspace,Service Providers,Communications,page,private,BNA school admin,Admin/operator,Open navigation,true,true,true,true,false,true,No major automated issue detected; manual designer review still required.
/operations?workspace=bna&view=service_providers&section=settings,Settings,BNA Admin,BNA School Workspace,Service Providers,Settings,settings,private,BNA school admin,Admin/operator,Open navigation,true,true,true,true,true,true,No major automated issue detected; manual designer review still required.
/operations?workspace=bna&view=communications&section=overview,Overview,BNA Admin,BNA School Workspace,Communications,Overview,dashboard,private,BNA school admin,Admin/operator,Open navigation,true,true,true,true,true,true,Too many card-like panels.
/operations?workspace=bna&view=communications&section=parents,Parents,BNA Admin,BNA School Workspace,Communications,Parents,page,private,BNA school admin,Admin/operator,Open navigation,true,true,true,true,false,true,Too many card-like panels.
/operations?workspace=bna&view=communications&section=students,Students,BNA Admin,BNA School Workspace,Communications,Students,page,private,BNA school admin,Admin/operator,Open navigation,true,true,true,true,false,true,No major automated issue detected; manual designer review still required.
/operations?workspace=bna&view=communications&section=providers,Providers,BNA Admin,BNA School Workspace,Communications,Providers,page,private,BNA school admin,Admin/operator,Open navigation,true,true,true,true,false,true,No major automated issue detected; manual designer review still required.
/operations?workspace=bna&view=communications&section=internal,Internal,BNA Admin,BNA School Workspace,Communications,Internal,page,private,BNA school admin,Admin/operator,Open navigation,true,true,true,true,false,true,No major automated issue detected; manual designer review still required.
/operations?workspace=bna&view=communications&section=whatsapp,Whatsapp,BNA Admin,BNA School Workspace,Communications,Whatsapp,page,private,BNA school admin,Admin/operator,Open navigation,true,true,true,true,false,true,No major automated issue detected; manual designer review still required.
/operations?workspace=bna&view=communications&section=email,Email,BNA Admin,BNA School Workspace,Communications,Email,page,private,BNA school admin,Admin/operator,Open navigation,true,true,true,true,false,true,Too many card-like panels.
/operations?workspace=bna&view=communications&section=bots,Bots,BNA Admin,BNA School Workspace,Communications,Bots,page,private,BNA school admin,Admin/operator,Open navigation,true,true,true,true,true,true,No major automated issue detected; manual designer review still required.
/operations?workspace=bna&view=communications&section=templates,Templates,BNA Admin,BNA School Workspace,Communications,Templates,page,private,BNA school admin,Admin/operator,Open navigation,true,true,true,true,false,true,No major automated issue detected; manual designer review still required.
/operations?workspace=bna&view=communications&section=settings,Settings,BNA Admin,BNA School Workspace,Communications,Settings,settings,private,BNA school admin,Admin/operator,Open navigation,true,true,true,true,true,true,No major automated issue detected; manual designer review still required.
/operations?workspace=bna&view=internal_dialogue&section=overview,Overview,BNA Admin,BNA School Workspace,Internal Dialogue,Overview,dashboard,private,BNA school admin,Admin/operator,Open navigation,true,true,true,true,true,true,No major automated issue detected; manual designer review still required.
/operations?workspace=bna&view=internal_dialogue&section=shloimie_rabbi,Shloimie Rabbi,BNA Admin,BNA School Workspace,Internal Dialogue,Shloimie Rabbi,page,private,BNA school admin,Admin/operator,Open navigation,true,true,true,true,true,true,No major automated issue detected; manual designer review still required.
/operations?workspace=bna&view=internal_dialogue&section=meeting_notes,Meeting Notes,BNA Admin,BNA School Workspace,Internal Dialogue,Meeting Notes,page,private,BNA school admin,Admin/operator,Open navigation,true,true,true,true,true,true,No major automated issue detected; manual designer review still required.
/operations?workspace=bna&view=internal_dialogue&section=uploads,Uploads,BNA Admin,BNA School Workspace,Internal Dialogue,Uploads,page,private,BNA school admin,Admin/operator,Open navigation,true,true,true,true,true,true,No major automated issue detected; manual designer review still required.
/operations?workspace=bna&view=internal_dialogue&section=decisions,Decisions,BNA Admin,BNA School Workspace,Internal Dialogue,Decisions,page,private,BNA school admin,Admin/operator,Open navigation,true,true,true,true,true,true,No major automated issue detected; manual designer review still required.
/operations?workspace=bna&view=internal_dialogue&section=support,Support,BNA Admin,BNA School Workspace,Internal Dialogue,Support,page,private,BNA school admin,Admin/operator,Open navigation,true,true,true,true,true,true,No major automated issue detected; manual designer review still required.
/operations?workspace=bna&view=internal_dialogue&section=activity,Activity,BNA Admin,BNA School Workspace,Internal Dialogue,Activity,page,private,BNA school admin,Admin/operator,Open navigation,true,true,true,true,false,true,No major automated issue detected; manual designer review still required.
/operations?workspace=bna&view=accounting&section=overview,Overview,BNA Admin,BNA School Workspace,Accounting,Overview,dashboard,private,BNA school admin,Admin/operator,Open navigation,true,true,true,true,false,true,No major automated issue detected; manual designer review still required.
/operations?workspace=bna&view=accounting&section=payments,Payments,BNA Admin,BNA School Workspace,Accounting,Payments,page,private,BNA school admin,Admin/operator,Open navigation,true,true,true,true,false,true,No major automated issue detected; manual designer review still required.
/operations?workspace=bna&view=accounting&section=open,Open,BNA Admin,BNA School Workspace,Accounting,Open,page,private,BNA school admin,Admin/operator,Open navigation,true,true,true,true,false,true,No major automated issue detected; manual designer review still required.
/operations?workspace=bna&view=accounting&section=paid,Paid,BNA Admin,BNA School Workspace,Accounting,Paid,page,private,BNA school admin,Admin/operator,Open navigation,true,true,true,true,false,true,No major automated issue detected; manual designer review still required.
/operations?workspace=bna&view=accounting&section=needs_signup,Needs Signup,BNA Admin,BNA School Workspace,Accounting,Needs Signup,page,private,BNA school admin,Admin/operator,Open navigation,true,true,true,true,false,true,No major automated issue detected; manual designer review still required.
/operations?workspace=bna&view=accounting&section=exceptions,Exceptions,BNA Admin,BNA School Workspace,Accounting,Exceptions,page,private,BNA school admin,Admin/operator,Open navigation,true,true,true,true,false,true,No major automated issue detected; manual designer review still required.
/operations?workspace=bna&view=api_usage&section=overview,Overview,BNA Admin,BNA School Workspace,Api Usage,Overview,dashboard,private,BNA school admin,Admin/operator,Open navigation,true,true,true,true,true,true,No major automated issue detected; manual designer review still required.
/operations?workspace=bna&view=api_usage&section=workspace,Workspace,BNA Admin,BNA School Workspace,Api Usage,Workspace,page,private,BNA school admin,Admin/operator,Open navigation,true,true,true,true,true,true,No major automated issue detected; manual designer review still required.
/operations?workspace=bna&view=api_usage&section=parent,Parent,BNA Admin,BNA School Workspace,Api Usage,Parent,page,private,BNA school admin,Admin/operator,Open navigation,true,true,true,true,true,true,No major automated issue detected; manual designer review still required.
/operations?workspace=bna&view=api_usage&section=student,Student,BNA Admin,BNA School Workspace,Api Usage,Student,page,private,BNA school admin,Admin/operator,Open navigation,true,true,true,true,true,true,No major automated issue detected; manual designer review still required.
/operations?workspace=bna&view=api_usage&section=provider,Provider,BNA Admin,BNA School Workspace,Api Usage,Provider,page,private,BNA school admin,Admin/operator,Open navigation,true,true,true,true,true,true,No major automated issue detected; manual designer review still required.
/operations?workspace=bna&view=api_usage&section=bot,Bot,BNA Admin,BNA School Workspace,Api Usage,Bot,page,private,BNA school admin,Admin/operator,Open navigation,true,true,true,true,true,true,No major automated issue detected; manual designer review still required.
/operations?workspace=bna&view=api_usage&section=errors,Errors,BNA Admin,BNA School Workspace,Api Usage,Errors,page,private,BNA school admin,Admin/operator,Open navigation,true,true,true,true,true,true,No major automated issue detected; manual designer review still required.
/operations?workspace=bna&view=api_usage&section=budgets,Budgets,BNA Admin,BNA School Workspace,Api Usage,Budgets,page,private,BNA school admin,Admin/operator,Open navigation,true,true,true,true,true,true,No major automated issue detected; manual designer review still required.
/operations?workspace=bna&view=api_usage&section=settings,Settings,BNA Admin,BNA School Workspace,Api Usage,Settings,settings,private,BNA school admin,Admin/operator,Open navigation,true,true,true,true,true,true,No major automated issue detected; manual designer review still required.
/operations?workspace=bna&view=admin&section=overview,Overview,BNA Admin,BNA School Workspace,Admin,Overview,dashboard,private,BNA school admin,Admin/operator,Open navigation,true,true,true,true,true,true,No major automated issue detected; manual designer review still required.
/operations?workspace=bna&view=admin&section=users,Users,BNA Admin,BNA School Workspace,Admin,Users,page,private,BNA school admin,Admin/operator,Open navigation,true,true,true,true,true,true,No major automated issue detected; manual designer review still required.
/operations?workspace=bna&view=admin&section=roles,Roles,BNA Admin,BNA School Workspace,Admin,Roles,page,private,BNA school admin,Admin/operator,Open navigation,true,true,true,true,true,true,No major automated issue detected; manual designer review still required.
/operations?workspace=bna&view=admin&section=workspaces,Workspaces,BNA Admin,BNA School Workspace,Admin,Workspaces,page,private,BNA school admin,Admin/operator,Open navigation,true,true,true,true,true,true,No major automated issue detected; manual designer review still required.
/operations?workspace=bna&view=admin&section=invitations,Invitations,BNA Admin,BNA School Workspace,Admin,Invitations,page,private,BNA school admin,Admin/operator,Open navigation,true,true,true,true,true,true,No major automated issue detected; manual designer review still required.
/operations?workspace=bna&view=admin&section=tickets,Tickets,BNA Admin,BNA School Workspace,Admin,Tickets,page,private,BNA school admin,Admin/operator,Open navigation,true,true,true,true,true,true,No major automated issue detected; manual designer review still required.
/operations?workspace=bna&view=admin&section=messages,Messages,BNA Admin,BNA School Workspace,Admin,Messages,page,private,BNA school admin,Admin/operator,Open navigation,true,true,true,true,true,true,No major automated issue detected; manual designer review still required.
/operations?workspace=bna&view=admin&section=settings,Settings,BNA Admin,BNA School Workspace,Admin,Settings,settings,private,BNA school admin,Admin/operator,Open navigation,true,true,true,true,true,true,No major automated issue detected; manual designer review still required.
/operations?workspace=bna&view=settings&section=profile,Profile,BNA Admin,BNA School Workspace,Settings,Profile,settings,private,BNA school admin,Admin/operator,Open navigation,true,true,true,true,true,true,No major automated issue detected; manual designer review still required.
/operations?workspace=bna&view=settings&section=workspace,Workspace,BNA Admin,BNA School Workspace,Settings,Workspace,settings,private,BNA school admin,Admin/operator,Open navigation,true,true,true,true,true,true,No major automated issue detected; manual designer review still required.
/operations?workspace=bna&view=settings&section=branding,Branding,BNA Admin,BNA School Workspace,Settings,Branding,settings,private,BNA school admin,Admin/operator,Open navigation,true,true,true,true,true,true,No major automated issue detected; manual designer review still required.
/operations?workspace=bna&view=settings&section=language,Language,BNA Admin,BNA School Workspace,Settings,Language,settings,private,BNA school admin,Admin/operator,Open navigation,true,true,true,true,true,true,No major automated issue detected; manual designer review still required.
/operations?workspace=bna&view=settings&section=users_roles,Users Roles,BNA Admin,BNA School Workspace,Settings,Users Roles,settings,private,BNA school admin,Admin/operator,Open navigation,true,true,true,true,true,true,No major automated issue detected; manual designer review still required.
/operations?workspace=bna&view=settings&section=email_identities,Email Identities,BNA Admin,BNA School Workspace,Settings,Email Identities,settings,private,BNA school admin,Admin/operator,Open navigation,true,true,true,true,true,true,No major automated issue detected; manual designer review still required.
/operations?workspace=bna&view=settings&section=whatsapp,Whatsapp,BNA Admin,BNA School Workspace,Settings,Whatsapp,settings,private,BNA school admin,Admin/operator,Open navigation,true,true,true,true,true,true,No major automated issue detected; manual designer review still required.
/operations?workspace=bna&view=settings&section=social_accounts,Social Accounts,BNA Admin,BNA School Workspace,Settings,Social Accounts,settings,private,BNA school admin,Admin/operator,Open navigation,true,true,true,true,true,true,No major automated issue detected; manual designer review still required.
/operations?workspace=bna&view=settings&section=calendar,Calendar,BNA Admin,BNA School Workspace,Settings,Calendar,settings,private,BNA school admin,Admin/operator,Open navigation,true,true,true,true,true,true,No major automated issue detected; manual designer review still required.
/operations?workspace=bna&view=settings&section=google_classroom,Google Classroom,BNA Admin,BNA School Workspace,Settings,Google Classroom,settings,private,BNA school admin,Admin/operator,Open navigation,true,true,true,true,true,true,No major automated issue detected; manual designer review still required.
/operations?workspace=bna&view=settings&section=parent_portal,Parent Portal,BNA Admin,BNA School Workspace,Settings,Parent Portal,settings,private,BNA school admin,Admin/operator,Open navigation,true,true,true,true,true,true,No major automated issue detected; manual designer review still required.
/operations?workspace=bna&view=settings&section=student_portal,Student Portal,BNA Admin,BNA School Workspace,Settings,Student Portal,settings,private,BNA school admin,Admin/operator,Open navigation,true,true,true,true,true,true,No major automated issue detected; manual designer review still required.
/operations?workspace=bna&view=settings&section=provider_portal,Provider Portal,BNA Admin,BNA School Workspace,Settings,Provider Portal,settings,private,BNA school admin,Admin/operator,Open navigation,true,true,true,true,true,true,No major automated issue detected; manual designer review still required.
/operations?workspace=bna&view=settings&section=provider_index,Provider Index,BNA Admin,BNA School Workspace,Settings,Provider Index,settings,private,BNA school admin,Admin/operator,Open navigation,true,true,true,true,true,true,No major automated issue detected; manual designer review still required.
/operations?workspace=bna&view=settings&section=provider_plans,Provider Plans,BNA Admin,BNA School Workspace,Settings,Provider Plans,settings,private,BNA school admin,Admin/operator,Open navigation,true,true,true,true,true,true,No major automated issue detected; manual designer review still required.
/operations?workspace=bna&view=settings&section=provider_entitlements,Provider Entitlements,BNA Admin,BNA School Workspace,Settings,Provider Entitlements,settings,private,BNA school admin,Admin/operator,Open navigation,true,true,true,true,true,true,No major automated issue detected; manual designer review still required.
/operations?workspace=bna&view=settings&section=provider_onboarding,Provider Onboarding,BNA Admin,BNA School Workspace,Settings,Provider Onboarding,settings,private,BNA school admin,Admin/operator,Open navigation,true,true,true,true,true,true,No major automated issue detected; manual designer review still required.
/operations?workspace=bna&view=settings&section=commercial_models,Commercial Models,BNA Admin,BNA School Workspace,Settings,Commercial Models,settings,private,BNA school admin,Admin/operator,Open navigation,true,true,true,true,true,true,No major automated issue detected; manual designer review still required.
/operations?workspace=bna&view=settings&section=bot_permissions,Bot Permissions,BNA Admin,BNA School Workspace,Settings,Bot Permissions,settings,private,BNA school admin,Admin/operator,Open navigation,true,true,true,true,true,true,No major automated issue detected; manual designer review still required.
/operations?workspace=bna&view=settings&section=api_limits,Api Limits,BNA Admin,BNA School Workspace,Settings,Api Limits,settings,private,BNA school admin,Admin/operator,Open navigation,true,true,true,true,true,true,No major automated issue detected; manual designer review still required.
/operations?workspace=bna&view=settings&section=communications,Communications,BNA Admin,BNA School Workspace,Settings,Communications,settings,private,BNA school admin,Admin/operator,Open navigation,true,true,true,true,true,true,No major automated issue detected; manual designer review still required.
/operations?workspace=bna&view=settings&section=integrations,Integrations,BNA Admin,BNA School Workspace,Settings,Integrations,settings,private,BNA school admin,Admin/operator,Open navigation,true,true,true,true,true,true,Too much not-configured/placeholder language.
/operations?workspace=bna&view=settings&section=payment_links,Payment Links,BNA Admin,BNA School Workspace,Settings,Payment Links,settings,private,BNA school admin,Admin/operator,Open navigation,true,true,true,true,true,true,No major automated issue detected; manual designer review still required.
/operations?workspace=bna&view=settings&section=external_apps,External Apps,BNA Admin,BNA School Workspace,Settings,External Apps,settings,private,BNA school admin,Admin/operator,Open navigation,true,true,true,true,true,true,No major automated issue detected; manual designer review still required.
/operations?workspace=bna&view=settings&section=billing,Billing,BNA Admin,BNA School Workspace,Settings,Billing,settings,private,BNA school admin,Admin/operator,Open navigation,true,true,true,true,true,true,No major automated issue detected; manual designer review still required.
/operations?workspace=bna&view=settings&section=automations,Automations,BNA Admin,BNA School Workspace,Settings,Automations,settings,private,BNA school admin,Admin/operator,Open navigation,true,true,true,true,true,true,No major automated issue detected; manual designer review still required.
/operations?workspace=bna&view=settings&section=danger,Danger,BNA Admin,BNA School Workspace,Settings,Danger,settings,private,BNA school admin,Admin/operator,Open navigation,true,true,true,true,true,true,No major automated issue detected; manual designer review still required.
/operations?workspace=rabbi_sheller_provider&view=dashboard&section=overview,Overview,Provider Admin,Rabbi Sheller Provider Workspace,Dashboard,Overview,dashboard,private,Provider admin,Admin/operator,Open navigation,true,true,true,true,true,true,No major automated issue detected; manual designer review still required.
/operations?workspace=rabbi_sheller_provider&view=dashboard&section=activity,Activity,Provider Admin,Rabbi Sheller Provider Workspace,Dashboard,Activity,page,private,Provider admin,Admin/operator,Open navigation,true,true,true,true,false,true,No major automated issue detected; manual designer review still required.
/operations?workspace=rabbi_sheller_provider&view=dashboard&section=alerts,Alerts,Provider Admin,Rabbi Sheller Provider Workspace,Dashboard,Alerts,page,private,Provider admin,Admin/operator,Open navigation,true,true,true,true,true,true,No major automated issue detected; manual designer review still required.
/operations?workspace=rabbi_sheller_provider&view=dashboard&section=today,Today,Provider Admin,Rabbi Sheller Provider Workspace,Dashboard,Today,page,private,Provider admin,Admin/operator,Open navigation,true,true,true,true,false,true,No major automated issue detected; manual designer review still required.
/operations?workspace=rabbi_sheller_provider&view=dashboard&section=updates,Updates,Provider Admin,Rabbi Sheller Provider Workspace,Dashboard,Updates,page,private,Provider admin,Admin/operator,Open navigation,true,true,true,true,false,true,No major automated issue detected; manual designer review still required.
/operations?workspace=rabbi_sheller_provider&view=pipelines&section=overview,Overview,Provider Admin,Rabbi Sheller Provider Workspace,Pipelines,Overview,dashboard,private,Provider admin,Admin/operator,Open navigation,true,true,true,true,true,true,No major automated issue detected; manual designer review still required.
/operations?workspace=rabbi_sheller_provider&view=pipelines&section=bna_enrollment,Bna Enrollment,Provider Admin,Rabbi Sheller Provider Workspace,Pipelines,Bna Enrollment,page,private,Provider admin,Admin/operator,Open navigation,true,true,true,true,true,true,No major automated issue detected; manual designer review still required.
/operations?workspace=rabbi_sheller_provider&view=pipelines&section=provider_class,Provider Class,Provider Admin,Rabbi Sheller Provider Workspace,Pipelines,Provider Class,page,private,Provider admin,Admin/operator,Open navigation,true,true,true,true,true,true,No major automated issue detected; manual designer review still required.
/operations?workspace=rabbi_sheller_provider&view=pipelines&section=provider_onboarding,Provider Onboarding,Provider Admin,Rabbi Sheller Provider Workspace,Pipelines,Provider Onboarding,page,private,Provider admin,Admin/operator,Open navigation,true,true,true,true,true,true,No major automated issue detected; manual designer review still required.
/operations?workspace=rabbi_sheller_provider&view=pipelines&section=participants,Participants,Provider Admin,Rabbi Sheller Provider Workspace,Pipelines,Participants,page,private,Provider admin,Admin/operator,Open navigation,true,true,true,true,true,true,No major automated issue detected; manual designer review still required.
/operations?workspace=rabbi_sheller_provider&view=pipelines&section=stale_tasks,Stale Tasks,Provider Admin,Rabbi Sheller Provider Workspace,Pipelines,Stale Tasks,page,private,Provider admin,Admin/operator,Open navigation,true,true,true,true,true,true,No major automated issue detected; manual designer review still required.
/operations?workspace=rabbi_sheller_provider&view=pipelines&section=decisions,Decisions,Provider Admin,Rabbi Sheller Provider Workspace,Pipelines,Decisions,page,private,Provider admin,Admin/operator,Open navigation,true,true,true,true,true,true,No major automated issue detected; manual designer review still required.
/operations?workspace=rabbi_sheller_provider&view=tasks&section=overview,Overview,Provider Admin,Rabbi Sheller Provider Workspace,Tasks,Overview,dashboard,private,Provider admin,Admin/operator,Open navigation,true,true,true,true,false,true,No major automated issue detected; manual designer review still required.
/operations?workspace=rabbi_sheller_provider&view=tasks&section=decisions,Decisions,Provider Admin,Rabbi Sheller Provider Workspace,Tasks,Decisions,page,private,Provider admin,Admin/operator,Open navigation,true,true,true,true,true,true,Too many visible actions.
/operations?workspace=rabbi_sheller_provider&view=tasks&section=mine,Mine,Provider Admin,Rabbi Sheller Provider Workspace,Tasks,Mine,page,private,Provider admin,Admin/operator,Open navigation,true,true,true,true,false,true,No major automated issue detected; manual designer review still required.
/operations?workspace=rabbi_sheller_provider&view=tasks&section=schedule,Schedule,Provider Admin,Rabbi Sheller Provider Workspace,Tasks,Schedule,page,private,Provider admin,Admin/operator,Open navigation,true,true,true,true,false,true,No major automated issue detected; manual designer review still required.
/operations?workspace=rabbi_sheller_provider&view=tasks&section=research,Research,Provider Admin,Rabbi Sheller Provider Workspace,Tasks,Research,page,private,Provider admin,Admin/operator,Open navigation,true,true,true,true,false,true,No major automated issue detected; manual designer review still required.
/operations?workspace=rabbi_sheller_provider&view=tasks&section=changelog,Changelog,Provider Admin,Rabbi Sheller Provider Workspace,Tasks,Changelog,page,private,Provider admin,Admin/operator,Open navigation,true,true,true,true,false,true,No major automated issue detected; manual designer review still required.
/operations?workspace=rabbi_sheller_provider&view=tasks&section=done,Done,Provider Admin,Rabbi Sheller Provider Workspace,Tasks,Done,page,private,Provider admin,Admin/operator,Open navigation,true,true,true,true,false,true,No major automated issue detected; manual designer review still required.
/operations?workspace=rabbi_sheller_provider&view=students&section=overview,Overview,Provider Admin,Rabbi Sheller Provider Workspace,Students,Overview,dashboard,private,Provider admin,Admin/operator,Open navigation,true,true,true,true,true,true,No major automated issue detected; manual designer review still required.
/operations?workspace=rabbi_sheller_provider&view=students&section=list,List,Provider Admin,Rabbi Sheller Provider Workspace,Students,List,page,private,Provider admin,Admin/operator,Open navigation,true,true,true,true,true,true,No major automated issue detected; manual designer review still required.
/operations?workspace=rabbi_sheller_provider&view=students&section=group_goal,Group Goal,Provider Admin,Rabbi Sheller Provider Workspace,Students,Group Goal,page,private,Provider admin,Admin/operator,Open navigation,true,true,true,true,true,true,No major automated issue detected; manual designer review still required.
/operations?workspace=rabbi_sheller_provider&view=students&section=goal_board,Goal Board,Provider Admin,Rabbi Sheller Provider Workspace,Students,Goal Board,page,private,Provider admin,Admin/operator,Open navigation,true,true,true,true,true,true,No major automated issue detected; manual designer review still required.
/operations?workspace=rabbi_sheller_provider&view=students&section=assignments,Assignments,Provider Admin,Rabbi Sheller Provider Workspace,Students,Assignments,page,private,Provider admin,Admin/operator,Open navigation,true,true,true,true,true,true,No major automated issue detected; manual designer review still required.
/operations?workspace=rabbi_sheller_provider&view=students&section=questions,Questions,Provider Admin,Rabbi Sheller Provider Workspace,Students,Questions,page,private,Provider admin,Admin/operator,Open navigation,true,true,true,true,true,true,No major automated issue detected; manual designer review still required.
/operations?workspace=rabbi_sheller_provider&view=students&section=documents,Documents,Provider Admin,Rabbi Sheller Provider Workspace,Students,Documents,page,private,Provider admin,Admin/operator,Open navigation,true,true,true,true,true,true,No major automated issue detected; manual designer review still required.
/operations?workspace=rabbi_sheller_provider&view=students&section=portal_links,Portal Links,Provider Admin,Rabbi Sheller Provider Workspace,Students,Portal Links,page,private,Provider admin,Admin/operator,Open navigation,true,true,true,true,true,true,No major automated issue detected; manual designer review still required.
/operations?workspace=rabbi_sheller_provider&view=students&section=tablet_access,Tablet Access,Provider Admin,Rabbi Sheller Provider Workspace,Students,Tablet Access,page,private,Provider admin,Admin/operator,Open navigation,true,true,true,true,true,true,No major automated issue detected; manual designer review still required.
/operations?workspace=rabbi_sheller_provider&view=students&section=profile,Profile,Provider Admin,Rabbi Sheller Provider Workspace,Students,Profile,detail,private,Provider admin,Admin/operator,Open navigation,true,true,true,true,true,true,No major automated issue detected; manual designer review still required.
/operations?workspace=rabbi_sheller_provider&view=students&section=parent_family,Parent Family,Provider Admin,Rabbi Sheller Provider Workspace,Students,Parent Family,page,private,Provider admin,Admin/operator,Open navigation,true,true,true,true,true,true,No major automated issue detected; manual designer review still required.
/operations?workspace=rabbi_sheller_provider&view=students&section=analysis,Analysis,Provider Admin,Rabbi Sheller Provider Workspace,Students,Analysis,page,private,Provider admin,Admin/operator,Open navigation,true,true,true,true,true,true,No major automated issue detected; manual designer review still required.
/operations?workspace=rabbi_sheller_provider&view=students&section=meetings,Meetings,Provider Admin,Rabbi Sheller Provider Workspace,Students,Meetings,page,private,Provider admin,Admin/operator,Open navigation,true,true,true,true,true,true,No major automated issue detected; manual designer review still required.
/operations?workspace=rabbi_sheller_provider&view=students&section=bot_settings,Bot Settings,Provider Admin,Rabbi Sheller Provider Workspace,Students,Bot Settings,settings,private,Provider admin,Admin/operator,Open navigation,true,true,true,true,true,true,No major automated issue detected; manual designer review still required.
/operations?workspace=rabbi_sheller_provider&view=students&section=activity,Activity,Provider Admin,Rabbi Sheller Provider Workspace,Students,Activity,page,private,Provider admin,Admin/operator,Open navigation,true,true,true,true,false,true,No major automated issue detected; manual designer review still required.
/operations?workspace=rabbi_sheller_provider&view=students&section=next_year_login,Next Year Login,Provider Admin,Rabbi Sheller Provider Workspace,Students,Next Year Login,login,private,Provider admin,Admin/operator,Open navigation,true,true,true,true,true,true,No major automated issue detected; manual designer review still required.
/operations?workspace=rabbi_sheller_provider&view=contacts&section=overview,Overview,Provider Admin,Rabbi Sheller Provider Workspace,Contacts,Overview,dashboard,private,Provider admin,Admin/operator,Open navigation,true,true,true,true,true,true,No major automated issue detected; manual designer review still required.
/operations?workspace=rabbi_sheller_provider&view=contacts&section=interested_parents,Interested Parents,Provider Admin,Rabbi Sheller Provider Workspace,Contacts,Interested Parents,page,private,Provider admin,Admin/operator,Open navigation,true,true,true,true,true,true,No major automated issue detected; manual designer review still required.
/operations?workspace=rabbi_sheller_provider&view=contacts&section=parents,Parents,Provider Admin,Rabbi Sheller Provider Workspace,Contacts,Parents,page,private,Provider admin,Admin/operator,Open navigation,true,true,true,true,true,true,No major automated issue detected; manual designer review still required.
/operations?workspace=rabbi_sheller_provider&view=contacts&section=people,People,Provider Admin,Rabbi Sheller Provider Workspace,Contacts,People,page,private,Provider admin,Admin/operator,Open navigation,true,true,true,true,true,true,No major automated issue detected; manual designer review still required.
/operations?workspace=rabbi_sheller_provider&view=contacts&section=contacts,Contacts,Provider Admin,Rabbi Sheller Provider Workspace,Contacts,Contacts,page,private,Provider admin,Admin/operator,Open navigation,true,true,true,true,true,true,No major automated issue detected; manual designer review still required.
/operations?workspace=rabbi_sheller_provider&view=contacts&section=notes,Notes,Provider Admin,Rabbi Sheller Provider Workspace,Contacts,Notes,page,private,Provider admin,Admin/operator,Open navigation,true,true,true,true,true,true,No major automated issue detected; manual designer review still required.
/operations?workspace=rabbi_sheller_provider&view=contacts&section=students,Students,Provider Admin,Rabbi Sheller Provider Workspace,Contacts,Students,page,private,Provider admin,Admin/operator,Open navigation,true,true,true,true,true,true,No major automated issue detected; manual designer review still required.
/operations?workspace=rabbi_sheller_provider&view=contacts&section=intake,Intake,Provider Admin,Rabbi Sheller Provider Workspace,Contacts,Intake,page,private,Provider admin,Admin/operator,Open navigation,true,true,true,true,true,true,No major automated issue detected; manual designer review still required.
/operations?workspace=rabbi_sheller_provider&view=contacts&section=follow_up,Follow Up,Provider Admin,Rabbi Sheller Provider Workspace,Contacts,Follow Up,page,private,Provider admin,Admin/operator,Open navigation,true,true,true,true,true,true,No major automated issue detected; manual designer review still required.
/operations?workspace=rabbi_sheller_provider&view=contacts&section=tags,Tags,Provider Admin,Rabbi Sheller Provider Workspace,Contacts,Tags,page,private,Provider admin,Admin/operator,Open navigation,true,true,true,true,true,true,No major automated issue detected; manual designer review still required.
/operations?workspace=rabbi_sheller_provider&view=content&section=library,Library,Provider Admin,Rabbi Sheller Provider Workspace,Content,Library,page,private,Provider admin,Admin/operator,Open navigation,true,true,true,true,true,true,Too many card-like panels.
/operations?workspace=rabbi_sheller_provider&view=content&section=meetings,Meetings,Provider Admin,Rabbi Sheller Provider Workspace,Content,Meetings,page,private,Provider admin,Admin/operator,Open navigation,true,true,true,true,true,true,No major automated issue detected; manual designer review still required.
/operations?workspace=rabbi_sheller_provider&view=content&section=research,Research,Provider Admin,Rabbi Sheller Provider Workspace,Content,Research,page,private,Provider admin,Admin/operator,Open navigation,true,true,true,true,true,true,Too many visible actions. Too many card-like panels.
/operations?workspace=rabbi_sheller_provider&view=content&section=selected,Selected,Provider Admin,Rabbi Sheller Provider Workspace,Content,Selected,page,private,Provider admin,Admin/operator,Open navigation,true,true,true,true,false,true,No major automated issue detected; manual designer review still required.
/operations?workspace=rabbi_sheller_provider&view=content&section=repurpose,Repurpose,Provider Admin,Rabbi Sheller Provider Workspace,Content,Repurpose,page,private,Provider admin,Admin/operator,Open navigation,true,true,true,true,true,true,Too many card-like panels.
/operations?workspace=rabbi_sheller_provider&view=content&section=newsletter,Newsletter,Provider Admin,Rabbi Sheller Provider Workspace,Content,Newsletter,page,private,Provider admin,Admin/operator,Open navigation,true,true,true,true,false,true,No major automated issue detected; manual designer review still required.
/operations?workspace=rabbi_sheller_provider&view=content&section=prompts,Prompts,Provider Admin,Rabbi Sheller Provider Workspace,Content,Prompts,page,private,Provider admin,Admin/operator,Open navigation,true,true,true,true,false,true,No major automated issue detected; manual designer review still required.
/operations?workspace=rabbi_sheller_provider&view=content&section=bundles,Bundles,Provider Admin,Rabbi Sheller Provider Workspace,Content,Bundles,page,private,Provider admin,Admin/operator,Open navigation,true,true,true,true,false,true,No major automated issue detected; manual designer review still required.
/operations?workspace=rabbi_sheller_provider&view=calendar&section=overview,Overview,Provider Admin,Rabbi Sheller Provider Workspace,Calendar,Overview,dashboard,private,Provider admin,Admin/operator,Open navigation,true,true,true,true,false,true,No major automated issue detected; manual designer review still required.
/operations?workspace=rabbi_sheller_provider&view=calendar&section=week,Week,Provider Admin,Rabbi Sheller Provider Workspace,Calendar,Week,page,private,Provider admin,Admin/operator,Open navigation,true,true,true,true,false,true,No major automated issue detected; manual designer review still required.
/operations?workspace=rabbi_sheller_provider&view=calendar&section=month,Month,Provider Admin,Rabbi Sheller Provider Workspace,Calendar,Month,page,private,Provider admin,Admin/operator,Open navigation,true,true,true,true,false,true,No major automated issue detected; manual designer review still required.
/operations?workspace=rabbi_sheller_provider&view=calendar&section=classes,Classes,Provider Admin,Rabbi Sheller Provider Workspace,Calendar,Classes,page,private,Provider admin,Admin/operator,Open navigation,true,true,true,true,false,true,No major automated issue detected; manual designer review still required.
/operations?workspace=rabbi_sheller_provider&view=calendar&section=students,Students,Provider Admin,Rabbi Sheller Provider Workspace,Calendar,Students,page,private,Provider admin,Admin/operator,Open navigation,true,true,true,true,false,true,No major automated issue detected; manual designer review still required.
/operations?workspace=rabbi_sheller_provider&view=calendar&section=provider,Provider,Provider Admin,Rabbi Sheller Provider Workspace,Calendar,Provider,page,private,Provider admin,Admin/operator,Open navigation,true,true,true,true,false,true,No major automated issue detected; manual designer review still required.
/operations?workspace=rabbi_sheller_provider&view=calendar&section=google_sync,Google Sync,Provider Admin,Rabbi Sheller Provider Workspace,Calendar,Google Sync,page,private,Provider admin,Admin/operator,Open navigation,true,true,true,true,false,true,No major automated issue detected; manual designer review still required.
/operations?workspace=rabbi_sheller_provider&view=calendar&section=settings,Settings,Provider Admin,Rabbi Sheller Provider Workspace,Calendar,Settings,settings,private,Provider admin,Admin/operator,Open navigation,true,true,true,true,true,true,No major automated issue detected; manual designer review still required.
/operations?workspace=rabbi_sheller_provider&view=service_providers&section=overview,Overview,Provider Admin,Rabbi Sheller Provider Workspace,Service Providers,Overview,dashboard,private,Provider admin,Admin/operator,Open navigation,true,true,true,true,false,true,Too many card-like panels.
/operations?workspace=rabbi_sheller_provider&view=service_providers&section=directory,Directory,Provider Admin,Rabbi Sheller Provider Workspace,Service Providers,Directory,page,private,Provider admin,Admin/operator,Open navigation,true,true,true,true,false,true,Too many card-like panels.
/operations?workspace=rabbi_sheller_provider&view=service_providers&section=workspaces,Workspaces,Provider Admin,Rabbi Sheller Provider Workspace,Service Providers,Workspaces,page,private,Provider admin,Admin/operator,Open navigation,true,true,true,true,true,true,Too many card-like panels. Too much not-configured/placeholder language.
/operations?workspace=rabbi_sheller_provider&view=service_providers&section=commercial,Commercial,Provider Admin,Rabbi Sheller Provider Workspace,Service Providers,Commercial,page,private,Provider admin,Admin/operator,Open navigation,true,true,true,true,false,true,No major automated issue detected; manual designer review still required.
/operations?workspace=rabbi_sheller_provider&view=service_providers&section=plans,Plans,Provider Admin,Rabbi Sheller Provider Workspace,Service Providers,Plans,page,private,Provider admin,Admin/operator,Open navigation,true,true,true,true,false,true,No major automated issue detected; manual designer review still required.
/operations?workspace=rabbi_sheller_provider&view=service_providers&section=onboarding,Onboarding,Provider Admin,Rabbi Sheller Provider Workspace,Service Providers,Onboarding,page,private,Provider admin,Admin/operator,Open navigation,true,true,true,true,false,true,No major automated issue detected; manual designer review still required.
/operations?workspace=rabbi_sheller_provider&view=service_providers&section=access_checklist,Access Checklist,Provider Admin,Rabbi Sheller Provider Workspace,Service Providers,Access Checklist,page,private,Provider admin,Admin/operator,Open navigation,true,true,true,true,false,true,No major automated issue detected; manual designer review still required.
/operations?workspace=rabbi_sheller_provider&view=service_providers&section=integration_audit,Integration Audit,Provider Admin,Rabbi Sheller Provider Workspace,Service Providers,Integration Audit,page,private,Provider admin,Admin/operator,Open navigation,true,true,true,true,false,true,No major automated issue detected; manual designer review still required.
/operations?workspace=rabbi_sheller_provider&view=service_providers&section=communities,Communities,Provider Admin,Rabbi Sheller Provider Workspace,Service Providers,Communities,page,private,Provider admin,Admin/operator,Open navigation,true,true,true,true,false,true,No major automated issue detected; manual designer review still required.
/operations?workspace=rabbi_sheller_provider&view=service_providers&section=content,Content,Provider Admin,Rabbi Sheller Provider Workspace,Service Providers,Content,page,private,Provider admin,Admin/operator,Open navigation,true,true,true,true,false,true,No major automated issue detected; manual designer review still required.
/operations?workspace=rabbi_sheller_provider&view=service_providers&section=marketing,Marketing,Provider Admin,Rabbi Sheller Provider Workspace,Service Providers,Marketing,page,private,Provider admin,Admin/operator,Open navigation,true,true,true,true,false,true,No major automated issue detected; manual designer review still required.
/operations?workspace=rabbi_sheller_provider&view=service_providers&section=leads,Leads,Provider Admin,Rabbi Sheller Provider Workspace,Service Providers,Leads,page,private,Provider admin,Admin/operator,Open navigation,true,true,true,true,false,true,No major automated issue detected; manual designer review still required.
/operations?workspace=rabbi_sheller_provider&view=service_providers&section=communications,Communications,Provider Admin,Rabbi Sheller Provider Workspace,Service Providers,Communications,page,private,Provider admin,Admin/operator,Open navigation,true,true,true,true,false,true,No major automated issue detected; manual designer review still required.
/operations?workspace=rabbi_sheller_provider&view=service_providers&section=settings,Settings,Provider Admin,Rabbi Sheller Provider Workspace,Service Providers,Settings,settings,private,Provider admin,Admin/operator,Open navigation,true,true,true,true,true,true,No major automated issue detected; manual designer review still required.
/operations?workspace=rabbi_sheller_provider&view=communications&section=overview,Overview,Provider Admin,Rabbi Sheller Provider Workspace,Communications,Overview,dashboard,private,Provider admin,Admin/operator,Open navigation,true,true,true,true,true,true,Too many card-like panels.
/operations?workspace=rabbi_sheller_provider&view=communications&section=parents,Parents,Provider Admin,Rabbi Sheller Provider Workspace,Communications,Parents,page,private,Provider admin,Admin/operator,Open navigation,true,true,true,true,false,true,Too many card-like panels.
/operations?workspace=rabbi_sheller_provider&view=communications&section=students,Students,Provider Admin,Rabbi Sheller Provider Workspace,Communications,Students,page,private,Provider admin,Admin/operator,Open navigation,true,true,true,true,false,true,No major automated issue detected; manual designer review still required.
/operations?workspace=rabbi_sheller_provider&view=communications&section=providers,Providers,Provider Admin,Rabbi Sheller Provider Workspace,Communications,Providers,page,private,Provider admin,Admin/operator,Open navigation,true,true,true,true,false,true,No major automated issue detected; manual designer review still required.
/operations?workspace=rabbi_sheller_provider&view=communications&section=internal,Internal,Provider Admin,Rabbi Sheller Provider Workspace,Communications,Internal,page,private,Provider admin,Admin/operator,Open navigation,true,true,true,true,false,true,No major automated issue detected; manual designer review still required.
/operations?workspace=rabbi_sheller_provider&view=communications&section=whatsapp,Whatsapp,Provider Admin,Rabbi Sheller Provider Workspace,Communications,Whatsapp,page,private,Provider admin,Admin/operator,Open navigation,true,true,true,true,false,true,No major automated issue detected; manual designer review still required.
/operations?workspace=rabbi_sheller_provider&view=communications&section=email,Email,Provider Admin,Rabbi Sheller Provider Workspace,Communications,Email,page,private,Provider admin,Admin/operator,Open navigation,true,true,true,true,false,true,Too many card-like panels.
/operations?workspace=rabbi_sheller_provider&view=communications&section=bots,Bots,Provider Admin,Rabbi Sheller Provider Workspace,Communications,Bots,page,private,Provider admin,Admin/operator,Open navigation,true,true,true,true,true,true,No major automated issue detected; manual designer review still required.
/operations?workspace=rabbi_sheller_provider&view=communications&section=templates,Templates,Provider Admin,Rabbi Sheller Provider Workspace,Communications,Templates,page,private,Provider admin,Admin/operator,Open navigation,true,true,true,true,false,true,No major automated issue detected; manual designer review still required.
/operations?workspace=rabbi_sheller_provider&view=communications&section=settings,Settings,Provider Admin,Rabbi Sheller Provider Workspace,Communications,Settings,settings,private,Provider admin,Admin/operator,Open navigation,true,true,true,true,true,true,No major automated issue detected; manual designer review still required.
/operations?workspace=rabbi_sheller_provider&view=internal_dialogue&section=overview,Overview,Provider Admin,Rabbi Sheller Provider Workspace,Internal Dialogue,Overview,dashboard,private,Provider admin,Admin/operator,Open navigation,true,true,true,true,true,true,No major automated issue detected; manual designer review still required.
/operations?workspace=rabbi_sheller_provider&view=internal_dialogue&section=shloimie_rabbi,Shloimie Rabbi,Provider Admin,Rabbi Sheller Provider Workspace,Internal Dialogue,Shloimie Rabbi,page,private,Provider admin,Admin/operator,Open navigation,true,true,true,true,false,true,No major automated issue detected; manual designer review still required.
/operations?workspace=rabbi_sheller_provider&view=internal_dialogue&section=meeting_notes,Meeting Notes,Provider Admin,Rabbi Sheller Provider Workspace,Internal Dialogue,Meeting Notes,page,private,Provider admin,Admin/operator,Open navigation,true,true,true,true,false,true,No major automated issue detected; manual designer review still required.
/operations?workspace=rabbi_sheller_provider&view=internal_dialogue&section=uploads,Uploads,Provider Admin,Rabbi Sheller Provider Workspace,Internal Dialogue,Uploads,page,private,Provider admin,Admin/operator,Open navigation,true,true,true,true,true,true,No major automated issue detected; manual designer review still required.
/operations?workspace=rabbi_sheller_provider&view=internal_dialogue&section=decisions,Decisions,Provider Admin,Rabbi Sheller Provider Workspace,Internal Dialogue,Decisions,page,private,Provider admin,Admin/operator,Open navigation,true,true,true,true,false,true,No major automated issue detected; manual designer review still required.
/operations?workspace=rabbi_sheller_provider&view=internal_dialogue&section=support,Support,Provider Admin,Rabbi Sheller Provider Workspace,Internal Dialogue,Support,page,private,Provider admin,Admin/operator,Open navigation,true,true,true,true,true,true,No major automated issue detected; manual designer review still required.
/operations?workspace=rabbi_sheller_provider&view=internal_dialogue&section=activity,Activity,Provider Admin,Rabbi Sheller Provider Workspace,Internal Dialogue,Activity,page,private,Provider admin,Admin/operator,Open navigation,true,true,true,true,true,true,No major automated issue detected; manual designer review still required.
/operations?workspace=rabbi_sheller_provider&view=accounting&section=overview,Overview,Provider Admin,Rabbi Sheller Provider Workspace,Accounting,Overview,dashboard,private,Provider admin,Admin/operator,Open navigation,true,true,true,true,true,true,No major automated issue detected; manual designer review still required.
/operations?workspace=rabbi_sheller_provider&view=accounting&section=payments,Payments,Provider Admin,Rabbi Sheller Provider Workspace,Accounting,Payments,page,private,Provider admin,Admin/operator,Open navigation,true,true,true,true,true,true,No major automated issue detected; manual designer review still required.
/operations?workspace=rabbi_sheller_provider&view=accounting&section=open,Open,Provider Admin,Rabbi Sheller Provider Workspace,Accounting,Open,page,private,Provider admin,Admin/operator,Open navigation,true,true,true,true,true,true,No major automated issue detected; manual designer review still required.
/operations?workspace=rabbi_sheller_provider&view=accounting&section=paid,Paid,Provider Admin,Rabbi Sheller Provider Workspace,Accounting,Paid,page,private,Provider admin,Admin/operator,Open navigation,true,true,true,true,true,true,No major automated issue detected; manual designer review still required.
/operations?workspace=rabbi_sheller_provider&view=accounting&section=needs_signup,Needs Signup,Provider Admin,Rabbi Sheller Provider Workspace,Accounting,Needs Signup,page,private,Provider admin,Admin/operator,Open navigation,true,true,true,true,true,true,No major automated issue detected; manual designer review still required.
/operations?workspace=rabbi_sheller_provider&view=accounting&section=exceptions,Exceptions,Provider Admin,Rabbi Sheller Provider Workspace,Accounting,Exceptions,page,private,Provider admin,Admin/operator,Open navigation,true,true,true,true,true,true,No major automated issue detected; manual designer review still required.
/operations?workspace=rabbi_sheller_provider&view=api_usage&section=overview,Overview,Provider Admin,Rabbi Sheller Provider Workspace,Api Usage,Overview,dashboard,private,Provider admin,Admin/operator,Open navigation,true,true,true,true,true,true,No major automated issue detected; manual designer review still required.
/operations?workspace=rabbi_sheller_provider&view=api_usage&section=workspace,Workspace,Provider Admin,Rabbi Sheller Provider Workspace,Api Usage,Workspace,page,private,Provider admin,Admin/operator,Open navigation,true,true,true,true,true,true,No major automated issue detected; manual designer review still required.
/operations?workspace=rabbi_sheller_provider&view=api_usage&section=parent,Parent,Provider Admin,Rabbi Sheller Provider Workspace,Api Usage,Parent,page,private,Provider admin,Admin/operator,Open navigation,true,true,true,true,true,true,No major automated issue detected; manual designer review still required.
/operations?workspace=rabbi_sheller_provider&view=api_usage&section=student,Student,Provider Admin,Rabbi Sheller Provider Workspace,Api Usage,Student,page,private,Provider admin,Admin/operator,Open navigation,true,true,true,true,true,true,No major automated issue detected; manual designer review still required.
/operations?workspace=rabbi_sheller_provider&view=api_usage&section=provider,Provider,Provider Admin,Rabbi Sheller Provider Workspace,Api Usage,Provider,page,private,Provider admin,Admin/operator,Open navigation,true,true,true,true,true,true,No major automated issue detected; manual designer review still required.
/operations?workspace=rabbi_sheller_provider&view=api_usage&section=bot,Bot,Provider Admin,Rabbi Sheller Provider Workspace,Api Usage,Bot,page,private,Provider admin,Admin/operator,Open navigation,true,true,true,true,true,true,No major automated issue detected; manual designer review still required.
/operations?workspace=rabbi_sheller_provider&view=api_usage&section=errors,Errors,Provider Admin,Rabbi Sheller Provider Workspace,Api Usage,Errors,page,private,Provider admin,Admin/operator,Open navigation,true,true,true,true,true,true,No major automated issue detected; manual designer review still required.
/operations?workspace=rabbi_sheller_provider&view=api_usage&section=budgets,Budgets,Provider Admin,Rabbi Sheller Provider Workspace,Api Usage,Budgets,page,private,Provider admin,Admin/operator,Open navigation,true,true,true,true,true,true,No major automated issue detected; manual designer review still required.
/operations?workspace=rabbi_sheller_provider&view=api_usage&section=settings,Settings,Provider Admin,Rabbi Sheller Provider Workspace,Api Usage,Settings,settings,private,Provider admin,Admin/operator,Open navigation,true,true,true,true,true,true,No major automated issue detected; manual designer review still required.
/operations?workspace=rabbi_sheller_provider&view=admin&section=overview,Overview,Provider Admin,Rabbi Sheller Provider Workspace,Admin,Overview,dashboard,private,Provider admin,Admin/operator,Open navigation,true,true,true,true,true,true,No major automated issue detected; manual designer review still required.
/operations?workspace=rabbi_sheller_provider&view=admin&section=users,Users,Provider Admin,Rabbi Sheller Provider Workspace,Admin,Users,page,private,Provider admin,Admin/operator,Open navigation,true,true,true,true,true,true,No major automated issue detected; manual designer review still required.
/operations?workspace=rabbi_sheller_provider&view=admin&section=roles,Roles,Provider Admin,Rabbi Sheller Provider Workspace,Admin,Roles,page,private,Provider admin,Admin/operator,Open navigation,true,true,true,true,true,true,No major automated issue detected; manual designer review still required.
/operations?workspace=rabbi_sheller_provider&view=admin&section=workspaces,Workspaces,Provider Admin,Rabbi Sheller Provider Workspace,Admin,Workspaces,page,private,Provider admin,Admin/operator,Open navigation,true,true,true,true,true,true,No major automated issue detected; manual designer review still required.
/operations?workspace=rabbi_sheller_provider&view=admin&section=invitations,Invitations,Provider Admin,Rabbi Sheller Provider Workspace,Admin,Invitations,page,private,Provider admin,Admin/operator,Open navigation,true,true,true,true,true,true,No major automated issue detected; manual designer review still required.
/operations?workspace=rabbi_sheller_provider&view=admin&section=tickets,Tickets,Provider Admin,Rabbi Sheller Provider Workspace,Admin,Tickets,page,private,Provider admin,Admin/operator,Open navigation,true,true,true,true,true,true,No major automated issue detected; manual designer review still required.
/operations?workspace=rabbi_sheller_provider&view=admin&section=messages,Messages,Provider Admin,Rabbi Sheller Provider Workspace,Admin,Messages,page,private,Provider admin,Admin/operator,Open navigation,true,true,true,true,true,true,No major automated issue detected; manual designer review still required.
/operations?workspace=rabbi_sheller_provider&view=admin&section=settings,Settings,Provider Admin,Rabbi Sheller Provider Workspace,Admin,Settings,settings,private,Provider admin,Admin/operator,Open navigation,true,true,true,true,true,true,No major automated issue detected; manual designer review still required.
/operations?workspace=rabbi_sheller_provider&view=settings&section=profile,Profile,Provider Admin,Rabbi Sheller Provider Workspace,Settings,Profile,settings,private,Provider admin,Admin/operator,Open navigation,true,true,true,true,true,true,No major automated issue detected; manual designer review still required.
/operations?workspace=rabbi_sheller_provider&view=settings&section=workspace,Workspace,Provider Admin,Rabbi Sheller Provider Workspace,Settings,Workspace,settings,private,Provider admin,Admin/operator,Open navigation,true,true,true,true,true,true,No major automated issue detected; manual designer review still required.
/operations?workspace=rabbi_sheller_provider&view=settings&section=branding,Branding,Provider Admin,Rabbi Sheller Provider Workspace,Settings,Branding,settings,private,Provider admin,Admin/operator,Open navigation,true,true,true,true,true,true,No major automated issue detected; manual designer review still required.
/operations?workspace=rabbi_sheller_provider&view=settings&section=language,Language,Provider Admin,Rabbi Sheller Provider Workspace,Settings,Language,settings,private,Provider admin,Admin/operator,Open navigation,true,true,true,true,true,true,No major automated issue detected; manual designer review still required.
/operations?workspace=rabbi_sheller_provider&view=settings&section=users_roles,Users Roles,Provider Admin,Rabbi Sheller Provider Workspace,Settings,Users Roles,settings,private,Provider admin,Admin/operator,Open navigation,true,true,true,true,true,true,No major automated issue detected; manual designer review still required.
/operations?workspace=rabbi_sheller_provider&view=settings&section=email_identities,Email Identities,Provider Admin,Rabbi Sheller Provider Workspace,Settings,Email Identities,settings,private,Provider admin,Admin/operator,Open navigation,true,true,true,true,true,true,No major automated issue detected; manual designer review still required.
/operations?workspace=rabbi_sheller_provider&view=settings&section=whatsapp,Whatsapp,Provider Admin,Rabbi Sheller Provider Workspace,Settings,Whatsapp,settings,private,Provider admin,Admin/operator,Open navigation,true,true,true,true,true,true,No major automated issue detected; manual designer review still required.
/operations?workspace=rabbi_sheller_provider&view=settings&section=social_accounts,Social Accounts,Provider Admin,Rabbi Sheller Provider Workspace,Settings,Social Accounts,settings,private,Provider admin,Admin/operator,Open navigation,true,true,true,true,true,true,No major automated issue detected; manual designer review still required.
/operations?workspace=rabbi_sheller_provider&view=settings&section=calendar,Calendar,Provider Admin,Rabbi Sheller Provider Workspace,Settings,Calendar,settings,private,Provider admin,Admin/operator,Open navigation,true,true,true,true,true,true,No major automated issue detected; manual designer review still required.
/operations?workspace=rabbi_sheller_provider&view=settings&section=google_classroom,Google Classroom,Provider Admin,Rabbi Sheller Provider Workspace,Settings,Google Classroom,settings,private,Provider admin,Admin/operator,Open navigation,true,true,true,true,true,true,No major automated issue detected; manual designer review still required.
/operations?workspace=rabbi_sheller_provider&view=settings&section=parent_portal,Parent Portal,Provider Admin,Rabbi Sheller Provider Workspace,Settings,Parent Portal,settings,private,Provider admin,Admin/operator,Open navigation,true,true,true,true,true,true,No major automated issue detected; manual designer review still required.
/operations?workspace=rabbi_sheller_provider&view=settings&section=student_portal,Student Portal,Provider Admin,Rabbi Sheller Provider Workspace,Settings,Student Portal,settings,private,Provider admin,Admin/operator,Open navigation,true,true,true,true,true,true,No major automated issue detected; manual designer review still required.
/operations?workspace=rabbi_sheller_provider&view=settings&section=provider_portal,Provider Portal,Provider Admin,Rabbi Sheller Provider Workspace,Settings,Provider Portal,settings,private,Provider admin,Admin/operator,Open navigation,true,true,true,true,true,true,No major automated issue detected; manual designer review still required.
/operations?workspace=rabbi_sheller_provider&view=settings&section=provider_index,Provider Index,Provider Admin,Rabbi Sheller Provider Workspace,Settings,Provider Index,settings,private,Provider admin,Admin/operator,Open navigation,true,true,true,true,true,true,No major automated issue detected; manual designer review still required.
/operations?workspace=rabbi_sheller_provider&view=settings&section=provider_plans,Provider Plans,Provider Admin,Rabbi Sheller Provider Workspace,Settings,Provider Plans,settings,private,Provider admin,Admin/operator,Open navigation,true,true,true,true,true,true,No major automated issue detected; manual designer review still required.
/operations?workspace=rabbi_sheller_provider&view=settings&section=provider_entitlements,Provider Entitlements,Provider Admin,Rabbi Sheller Provider Workspace,Settings,Provider Entitlements,settings,private,Provider admin,Admin/operator,Open navigation,true,true,true,true,true,true,No major automated issue detected; manual designer review still required.
/operations?workspace=rabbi_sheller_provider&view=settings&section=provider_onboarding,Provider Onboarding,Provider Admin,Rabbi Sheller Provider Workspace,Settings,Provider Onboarding,settings,private,Provider admin,Admin/operator,Open navigation,true,true,true,true,true,true,No major automated issue detected; manual designer review still required.
/operations?workspace=rabbi_sheller_provider&view=settings&section=commercial_models,Commercial Models,Provider Admin,Rabbi Sheller Provider Workspace,Settings,Commercial Models,settings,private,Provider admin,Admin/operator,Open navigation,true,true,true,true,true,true,No major automated issue detected; manual designer review still required.
/operations?workspace=rabbi_sheller_provider&view=settings&section=bot_permissions,Bot Permissions,Provider Admin,Rabbi Sheller Provider Workspace,Settings,Bot Permissions,settings,private,Provider admin,Admin/operator,Open navigation,true,true,true,true,true,true,No major automated issue detected; manual designer review still required.
/operations?workspace=rabbi_sheller_provider&view=settings&section=api_limits,Api Limits,Provider Admin,Rabbi Sheller Provider Workspace,Settings,Api Limits,settings,private,Provider admin,Admin/operator,Open navigation,true,true,true,true,true,true,No major automated issue detected; manual designer review still required.
/operations?workspace=rabbi_sheller_provider&view=settings&section=communications,Communications,Provider Admin,Rabbi Sheller Provider Workspace,Settings,Communications,settings,private,Provider admin,Admin/operator,Open navigation,true,true,true,true,true,true,No major automated issue detected; manual designer review still required.
/operations?workspace=rabbi_sheller_provider&view=settings&section=integrations,Integrations,Provider Admin,Rabbi Sheller Provider Workspace,Settings,Integrations,settings,private,Provider admin,Admin/operator,Open navigation,true,true,true,true,true,true,No major automated issue detected; manual designer review still required.
/operations?workspace=rabbi_sheller_provider&view=settings&section=payment_links,Payment Links,Provider Admin,Rabbi Sheller Provider Workspace,Settings,Payment Links,settings,private,Provider admin,Admin/operator,Open navigation,true,true,true,true,true,true,No major automated issue detected; manual designer review still required.
/operations?workspace=rabbi_sheller_provider&view=settings&section=external_apps,External Apps,Provider Admin,Rabbi Sheller Provider Workspace,Settings,External Apps,settings,private,Provider admin,Admin/operator,Open navigation,true,true,true,true,true,true,No major automated issue detected; manual designer review still required.
/operations?workspace=rabbi_sheller_provider&view=settings&section=billing,Billing,Provider Admin,Rabbi Sheller Provider Workspace,Settings,Billing,settings,private,Provider admin,Admin/operator,Open navigation,true,true,true,true,true,true,No major automated issue detected; manual designer review still required.
/operations?workspace=rabbi_sheller_provider&view=settings&section=automations,Automations,Provider Admin,Rabbi Sheller Provider Workspace,Settings,Automations,settings,private,Provider admin,Admin/operator,Open navigation,true,true,true,true,true,true,No major automated issue detected; manual designer review still required.
/operations?workspace=rabbi_sheller_provider&view=settings&section=danger,Danger,Provider Admin,Rabbi Sheller Provider Workspace,Settings,Danger,settings,private,Provider admin,Admin/operator,Open navigation,true,true,true,true,true,true,No major automated issue detected; manual designer review still required.
/,Public Site Home,Public,Public Website,Website,,page,public,Public visitor,Public Website,,false,false,false,false,true,true,Too many card-like panels. Small mobile tap targets detected.
/he,Hebrew State,Public,Public Website,Website,,page,public,Public visitor,Public Website,,false,false,false,false,false,true,Too many card-like panels. Small mobile tap targets detected.
/blog,Blog,Public,Public Website,Website,,page,public,Public visitor,Public Website,,false,false,false,false,true,true,Too many card-like panels. Small mobile tap targets detected.
/he/blog,Hebrew State,Public,Public Website,Website,,page,public,Public visitor,Public Website,,false,false,false,false,false,true,Small mobile tap targets detected.
/faq,FAQ,Public,Public Website,Website,,page,public,Public visitor,Public Website,,false,false,false,false,false,true,No major automated issue detected; manual designer review still required.
/he/faq,Hebrew State,Public,Public Website,Website,,page,public,Public visitor,Public Website,,false,false,false,false,false,true,No major automated issue detected; manual designer review still required.
/signup.html,Signup English,Public,Public Website,Website,,page,public,Public visitor,Public Website,Open and Sign,false,false,false,false,false,true,No major automated issue detected; manual designer review still required.
/signup-he.html,Hebrew State,Public,Public Website,Website,,page,public,Public visitor,Public Website,,false,false,false,false,false,true,No major automated issue detected; manual designer review still required.
/signup-thank-you.html,Signup Thank You,Public,Public Website,Website,,page,public,Public visitor,Public Website,,false,false,false,false,false,true,No major automated issue detected; manual designer review still required.
/documents/parent-handbook.html,Parent Handbook,Public,Public Website,Website,,page,public,Public visitor,Parent,,false,false,true,true,false,true,Small mobile tap targets detected.
/operations-login.html,Operations Login,Public,Operations Login,Auth,,login,public,Public visitor,Admin/operator,Open navigation,true,true,true,false,true,true,Small mobile tap targets detected.
/parent,Parent Portal Login,Parent,BNA School Workspace,Portal,,login,private,BNA parent,Parent,Sign in,false,true,true,true,false,true,Parent/student assistant placement must be explicitly reviewed.
/student,Student Workspace Login,Student,BNA School Workspace,Portal,,login,private,BNA student,Student,Open My Board,false,true,true,true,false,true,Small mobile tap targets detected. Parent/student assistant placement must be explicitly reviewed.
/provider,Provider Portal Login,Provider Admin,Rabbi Sheller Provider Workspace,Portal,,login,private,Provider admin,Provider/public provider visitor,Sign In,false,true,true,true,false,true,No major automated issue detected; manual designer review still required.
/providers/join, Onboarding,Provider Admin,Rabbi Sheller Provider Workspace,Provider Onboarding,,page,private,Provider admin,Provider/public provider visitor,Submit For Review,false,false,true,true,false,true,No major automated issue detected; manual designer review still required.
/operations?workspace=platform&view=dashboard&section=overview,Overview,Super Admin,Platform,Dashboard,Overview,dashboard,private,Shloimie / platform operator,Admin/operator,Open navigation,true,true,true,true,true,true,Small mobile tap targets detected.
/operations?workspace=platform&view=dashboard&section=activity,Activity,Super Admin,Platform,Dashboard,Activity,page,private,Shloimie / platform operator,Admin/operator,Open navigation,true,true,true,true,false,true,No major automated issue detected; manual designer review still required.
/operations?workspace=platform&view=dashboard&section=alerts,Alerts,Super Admin,Platform,Dashboard,Alerts,page,private,Shloimie / platform operator,Admin/operator,Open navigation,true,true,true,true,true,true,No major automated issue detected; manual designer review still required.
/operations?workspace=platform&view=dashboard&section=today,Today,Super Admin,Platform,Dashboard,Today,page,private,Shloimie / platform operator,Admin/operator,Open navigation,true,true,true,true,false,true,No major automated issue detected; manual designer review still required.
/operations?workspace=platform&view=dashboard&section=updates,Updates,Super Admin,Platform,Dashboard,Updates,page,private,Shloimie / platform operator,Admin/operator,Open navigation,true,true,true,true,false,true,Small mobile tap targets detected.
/operations?workspace=platform&view=pipelines&section=overview,Overview,Super Admin,Platform,Pipelines,Overview,dashboard,private,Shloimie / platform operator,Admin/operator,Open navigation,true,true,true,true,true,true,Too many visible actions. Too many card-like panels. Small mobile tap targets detected.
/operations?workspace=platform&view=pipelines&section=bna_enrollment,Bna Enrollment,Super Admin,Platform,Pipelines,Bna Enrollment,page,private,Shloimie / platform operator,Admin/operator,Open navigation,true,true,true,true,true,true,Small mobile tap targets detected.
/operations?workspace=platform&view=pipelines&section=provider_class,Provider Class,Super Admin,Platform,Pipelines,Provider Class,page,private,Shloimie / platform operator,Admin/operator,Open navigation,true,true,true,true,true,true,Small mobile tap targets detected.
/operations?workspace=platform&view=pipelines&section=provider_onboarding,Provider Onboarding,Super Admin,Platform,Pipelines,Provider Onboarding,page,private,Shloimie / platform operator,Admin/operator,Open navigation,true,true,true,true,true,true,Too many visible actions. Too many card-like panels. Small mobile tap targets detected.
/operations?workspace=platform&view=pipelines&section=participants,Participants,Super Admin,Platform,Pipelines,Participants,page,private,Shloimie / platform operator,Admin/operator,Open navigation,true,true,true,true,true,true,Small mobile tap targets detected.
/operations?workspace=platform&view=pipelines&section=stale_tasks,Stale Tasks,Super Admin,Platform,Pipelines,Stale Tasks,page,private,Shloimie / platform operator,Admin/operator,Open navigation,true,true,true,true,true,true,Small mobile tap targets detected.
/operations?workspace=platform&view=pipelines&section=decisions,Decisions,Super Admin,Platform,Pipelines,Decisions,page,private,Shloimie / platform operator,Admin/operator,Open navigation,true,true,true,true,true,true,Small mobile tap targets detected.
/operations?workspace=platform&view=tasks&section=overview,Overview,Super Admin,Platform,Tasks,Overview,dashboard,private,Shloimie / platform operator,Admin/operator,Open navigation,true,true,true,true,true,true,Too many visible actions. Small mobile tap targets detected.
/operations?workspace=platform&view=tasks&section=decisions,Decisions,Super Admin,Platform,Tasks,Decisions,page,private,Shloimie / platform operator,Admin/operator,Open navigation,true,true,true,true,true,true,Too many visible actions. Small mobile tap targets detected.
/operations?workspace=platform&view=tasks&section=mine,Mine,Super Admin,Platform,Tasks,Mine,page,private,Shloimie / platform operator,Admin/operator,Open navigation,true,true,true,true,false,true,No major automated issue detected; manual designer review still required.
/operations?workspace=platform&view=tasks&section=schedule,Schedule,Super Admin,Platform,Tasks,Schedule,page,private,Shloimie / platform operator,Admin/operator,Open navigation,true,true,true,true,false,true,No major automated issue detected; manual designer review still required.
/operations?workspace=platform&view=tasks&section=research,Research,Super Admin,Platform,Tasks,Research,page,private,Shloimie / platform operator,Admin/operator,Open navigation,true,true,true,true,false,true,No major automated issue detected; manual designer review still required.
/operations?workspace=platform&view=tasks&section=changelog,Changelog,Super Admin,Platform,Tasks,Changelog,page,private,Shloimie / platform operator,Admin/operator,Open navigation,true,true,true,true,false,true,No major automated issue detected; manual designer review still required.
/operations?workspace=platform&view=tasks&section=done,Done,Super Admin,Platform,Tasks,Done,page,private,Shloimie / platform operator,Admin/operator,Open navigation,true,true,true,true,false,true,No major automated issue detected; manual designer review still required.
/operations?workspace=platform&view=students&section=overview,Overview,Super Admin,Platform,Students,Overview,dashboard,private,Shloimie / platform operator,Admin/operator,Open navigation,true,true,true,true,true,true,Small mobile tap targets detected.
/operations?workspace=platform&view=students&section=list,List,Super Admin,Platform,Students,List,page,private,Shloimie / platform operator,Admin/operator,Open navigation,true,true,true,true,true,true,Small mobile tap targets detected.
/operations?workspace=platform&view=students&section=group_goal,Group Goal,Super Admin,Platform,Students,Group Goal,page,private,Shloimie / platform operator,Admin/operator,Open navigation,true,true,true,true,true,true,Small mobile tap targets detected.
/operations?workspace=platform&view=students&section=goal_board,Goal Board,Super Admin,Platform,Students,Goal Board,page,private,Shloimie / platform operator,Admin/operator,Open navigation,true,true,true,true,true,true,Small mobile tap targets detected.
/operations?workspace=platform&view=students&section=assignments,Assignments,Super Admin,Platform,Students,Assignments,page,private,Shloimie / platform operator,Admin/operator,Open navigation,true,true,true,true,true,true,Small mobile tap targets detected.
/operations?workspace=platform&view=students&section=questions,Questions,Super Admin,Platform,Students,Questions,page,private,Shloimie / platform operator,Admin/operator,Open navigation,true,true,true,true,true,true,Small mobile tap targets detected.
/operations?workspace=platform&view=students&section=documents,Documents,Super Admin,Platform,Students,Documents,page,private,Shloimie / platform operator,Admin/operator,Open navigation,true,true,true,true,true,true,Small mobile tap targets detected.
/operations?workspace=platform&view=students&section=portal_links,Portal Links,Super Admin,Platform,Students,Portal Links,page,private,Shloimie / platform operator,Admin/operator,Open navigation,true,true,true,true,true,true,Small mobile tap targets detected.
/operations?workspace=platform&view=students&section=tablet_access,Tablet Access,Super Admin,Platform,Students,Tablet Access,page,private,Shloimie / platform operator,Admin/operator,Open navigation,true,true,true,true,true,true,Small mobile tap targets detected.
/operations?workspace=platform&view=students&section=profile,Profile,Super Admin,Platform,Students,Profile,detail,private,Shloimie / platform operator,Admin/operator,Open navigation,true,true,true,true,true,true,Small mobile tap targets detected.
/operations?workspace=platform&view=students&section=parent_family,Parent Family,Super Admin,Platform,Students,Parent Family,page,private,Shloimie / platform operator,Admin/operator,Open navigation,true,true,true,true,true,true,Small mobile tap targets detected.
/operations?workspace=platform&view=students&section=analysis,Analysis,Super Admin,Platform,Students,Analysis,page,private,Shloimie / platform operator,Admin/operator,Open navigation,true,true,true,true,true,true,Small mobile tap targets detected.
/operations?workspace=platform&view=students&section=meetings,Meetings,Super Admin,Platform,Students,Meetings,page,private,Shloimie / platform operator,Admin/operator,Open navigation,true,true,true,true,true,true,Small mobile tap targets detected.
/operations?workspace=platform&view=students&section=bot_settings,Bot Settings,Super Admin,Platform,Students,Bot Settings,settings,private,Shloimie / platform operator,Admin/operator,Open navigation,true,true,true,true,true,true,Small mobile tap targets detected.
/operations?workspace=platform&view=students&section=activity,Activity,Super Admin,Platform,Students,Activity,page,private,Shloimie / platform operator,Admin/operator,Open navigation,true,true,true,true,false,true,No major automated issue detected; manual designer review still required.
/operations?workspace=platform&view=students&section=next_year_login,Next Year Login,Super Admin,Platform,Students,Next Year Login,login,private,Shloimie / platform operator,Admin/operator,Open navigation,true,true,true,true,true,true,Small mobile tap targets detected.
/operations?workspace=platform&view=contacts&section=overview,Overview,Super Admin,Platform,Contacts,Overview,dashboard,private,Shloimie / platform operator,Admin/operator,Open navigation,true,true,true,true,true,true,Small mobile tap targets detected.
/operations?workspace=platform&view=contacts&section=interested_parents,Interested Parents,Super Admin,Platform,Contacts,Interested Parents,page,private,Shloimie / platform operator,Admin/operator,Open navigation,true,true,true,true,true,true,Small mobile tap targets detected.
/operations?workspace=platform&view=contacts&section=parents,Parents,Super Admin,Platform,Contacts,Parents,page,private,Shloimie / platform operator,Admin/operator,Open navigation,true,true,true,true,true,true,Small mobile tap targets detected.
/operations?workspace=platform&view=contacts&section=people,People,Super Admin,Platform,Contacts,People,page,private,Shloimie / platform operator,Admin/operator,Open navigation,true,true,true,true,true,true,Small mobile tap targets detected.
/operations?workspace=platform&view=contacts&section=contacts,Contacts,Super Admin,Platform,Contacts,Contacts,page,private,Shloimie / platform operator,Admin/operator,Open navigation,true,true,true,true,true,true,Small mobile tap targets detected.
/operations?workspace=platform&view=contacts&section=notes,Notes,Super Admin,Platform,Contacts,Notes,page,private,Shloimie / platform operator,Admin/operator,Open navigation,true,true,true,true,true,true,Small mobile tap targets detected.
/operations?workspace=platform&view=contacts&section=students,Students,Super Admin,Platform,Contacts,Students,page,private,Shloimie / platform operator,Admin/operator,Open navigation,true,true,true,true,true,true,Small mobile tap targets detected.
/operations?workspace=platform&view=contacts&section=intake,Intake,Super Admin,Platform,Contacts,Intake,page,private,Shloimie / platform operator,Admin/operator,Open navigation,true,true,true,true,true,true,Small mobile tap targets detected.
/operations?workspace=platform&view=contacts&section=follow_up,Follow Up,Super Admin,Platform,Contacts,Follow Up,page,private,Shloimie / platform operator,Admin/operator,Open navigation,true,true,true,true,true,true,Small mobile tap targets detected.
/operations?workspace=platform&view=contacts&section=tags,Tags,Super Admin,Platform,Contacts,Tags,page,private,Shloimie / platform operator,Admin/operator,Open navigation,true,true,true,true,true,true,Small mobile tap targets detected.
/operations?workspace=platform&view=content&section=library,Library,Super Admin,Platform,Content,Library,page,private,Shloimie / platform operator,Admin/operator,Open navigation,true,true,true,true,true,true,Small mobile tap targets detected.
/operations?workspace=platform&view=content&section=meetings,Meetings,Super Admin,Platform,Content,Meetings,page,private,Shloimie / platform operator,Admin/operator,Open navigation,true,true,true,true,true,true,Small mobile tap targets detected.
/operations?workspace=platform&view=content&section=research,Research,Super Admin,Platform,Content,Research,page,private,Shloimie / platform operator,Admin/operator,Open navigation,true,true,true,true,true,true,Small mobile tap targets detected.
/operations?workspace=platform&view=content&section=selected,Selected,Super Admin,Platform,Content,Selected,page,private,Shloimie / platform operator,Admin/operator,Open navigation,true,true,true,true,true,true,Small mobile tap targets detected.
/operations?workspace=platform&view=content&section=repurpose,Repurpose,Super Admin,Platform,Content,Repurpose,page,private,Shloimie / platform operator,Admin/operator,Open navigation,true,true,true,true,true,true,Small mobile tap targets detected.
/operations?workspace=platform&view=content&section=newsletter,Newsletter,Super Admin,Platform,Content,Newsletter,page,private,Shloimie / platform operator,Admin/operator,Open navigation,true,true,true,true,true,true,Small mobile tap targets detected.
/operations?workspace=platform&view=content&section=prompts,Prompts,Super Admin,Platform,Content,Prompts,page,private,Shloimie / platform operator,Admin/operator,Open navigation,true,true,true,true,true,true,Small mobile tap targets detected.
/operations?workspace=platform&view=content&section=bundles,Bundles,Super Admin,Platform,Content,Bundles,page,private,Shloimie / platform operator,Admin/operator,Open navigation,true,true,true,true,true,true,Small mobile tap targets detected.
/operations?workspace=platform&view=calendar&section=overview,Overview,Super Admin,Platform,Calendar,Overview,dashboard,private,Shloimie / platform operator,Admin/operator,Open navigation,true,true,true,true,false,true,No major automated issue detected; manual designer review still required.
/operations?workspace=platform&view=calendar&section=week,Week,Super Admin,Platform,Calendar,Week,page,private,Shloimie / platform operator,Admin/operator,Open navigation,true,true,true,true,false,true,No major automated issue detected; manual designer review still required.
/operations?workspace=platform&view=calendar&section=month,Month,Super Admin,Platform,Calendar,Month,page,private,Shloimie / platform operator,Admin/operator,Open navigation,true,true,true,true,false,true,No major automated issue detected; manual designer review still required.
/operations?workspace=platform&view=calendar&section=classes,Classes,Super Admin,Platform,Calendar,Classes,page,private,Shloimie / platform operator,Admin/operator,Open navigation,true,true,true,true,false,true,Small mobile tap targets detected.
/operations?workspace=platform&view=calendar&section=students,Students,Super Admin,Platform,Calendar,Students,page,private,Shloimie / platform operator,Admin/operator,Open navigation,true,true,true,true,false,true,Small mobile tap targets detected.
/operations?workspace=platform&view=calendar&section=provider,Provider,Super Admin,Platform,Calendar,Provider,page,private,Shloimie / platform operator,Admin/operator,Open navigation,true,true,true,true,false,true,Small mobile tap targets detected.
/operations?workspace=platform&view=calendar&section=google_sync,Google Sync,Super Admin,Platform,Calendar,Google Sync,page,private,Shloimie / platform operator,Admin/operator,Open navigation,true,true,true,true,false,true,Small mobile tap targets detected.
/operations?workspace=platform&view=calendar&section=settings,Settings,Super Admin,Platform,Calendar,Settings,settings,private,Shloimie / platform operator,Admin/operator,Open navigation,true,true,true,true,true,true,Small mobile tap targets detected.
/operations?workspace=platform&view=service_providers&section=overview,Overview,Super Admin,Platform,Service Providers,Overview,dashboard,private,Shloimie / platform operator,Admin/operator,Open navigation,true,true,true,true,false,true,Small mobile tap targets detected.
/operations?workspace=platform&view=service_providers&section=directory,Directory,Super Admin,Platform,Service Providers,Directory,page,private,Shloimie / platform operator,Admin/operator,Open navigation,true,true,true,true,false,true,Small mobile tap targets detected.
/operations?workspace=platform&view=service_providers&section=workspaces,Workspaces,Super Admin,Platform,Service Providers,Workspaces,page,private,Shloimie / platform operator,Admin/operator,Open navigation,true,true,true,true,false,true,Small mobile tap targets detected.
/operations?workspace=platform&view=service_providers&section=commercial,Commercial,Super Admin,Platform,Service Providers,Commercial,page,private,Shloimie / platform operator,Admin/operator,Open navigation,true,true,true,true,false,true,Small mobile tap targets detected.
/operations?workspace=platform&view=service_providers&section=plans,Plans,Super Admin,Platform,Service Providers,Plans,page,private,Shloimie / platform operator,Admin/operator,Open navigation,true,true,true,true,false,true,Small mobile tap targets detected.
/operations?workspace=platform&view=service_providers&section=onboarding,Onboarding,Super Admin,Platform,Service Providers,Onboarding,page,private,Shloimie / platform operator,Admin/operator,Open navigation,true,true,true,true,false,true,Small mobile tap targets detected.
/operations?workspace=platform&view=service_providers&section=access_checklist,Access Checklist,Super Admin,Platform,Service Providers,Access Checklist,page,private,Shloimie / platform operator,Admin/operator,Open navigation,true,true,true,true,false,true,Small mobile tap targets detected.
/operations?workspace=platform&view=service_providers&section=integration_audit,Integration Audit,Super Admin,Platform,Service Providers,Integration Audit,page,private,Shloimie / platform operator,Admin/operator,Open navigation,true,true,true,true,false,true,Small mobile tap targets detected.
/operations?workspace=platform&view=service_providers&section=communities,Communities,Super Admin,Platform,Service Providers,Communities,page,private,Shloimie / platform operator,Admin/operator,Open navigation,true,true,true,true,false,true,Small mobile tap targets detected.
/operations?workspace=platform&view=service_providers&section=content,Content,Super Admin,Platform,Service Providers,Content,page,private,Shloimie / platform operator,Admin/operator,Open navigation,true,true,true,true,false,true,Small mobile tap targets detected.
/operations?workspace=platform&view=service_providers&section=marketing,Marketing,Super Admin,Platform,Service Providers,Marketing,page,private,Shloimie / platform operator,Admin/operator,Open navigation,true,true,true,true,false,true,Small mobile tap targets detected.
/operations?workspace=platform&view=service_providers&section=leads,Leads,Super Admin,Platform,Service Providers,Leads,page,private,Shloimie / platform operator,Admin/operator,Open navigation,true,true,true,true,false,true,Small mobile tap targets detected.
/operations?workspace=platform&view=service_providers&section=communications,Communications,Super Admin,Platform,Service Providers,Communications,page,private,Shloimie / platform operator,Admin/operator,Open navigation,true,true,true,true,false,true,Small mobile tap targets detected.
/operations?workspace=platform&view=service_providers&section=settings,Settings,Super Admin,Platform,Service Providers,Settings,settings,private,Shloimie / platform operator,Admin/operator,Open navigation,true,true,true,true,true,true,Small mobile tap targets detected.
/operations?workspace=platform&view=communications&section=overview,Overview,Super Admin,Platform,Communications,Overview,dashboard,private,Shloimie / platform operator,Admin/operator,Open navigation,true,true,true,true,true,true,Too many card-like panels. Small mobile tap targets detected.
/operations?workspace=platform&view=communications&section=parents,Parents,Super Admin,Platform,Communications,Parents,page,private,Shloimie / platform operator,Admin/operator,Open navigation,true,true,true,true,false,true,Small mobile tap targets detected.
/operations?workspace=platform&view=communications&section=students,Students,Super Admin,Platform,Communications,Students,page,private,Shloimie / platform operator,Admin/operator,Open navigation,true,true,true,true,false,true,Small mobile tap targets detected.
/operations?workspace=platform&view=communications&section=providers,Providers,Super Admin,Platform,Communications,Providers,page,private,Shloimie / platform operator,Admin/operator,Open navigation,true,true,true,true,false,true,Small mobile tap targets detected.
/operations?workspace=platform&view=communications&section=internal,Internal,Super Admin,Platform,Communications,Internal,page,private,Shloimie / platform operator,Admin/operator,Open navigation,true,true,true,true,false,true,Small mobile tap targets detected.
/operations?workspace=platform&view=communications&section=whatsapp,Whatsapp,Super Admin,Platform,Communications,Whatsapp,page,private,Shloimie / platform operator,Admin/operator,Open navigation,true,true,true,true,false,true,Small mobile tap targets detected.
/operations?workspace=platform&view=communications&section=email,Email,Super Admin,Platform,Communications,Email,page,private,Shloimie / platform operator,Admin/operator,Open navigation,true,true,true,true,false,true,Too many card-like panels. Small mobile tap targets detected.
/operations?workspace=platform&view=communications&section=bots,Bots,Super Admin,Platform,Communications,Bots,page,private,Shloimie / platform operator,Admin/operator,Open navigation,true,true,true,true,true,true,Small mobile tap targets detected.
/operations?workspace=platform&view=communications&section=templates,Templates,Super Admin,Platform,Communications,Templates,page,private,Shloimie / platform operator,Admin/operator,Open navigation,true,true,true,true,false,true,Small mobile tap targets detected.
/operations?workspace=platform&view=communications&section=settings,Settings,Super Admin,Platform,Communications,Settings,settings,private,Shloimie / platform operator,Admin/operator,Open navigation,true,true,true,true,true,true,Small mobile tap targets detected.
/operations?workspace=platform&view=internal_dialogue&section=overview,Overview,Super Admin,Platform,Internal Dialogue,Overview,dashboard,private,Shloimie / platform operator,Admin/operator,Open navigation,true,true,true,true,true,true,Small mobile tap targets detected.
/operations?workspace=platform&view=internal_dialogue&section=shloimie_rabbi,Shloimie Rabbi,Super Admin,Platform,Internal Dialogue,Shloimie Rabbi,page,private,Shloimie / platform operator,Admin/operator,Open navigation,true,true,true,true,false,true,Small mobile tap targets detected.
/operations?workspace=platform&view=internal_dialogue&section=meeting_notes,Meeting Notes,Super Admin,Platform,Internal Dialogue,Meeting Notes,page,private,Shloimie / platform operator,Admin/operator,Open navigation,true,true,true,true,false,true,Small mobile tap targets detected.
/operations?workspace=platform&view=internal_dialogue&section=uploads,Uploads,Super Admin,Platform,Internal Dialogue,Uploads,page,private,Shloimie / platform operator,Admin/operator,Open navigation,true,true,true,true,false,true,Small mobile tap targets detected.
/operations?workspace=platform&view=internal_dialogue&section=decisions,Decisions,Super Admin,Platform,Internal Dialogue,Decisions,page,private,Shloimie / platform operator,Admin/operator,Open navigation,true,true,true,true,false,true,Small mobile tap targets detected.
/operations?workspace=platform&view=internal_dialogue&section=support,Support,Super Admin,Platform,Internal Dialogue,Support,page,private,Shloimie / platform operator,Admin/operator,Open navigation,true,true,true,true,false,true,Small mobile tap targets detected.
/operations?workspace=platform&view=internal_dialogue&section=activity,Activity,Super Admin,Platform,Internal Dialogue,Activity,page,private,Shloimie / platform operator,Admin/operator,Open navigation,true,true,true,true,false,true,Small mobile tap targets detected.
/operations?workspace=platform&view=accounting&section=overview,Overview,Super Admin,Platform,Accounting,Overview,dashboard,private,Shloimie / platform operator,Admin/operator,Open navigation,true,true,true,true,true,true,Small mobile tap targets detected.
/operations?workspace=platform&view=accounting&section=payments,Payments,Super Admin,Platform,Accounting,Payments,page,private,Shloimie / platform operator,Admin/operator,Open navigation,true,true,true,true,true,true,Small mobile tap targets detected.
/operations?workspace=platform&view=accounting&section=open,Open,Super Admin,Platform,Accounting,Open,page,private,Shloimie / platform operator,Admin/operator,Open navigation,true,true,true,true,true,true,Small mobile tap targets detected.
/operations?workspace=platform&view=accounting&section=paid,Paid,Super Admin,Platform,Accounting,Paid,page,private,Shloimie / platform operator,Admin/operator,Open navigation,true,true,true,true,true,true,Small mobile tap targets detected.
/operations?workspace=platform&view=accounting&section=needs_signup,Needs Signup,Super Admin,Platform,Accounting,Needs Signup,page,private,Shloimie / platform operator,Admin/operator,Open navigation,true,true,true,true,true,true,Small mobile tap targets detected.
/operations?workspace=platform&view=accounting&section=exceptions,Exceptions,Super Admin,Platform,Accounting,Exceptions,page,private,Shloimie / platform operator,Admin/operator,Open navigation,true,true,true,true,true,true,Small mobile tap targets detected.
/operations?workspace=platform&view=api_usage&section=overview,Overview,Super Admin,Platform,Api Usage,Overview,dashboard,private,Shloimie / platform operator,Admin/operator,Open navigation,true,true,true,true,true,true,Small mobile tap targets detected.
/operations?workspace=platform&view=api_usage&section=workspace,Workspace,Super Admin,Platform,Api Usage,Workspace,page,private,Shloimie / platform operator,Admin/operator,Open navigation,true,true,true,true,true,true,Small mobile tap targets detected.
/operations?workspace=platform&view=api_usage&section=parent,Parent,Super Admin,Platform,Api Usage,Parent,page,private,Shloimie / platform operator,Admin/operator,Open navigation,true,true,true,true,true,true,Small mobile tap targets detected.
/operations?workspace=platform&view=api_usage&section=student,Student,Super Admin,Platform,Api Usage,Student,page,private,Shloimie / platform operator,Admin/operator,Open navigation,true,true,true,true,true,true,Small mobile tap targets detected.
/operations?workspace=platform&view=api_usage&section=provider,Provider,Super Admin,Platform,Api Usage,Provider,page,private,Shloimie / platform operator,Admin/operator,Open navigation,true,true,true,true,true,true,Small mobile tap targets detected.
/operations?workspace=platform&view=api_usage&section=bot,Bot,Super Admin,Platform,Api Usage,Bot,page,private,Shloimie / platform operator,Admin/operator,Open navigation,true,true,true,true,true,true,Small mobile tap targets detected.
/operations?workspace=platform&view=api_usage&section=errors,Errors,Super Admin,Platform,Api Usage,Errors,page,private,Shloimie / platform operator,Admin/operator,Open navigation,true,true,true,true,true,true,No major automated issue detected; manual designer review still required.
/operations?workspace=platform&view=api_usage&section=budgets,Budgets,Super Admin,Platform,Api Usage,Budgets,page,private,Shloimie / platform operator,Admin/operator,Open navigation,true,true,true,true,true,true,Small mobile tap targets detected.
/operations?workspace=platform&view=api_usage&section=settings,Settings,Super Admin,Platform,Api Usage,Settings,settings,private,Shloimie / platform operator,Admin/operator,Open navigation,true,true,true,true,true,true,Small mobile tap targets detected.
/operations?workspace=platform&view=admin&section=overview,Overview,Super Admin,Platform,Admin,Overview,dashboard,private,Shloimie / platform operator,Admin/operator,Open navigation,true,true,true,true,false,true,Small mobile tap targets detected.
/operations?workspace=platform&view=admin&section=users,Users,Super Admin,Platform,Admin,Users,page,private,Shloimie / platform operator,Admin/operator,Open navigation,true,true,true,true,false,true,Small mobile tap targets detected.
/operations?workspace=platform&view=admin&section=roles,Roles,Super Admin,Platform,Admin,Roles,page,private,Shloimie / platform operator,Admin/operator,Open navigation,true,true,true,true,false,true,Small mobile tap targets detected.
/operations?workspace=platform&view=admin&section=workspaces,Workspaces,Super Admin,Platform,Admin,Workspaces,page,private,Shloimie / platform operator,Admin/operator,Open navigation,true,true,true,true,false,true,Small mobile tap targets detected.
/operations?workspace=platform&view=admin&section=invitations,Invitations,Super Admin,Platform,Admin,Invitations,page,private,Shloimie / platform operator,Admin/operator,Open navigation,true,true,true,true,false,true,Small mobile tap targets detected.
/operations?workspace=platform&view=admin&section=tickets,Tickets,Super Admin,Platform,Admin,Tickets,page,private,Shloimie / platform operator,Admin/operator,Open navigation,true,true,true,true,false,true,Small mobile tap targets detected.
/operations?workspace=platform&view=admin&section=messages,Messages,Super Admin,Platform,Admin,Messages,page,private,Shloimie / platform operator,Admin/operator,Open navigation,true,true,true,true,false,true,Small mobile tap targets detected.
/operations?workspace=platform&view=admin&section=settings,Settings,Super Admin,Platform,Admin,Settings,settings,private,Shloimie / platform operator,Admin/operator,Open navigation,true,true,true,true,true,true,Small mobile tap targets detected.
/operations?workspace=platform&view=settings&section=profile,Profile,Super Admin,Platform,Settings,Profile,settings,private,Shloimie / platform operator,Admin/operator,Open navigation,true,true,true,true,true,true,No major automated issue detected; manual designer review still required.
/operations?workspace=platform&view=settings&section=workspace,Workspace,Super Admin,Platform,Settings,Workspace,settings,private,Shloimie / platform operator,Admin/operator,Open navigation,true,true,true,true,true,true,Small mobile tap targets detected.
/operations?workspace=platform&view=settings&section=branding,Branding,Super Admin,Platform,Settings,Branding,settings,private,Shloimie / platform operator,Admin/operator,Open navigation,true,true,true,true,true,true,No major automated issue detected; manual designer review still required.
/operations?workspace=platform&view=settings&section=language,Language,Super Admin,Platform,Settings,Language,settings,private,Shloimie / platform operator,Admin/operator,Open navigation,true,true,true,true,true,true,No major automated issue detected; manual designer review still required.
/operations?workspace=platform&view=settings&section=users_roles,Users Roles,Super Admin,Platform,Settings,Users Roles,settings,private,Shloimie / platform operator,Admin/operator,Open navigation,true,true,true,true,true,true,Small mobile tap targets detected.
/operations?workspace=platform&view=settings&section=email_identities,Email Identities,Super Admin,Platform,Settings,Email Identities,settings,private,Shloimie / platform operator,Admin/operator,Open navigation,true,true,true,true,true,true,Small mobile tap targets detected.
/operations?workspace=platform&view=settings&section=whatsapp,Whatsapp,Super Admin,Platform,Settings,Whatsapp,settings,private,Shloimie / platform operator,Admin/operator,Open navigation,true,true,true,true,true,true,Small mobile tap targets detected.
/operations?workspace=platform&view=settings&section=social_accounts,Social Accounts,Super Admin,Platform,Settings,Social Accounts,settings,private,Shloimie / platform operator,Admin/operator,Open navigation,true,true,true,true,true,true,Small mobile tap targets detected.
/operations?workspace=platform&view=settings&section=calendar,Calendar,Super Admin,Platform,Settings,Calendar,settings,private,Shloimie / platform operator,Admin/operator,Open navigation,true,true,true,true,true,true,Small mobile tap targets detected.
/operations?workspace=platform&view=settings&section=google_classroom,Google Classroom,Super Admin,Platform,Settings,Google Classroom,settings,private,Shloimie / platform operator,Admin/operator,Open navigation,true,true,true,true,true,true,Small mobile tap targets detected.
/operations?workspace=platform&view=settings&section=parent_portal,Parent Portal,Super Admin,Platform,Settings,Parent Portal,settings,private,Shloimie / platform operator,Admin/operator,Open navigation,true,true,true,true,true,true,Small mobile tap targets detected.
/operations?workspace=platform&view=settings&section=student_portal,Student Portal,Super Admin,Platform,Settings,Student Portal,settings,private,Shloimie / platform operator,Admin/operator,Open navigation,true,true,true,true,true,true,Small mobile tap targets detected.
/operations?workspace=platform&view=settings&section=provider_portal,Provider Portal,Super Admin,Platform,Settings,Provider Portal,settings,private,Shloimie / platform operator,Admin/operator,Open navigation,true,true,true,true,true,true,Small mobile tap targets detected.
/operations?workspace=platform&view=settings&section=provider_index,Provider Index,Super Admin,Platform,Settings,Provider Index,settings,private,Shloimie / platform operator,Admin/operator,Open navigation,true,true,true,true,true,true,Small mobile tap targets detected.
/operations?workspace=platform&view=settings&section=provider_plans,Provider Plans,Super Admin,Platform,Settings,Provider Plans,settings,private,Shloimie / platform operator,Admin/operator,Open navigation,true,true,true,true,true,true,Small mobile tap targets detected.
/operations?workspace=platform&view=settings&section=provider_entitlements,Provider Entitlements,Super Admin,Platform,Settings,Provider Entitlements,settings,private,Shloimie / platform operator,Admin/operator,Open navigation,true,true,true,true,true,true,Small mobile tap targets detected.
/operations?workspace=platform&view=settings&section=provider_onboarding,Provider Onboarding,Super Admin,Platform,Settings,Provider Onboarding,settings,private,Shloimie / platform operator,Admin/operator,Open navigation,true,true,true,true,true,true,Small mobile tap targets detected.
/operations?workspace=platform&view=settings&section=commercial_models,Commercial Models,Super Admin,Platform,Settings,Commercial Models,settings,private,Shloimie / platform operator,Admin/operator,Open navigation,true,true,true,true,true,true,Small mobile tap targets detected.
/operations?workspace=platform&view=settings&section=bot_permissions,Bot Permissions,Super Admin,Platform,Settings,Bot Permissions,settings,private,Shloimie / platform operator,Admin/operator,Open navigation,true,true,true,true,true,true,Small mobile tap targets detected.
/operations?workspace=platform&view=settings&section=api_limits,Api Limits,Super Admin,Platform,Settings,Api Limits,settings,private,Shloimie / platform operator,Admin/operator,Open navigation,true,true,true,true,true,true,Small mobile tap targets detected.
/operations?workspace=platform&view=settings&section=communications,Communications,Super Admin,Platform,Settings,Communications,settings,private,Shloimie / platform operator,Admin/operator,Open navigation,true,true,true,true,true,true,Small mobile tap targets detected.
/operations?workspace=platform&view=settings&section=integrations,Integrations,Super Admin,Platform,Settings,Integrations,settings,private,Shloimie / platform operator,Admin/operator,Open navigation,true,true,true,true,true,true,Too many card-like panels. Too much not-configured/placeholder language. Small mobile tap targets detected.
/operations?workspace=platform&view=settings&section=payment_links,Payment Links,Super Admin,Platform,Settings,Payment Links,settings,private,Shloimie / platform operator,Admin/operator,Open navigation,true,true,true,true,true,true,Small mobile tap targets detected.
/operations?workspace=platform&view=settings&section=external_apps,External Apps,Super Admin,Platform,Settings,External Apps,settings,private,Shloimie / platform operator,Admin/operator,Open navigation,true,true,true,true,true,true,Small mobile tap targets detected.
/operations?workspace=platform&view=settings&section=billing,Billing,Super Admin,Platform,Settings,Billing,settings,private,Shloimie / platform operator,Admin/operator,Open navigation,true,true,true,true,true,true,Small mobile tap targets detected.
/operations?workspace=platform&view=settings&section=automations,Automations,Super Admin,Platform,Settings,Automations,settings,private,Shloimie / platform operator,Admin/operator,Open navigation,true,true,true,true,true,true,Small mobile tap targets detected.
/operations?workspace=platform&view=settings&section=danger,Danger,Super Admin,Platform,Settings,Danger,settings,private,Shloimie / platform operator,Admin/operator,Open navigation,true,true,true,true,true,true,Small mobile tap targets detected.
/operations?workspace=bna&view=dashboard&section=overview,Overview,BNA Admin,BNA School Workspace,Dashboard,Overview,dashboard,private,BNA school admin,Admin/operator,Open navigation,true,true,true,true,true,true,Small mobile tap targets detected.
/operations?workspace=bna&view=dashboard&section=activity,Activity,BNA Admin,BNA School Workspace,Dashboard,Activity,page,private,BNA school admin,Admin/operator,Open navigation,true,true,true,true,false,true,No major automated issue detected; manual designer review still required.
/operations?workspace=bna&view=dashboard&section=alerts,Alerts,BNA Admin,BNA School Workspace,Dashboard,Alerts,page,private,BNA school admin,Admin/operator,Open navigation,true,true,true,true,true,true,No major automated issue detected; manual designer review still required.
/operations?workspace=bna&view=dashboard&section=today,Today,BNA Admin,BNA School Workspace,Dashboard,Today,page,private,BNA school admin,Admin/operator,Open navigation,true,true,true,true,false,true,No major automated issue detected; manual designer review still required.
/operations?workspace=bna&view=dashboard&section=updates,Updates,BNA Admin,BNA School Workspace,Dashboard,Updates,page,private,BNA school admin,Admin/operator,Open navigation,true,true,true,true,false,true,Small mobile tap targets detected.
/operations?workspace=bna&view=pipelines&section=overview,Overview,BNA Admin,BNA School Workspace,Pipelines,Overview,dashboard,private,BNA school admin,Admin/operator,Open navigation,true,true,true,true,true,true,No major automated issue detected; manual designer review still required.
/operations?workspace=bna&view=pipelines&section=bna_enrollment,Bna Enrollment,BNA Admin,BNA School Workspace,Pipelines,Bna Enrollment,page,private,BNA school admin,Admin/operator,Open navigation,true,true,true,true,true,true,Small mobile tap targets detected.
/operations?workspace=bna&view=pipelines&section=provider_class,Provider Class,BNA Admin,BNA School Workspace,Pipelines,Provider Class,page,private,BNA school admin,Admin/operator,Open navigation,true,true,true,true,true,true,Small mobile tap targets detected.
/operations?workspace=bna&view=pipelines&section=provider_onboarding,Provider Onboarding,BNA Admin,BNA School Workspace,Pipelines,Provider Onboarding,page,private,BNA school admin,Admin/operator,Open navigation,true,true,true,true,true,true,Small mobile tap targets detected.
/operations?workspace=bna&view=pipelines&section=participants,Participants,BNA Admin,BNA School Workspace,Pipelines,Participants,page,private,BNA school admin,Admin/operator,Open navigation,true,true,true,true,true,true,Small mobile tap targets detected.
/operations?workspace=bna&view=pipelines&section=stale_tasks,Stale Tasks,BNA Admin,BNA School Workspace,Pipelines,Stale Tasks,page,private,BNA school admin,Admin/operator,Open navigation,true,true,true,true,true,true,Small mobile tap targets detected.
/operations?workspace=bna&view=pipelines&section=decisions,Decisions,BNA Admin,BNA School Workspace,Pipelines,Decisions,page,private,BNA school admin,Admin/operator,Open navigation,true,true,true,true,true,true,Small mobile tap targets detected.
/operations?workspace=bna&view=tasks&section=overview,Overview,BNA Admin,BNA School Workspace,Tasks,Overview,dashboard,private,BNA school admin,Admin/operator,Open navigation,true,true,true,true,false,true,No major automated issue detected; manual designer review still required.
/operations?workspace=bna&view=tasks&section=decisions,Decisions,BNA Admin,BNA School Workspace,Tasks,Decisions,page,private,BNA school admin,Admin/operator,Open navigation,true,true,true,true,false,true,No major automated issue detected; manual designer review still required.
/operations?workspace=bna&view=tasks&section=mine,Mine,BNA Admin,BNA School Workspace,Tasks,Mine,page,private,BNA school admin,Admin/operator,Open navigation,true,true,true,true,false,true,No major automated issue detected; manual designer review still required.
/operations?workspace=bna&view=tasks&section=schedule,Schedule,BNA Admin,BNA School Workspace,Tasks,Schedule,page,private,BNA school admin,Admin/operator,Open navigation,true,true,true,true,false,true,No major automated issue detected; manual designer review still required.
/operations?workspace=bna&view=tasks&section=research,Research,BNA Admin,BNA School Workspace,Tasks,Research,page,private,BNA school admin,Admin/operator,Open navigation,true,true,true,true,false,true,No major automated issue detected; manual designer review still required.
/operations?workspace=bna&view=tasks&section=changelog,Changelog,BNA Admin,BNA School Workspace,Tasks,Changelog,page,private,BNA school admin,Admin/operator,Open navigation,true,true,true,true,false,true,No major automated issue detected; manual designer review still required.
/operations?workspace=bna&view=tasks&section=done,Done,BNA Admin,BNA School Workspace,Tasks,Done,page,private,BNA school admin,Admin/operator,Open navigation,true,true,true,true,false,true,No major automated issue detected; manual designer review still required.
/operations?workspace=bna&view=students&section=overview,Overview,BNA Admin,BNA School Workspace,Students,Overview,dashboard,private,BNA school admin,Admin/operator,Open navigation,true,true,true,true,false,true,No major automated issue detected; manual designer review still required.
/operations?workspace=bna&view=students&section=list,List,BNA Admin,BNA School Workspace,Students,List,page,private,BNA school admin,Admin/operator,Open navigation,true,true,true,true,false,true,Small mobile tap targets detected.
/operations?workspace=bna&view=students&section=group_goal,Group Goal,BNA Admin,BNA School Workspace,Students,Group Goal,page,private,BNA school admin,Admin/operator,Open navigation,true,true,true,true,true,true,Small mobile tap targets detected.
/operations?workspace=bna&view=students&section=goal_board,Goal Board,BNA Admin,BNA School Workspace,Students,Goal Board,page,private,BNA school admin,Admin/operator,Open navigation,true,true,true,true,true,true,No major automated issue detected; manual designer review still required.
/operations?workspace=bna&view=students&section=assignments&student=643,Assignments,BNA Admin,BNA School Workspace,Students,Assignments,page,private,BNA school admin,Admin/operator,Open navigation,true,true,true,true,true,true,Small mobile tap targets detected.
/operations?workspace=bna&view=students&section=questions,Questions,BNA Admin,BNA School Workspace,Students,Questions,page,private,BNA school admin,Admin/operator,Open navigation,true,true,true,true,true,true,Small mobile tap targets detected.
/operations?workspace=bna&view=students&section=documents,Documents,BNA Admin,BNA School Workspace,Students,Documents,page,private,BNA school admin,Admin/operator,Open navigation,true,true,true,true,true,true,Small mobile tap targets detected.
/operations?workspace=bna&view=students&section=portal_links,Portal Links,BNA Admin,BNA School Workspace,Students,Portal Links,page,private,BNA school admin,Admin/operator,Open navigation,true,true,true,true,true,true,Small mobile tap targets detected.
/operations?workspace=bna&view=students&section=tablet_access,Tablet Access,BNA Admin,BNA School Workspace,Students,Tablet Access,page,private,BNA school admin,Admin/operator,Open navigation,true,true,true,true,true,true,Small mobile tap targets detected.
/operations?workspace=bna&view=students&section=profile,Profile,BNA Admin,BNA School Workspace,Students,Profile,detail,private,BNA school admin,Admin/operator,Open navigation,true,true,true,true,true,true,Small mobile tap targets detected.
/operations?workspace=bna&view=students&section=parent_family,Parent Family,BNA Admin,BNA School Workspace,Students,Parent Family,page,private,BNA school admin,Admin/operator,Open navigation,true,true,true,true,true,true,Small mobile tap targets detected.
/operations?workspace=bna&view=students&section=analysis,Analysis,BNA Admin,BNA School Workspace,Students,Analysis,page,private,BNA school admin,Admin/operator,Open navigation,true,true,true,true,true,true,No major automated issue detected; manual designer review still required.
/operations?workspace=bna&view=students&section=meetings,Meetings,BNA Admin,BNA School Workspace,Students,Meetings,page,private,BNA school admin,Admin/operator,Open navigation,true,true,true,true,true,true,Small mobile tap targets detected.
/operations?workspace=bna&view=students&section=bot_settings,Bot Settings,BNA Admin,BNA School Workspace,Students,Bot Settings,settings,private,BNA school admin,Admin/operator,Open navigation,true,true,true,true,true,true,Small mobile tap targets detected.
/operations?workspace=bna&view=students&section=activity,Activity,BNA Admin,BNA School Workspace,Students,Activity,page,private,BNA school admin,Admin/operator,Open navigation,true,true,true,true,true,true,No major automated issue detected; manual designer review still required.
/operations?workspace=bna&view=students&section=next_year_login,Next Year Login,BNA Admin,BNA School Workspace,Students,Next Year Login,login,private,BNA school admin,Admin/operator,Open navigation,true,true,true,true,false,true,Small mobile tap targets detected.
/operations?workspace=bna&view=contacts&section=overview,Overview,BNA Admin,BNA School Workspace,Contacts,Overview,dashboard,private,BNA school admin,Admin/operator,Open navigation,true,true,true,true,false,true,Too many card-like panels. Small mobile tap targets detected.
/operations?workspace=bna&view=contacts&section=interested_parents,Interested Parents,BNA Admin,BNA School Workspace,Contacts,Interested Parents,page,private,BNA school admin,Admin/operator,Open navigation,true,true,true,true,false,true,Small mobile tap targets detected.
/operations?workspace=bna&view=contacts&section=parents,Parents,BNA Admin,BNA School Workspace,Contacts,Parents,page,private,BNA school admin,Admin/operator,Open navigation,true,true,true,true,false,true,Too many card-like panels. Small mobile tap targets detected.
/operations?workspace=bna&view=contacts&section=people,People,BNA Admin,BNA School Workspace,Contacts,People,page,private,BNA school admin,Admin/operator,Open navigation,true,true,true,true,false,true,Too many card-like panels. Small mobile tap targets detected.
/operations?workspace=bna&view=contacts&section=contacts,Contacts,BNA Admin,BNA School Workspace,Contacts,Contacts,page,private,BNA school admin,Admin/operator,Open navigation,true,true,true,true,false,true,Too many card-like panels. Small mobile tap targets detected.
/operations?workspace=bna&view=contacts&section=notes,Notes,BNA Admin,BNA School Workspace,Contacts,Notes,page,private,BNA school admin,Admin/operator,Open navigation,true,true,true,true,false,true,Too many card-like panels. Small mobile tap targets detected.
/operations?workspace=bna&view=contacts&section=students,Students,BNA Admin,BNA School Workspace,Contacts,Students,page,private,BNA school admin,Admin/operator,Open navigation,true,true,true,true,false,true,Too many card-like panels. Small mobile tap targets detected.
/operations?workspace=bna&view=contacts&section=intake,Intake,BNA Admin,BNA School Workspace,Contacts,Intake,page,private,BNA school admin,Admin/operator,Open navigation,true,true,true,true,false,true,Too many card-like panels. Small mobile tap targets detected.
/operations?workspace=bna&view=contacts&section=follow_up,Follow Up,BNA Admin,BNA School Workspace,Contacts,Follow Up,page,private,BNA school admin,Admin/operator,Open navigation,true,true,true,true,false,true,Too many card-like panels. Small mobile tap targets detected.
/operations?workspace=bna&view=contacts&section=tags,Tags,BNA Admin,BNA School Workspace,Contacts,Tags,page,private,BNA school admin,Admin/operator,Open navigation,true,true,true,true,false,true,Too many card-like panels. Small mobile tap targets detected.
/operations?workspace=bna&view=content&section=library,Library,BNA Admin,BNA School Workspace,Content,Library,page,private,BNA school admin,Admin/operator,Newsletter 1,true,true,true,true,false,true,Too many visible actions.
/operations?workspace=bna&view=content&section=meetings,Meetings,BNA Admin,BNA School Workspace,Content,Meetings,page,private,BNA school admin,Admin/operator,Newsletter 1,true,true,true,true,false,true,No major automated issue detected; manual designer review still required.
/operations?workspace=bna&view=content&section=research,Research,BNA Admin,BNA School Workspace,Content,Research,page,private,BNA school admin,Admin/operator,Newsletter 1,true,true,true,true,false,true,Too many visible actions.
/operations?workspace=bna&view=content&section=selected,Selected,BNA Admin,BNA School Workspace,Content,Selected,page,private,BNA school admin,Admin/operator,Newsletter 1,true,true,true,true,false,true,No major automated issue detected; manual designer review still required.
/operations?workspace=bna&view=content&section=repurpose,Repurpose,BNA Admin,BNA School Workspace,Content,Repurpose,page,private,BNA school admin,Admin/operator,Newsletter 1,true,true,true,true,false,true,Too many visible actions.
/operations?workspace=bna&view=content&section=newsletter,Newsletter,BNA Admin,BNA School Workspace,Content,Newsletter,page,private,BNA school admin,Admin/operator,Newsletter 1,true,true,true,true,false,true,No major automated issue detected; manual designer review still required.
/operations?workspace=bna&view=content&section=prompts,Prompts,BNA Admin,BNA School Workspace,Content,Prompts,page,private,BNA school admin,Admin/operator,Newsletter 1,true,true,true,true,false,true,Too many visible actions.
/operations?workspace=bna&view=content&section=bundles,Bundles,BNA Admin,BNA School Workspace,Content,Bundles,page,private,BNA school admin,Admin/operator,Newsletter 1,true,true,true,true,false,true,No major automated issue detected; manual designer review still required.
/operations?workspace=bna&view=calendar&section=overview,Overview,BNA Admin,BNA School Workspace,Calendar,Overview,dashboard,private,BNA school admin,Admin/operator,Open navigation,true,true,true,true,false,true,No major automated issue detected; manual designer review still required.
/operations?workspace=bna&view=calendar&section=week,Week,BNA Admin,BNA School Workspace,Calendar,Week,page,private,BNA school admin,Admin/operator,Open navigation,true,true,true,true,false,true,No major automated issue detected; manual designer review still required.
/operations?workspace=bna&view=calendar&section=month,Month,BNA Admin,BNA School Workspace,Calendar,Month,page,private,BNA school admin,Admin/operator,Open navigation,true,true,true,true,false,true,No major automated issue detected; manual designer review still required.
/operations?workspace=bna&view=calendar&section=classes,Classes,BNA Admin,BNA School Workspace,Calendar,Classes,page,private,BNA school admin,Admin/operator,Open navigation,true,true,true,true,false,true,Small mobile tap targets detected.
/operations?workspace=bna&view=calendar&section=students,Students,BNA Admin,BNA School Workspace,Calendar,Students,page,private,BNA school admin,Admin/operator,Open navigation,true,true,true,true,false,true,Small mobile tap targets detected.
/operations?workspace=bna&view=calendar&section=provider,Provider,BNA Admin,BNA School Workspace,Calendar,Provider,page,private,BNA school admin,Admin/operator,Open navigation,true,true,true,true,false,true,Small mobile tap targets detected.
/operations?workspace=bna&view=calendar&section=google_sync,Google Sync,BNA Admin,BNA School Workspace,Calendar,Google Sync,page,private,BNA school admin,Admin/operator,Open navigation,true,true,true,true,false,true,Small mobile tap targets detected.
/operations?workspace=bna&view=calendar&section=settings,Settings,BNA Admin,BNA School Workspace,Calendar,Settings,settings,private,BNA school admin,Admin/operator,Open navigation,true,true,true,true,true,true,Small mobile tap targets detected.
/operations?workspace=bna&view=service_providers&section=overview,Overview,BNA Admin,BNA School Workspace,Service Providers,Overview,dashboard,private,BNA school admin,Admin/operator,Open navigation,true,true,true,true,false,true,Small mobile tap targets detected.
/operations?workspace=bna&view=service_providers&section=directory,Directory,BNA Admin,BNA School Workspace,Service Providers,Directory,page,private,BNA school admin,Admin/operator,Open navigation,true,true,true,true,false,true,Small mobile tap targets detected.
/operations?workspace=bna&view=service_providers&section=workspaces,Workspaces,BNA Admin,BNA School Workspace,Service Providers,Workspaces,page,private,BNA school admin,Admin/operator,Open navigation,true,true,true,true,false,true,Small mobile tap targets detected.
/operations?workspace=bna&view=service_providers&section=commercial,Commercial,BNA Admin,BNA School Workspace,Service Providers,Commercial,page,private,BNA school admin,Admin/operator,Open navigation,true,true,true,true,false,true,Small mobile tap targets detected.
/operations?workspace=bna&view=service_providers&section=plans,Plans,BNA Admin,BNA School Workspace,Service Providers,Plans,page,private,BNA school admin,Admin/operator,Open navigation,true,true,true,true,false,true,Small mobile tap targets detected.
/operations?workspace=bna&view=service_providers&section=onboarding,Onboarding,BNA Admin,BNA School Workspace,Service Providers,Onboarding,page,private,BNA school admin,Admin/operator,Open navigation,true,true,true,true,false,true,Small mobile tap targets detected.
/operations?workspace=bna&view=service_providers&section=access_checklist,Access Checklist,BNA Admin,BNA School Workspace,Service Providers,Access Checklist,page,private,BNA school admin,Admin/operator,Open navigation,true,true,true,true,false,true,Small mobile tap targets detected.
/operations?workspace=bna&view=service_providers&section=integration_audit,Integration Audit,BNA Admin,BNA School Workspace,Service Providers,Integration Audit,page,private,BNA school admin,Admin/operator,Open navigation,true,true,true,true,false,true,Small mobile tap targets detected.
/operations?workspace=bna&view=service_providers&section=communities,Communities,BNA Admin,BNA School Workspace,Service Providers,Communities,page,private,BNA school admin,Admin/operator,Open navigation,true,true,true,true,false,true,Small mobile tap targets detected.
/operations?workspace=bna&view=service_providers&section=content,Content,BNA Admin,BNA School Workspace,Service Providers,Content,page,private,BNA school admin,Admin/operator,Open navigation,true,true,true,true,false,true,Small mobile tap targets detected.
/operations?workspace=bna&view=service_providers&section=marketing,Marketing,BNA Admin,BNA School Workspace,Service Providers,Marketing,page,private,BNA school admin,Admin/operator,Open navigation,true,true,true,true,false,true,Small mobile tap targets detected.
/operations?workspace=bna&view=service_providers&section=leads,Leads,BNA Admin,BNA School Workspace,Service Providers,Leads,page,private,BNA school admin,Admin/operator,Open navigation,true,true,true,true,false,true,Small mobile tap targets detected.
/operations?workspace=bna&view=service_providers&section=communications,Communications,BNA Admin,BNA School Workspace,Service Providers,Communications,page,private,BNA school admin,Admin/operator,Open navigation,true,true,true,true,false,true,Small mobile tap targets detected.
/operations?workspace=bna&view=service_providers&section=settings,Settings,BNA Admin,BNA School Workspace,Service Providers,Settings,settings,private,BNA school admin,Admin/operator,Open navigation,true,true,true,true,true,true,Small mobile tap targets detected.
/operations?workspace=bna&view=communications&section=overview,Overview,BNA Admin,BNA School Workspace,Communications,Overview,dashboard,private,BNA school admin,Admin/operator,Open navigation,true,true,true,true,true,true,Too many card-like panels. Small mobile tap targets detected.
/operations?workspace=bna&view=communications&section=parents,Parents,BNA Admin,BNA School Workspace,Communications,Parents,page,private,BNA school admin,Admin/operator,Open navigation,true,true,true,true,false,true,Small mobile tap targets detected.
/operations?workspace=bna&view=communications&section=students,Students,BNA Admin,BNA School Workspace,Communications,Students,page,private,BNA school admin,Admin/operator,Open navigation,true,true,true,true,false,true,Small mobile tap targets detected.
/operations?workspace=bna&view=communications&section=providers,Providers,BNA Admin,BNA School Workspace,Communications,Providers,page,private,BNA school admin,Admin/operator,Open navigation,true,true,true,true,false,true,Small mobile tap targets detected.
/operations?workspace=bna&view=communications&section=internal,Internal,BNA Admin,BNA School Workspace,Communications,Internal,page,private,BNA school admin,Admin/operator,Open navigation,true,true,true,true,false,true,Small mobile tap targets detected.
/operations?workspace=bna&view=communications&section=whatsapp,Whatsapp,BNA Admin,BNA School Workspace,Communications,Whatsapp,page,private,BNA school admin,Admin/operator,Open navigation,true,true,true,true,false,true,Small mobile tap targets detected.
/operations?workspace=bna&view=communications&section=email,Email,BNA Admin,BNA School Workspace,Communications,Email,page,private,BNA school admin,Admin/operator,Open navigation,true,true,true,true,false,true,Too many card-like panels. Small mobile tap targets detected.
/operations?workspace=bna&view=communications&section=bots,Bots,BNA Admin,BNA School Workspace,Communications,Bots,page,private,BNA school admin,Admin/operator,Open navigation,true,true,true,true,true,true,Small mobile tap targets detected.
/operations?workspace=bna&view=communications&section=templates,Templates,BNA Admin,BNA School Workspace,Communications,Templates,page,private,BNA school admin,Admin/operator,Open navigation,true,true,true,true,false,true,Small mobile tap targets detected.
/operations?workspace=bna&view=communications&section=settings,Settings,BNA Admin,BNA School Workspace,Communications,Settings,settings,private,BNA school admin,Admin/operator,Open navigation,true,true,true,true,true,true,Small mobile tap targets detected.
/operations?workspace=bna&view=internal_dialogue&section=overview,Overview,BNA Admin,BNA School Workspace,Internal Dialogue,Overview,dashboard,private,BNA school admin,Admin/operator,Open navigation,true,true,true,true,true,true,Small mobile tap targets detected.
/operations?workspace=bna&view=internal_dialogue&section=shloimie_rabbi,Shloimie Rabbi,BNA Admin,BNA School Workspace,Internal Dialogue,Shloimie Rabbi,page,private,BNA school admin,Admin/operator,Open navigation,true,true,true,true,true,true,Small mobile tap targets detected.
/operations?workspace=bna&view=internal_dialogue&section=meeting_notes,Meeting Notes,BNA Admin,BNA School Workspace,Internal Dialogue,Meeting Notes,page,private,BNA school admin,Admin/operator,Open navigation,true,true,true,true,true,true,Small mobile tap targets detected.
/operations?workspace=bna&view=internal_dialogue&section=uploads,Uploads,BNA Admin,BNA School Workspace,Internal Dialogue,Uploads,page,private,BNA school admin,Admin/operator,Open navigation,true,true,true,true,true,true,Small mobile tap targets detected.
/operations?workspace=bna&view=internal_dialogue&section=decisions,Decisions,BNA Admin,BNA School Workspace,Internal Dialogue,Decisions,page,private,BNA school admin,Admin/operator,Open navigation,true,true,true,true,true,true,Small mobile tap targets detected.
/operations?workspace=bna&view=internal_dialogue&section=support,Support,BNA Admin,BNA School Workspace,Internal Dialogue,Support,page,private,BNA school admin,Admin/operator,Open navigation,true,true,true,true,true,true,Small mobile tap targets detected.
/operations?workspace=bna&view=internal_dialogue&section=activity,Activity,BNA Admin,BNA School Workspace,Internal Dialogue,Activity,page,private,BNA school admin,Admin/operator,Open navigation,true,true,true,true,false,true,No major automated issue detected; manual designer review still required.
/operations?workspace=bna&view=accounting&section=overview,Overview,BNA Admin,BNA School Workspace,Accounting,Overview,dashboard,private,BNA school admin,Admin/operator,Open navigation,true,true,true,true,false,true,Small mobile tap targets detected.
/operations?workspace=bna&view=accounting&section=payments,Payments,BNA Admin,BNA School Workspace,Accounting,Payments,page,private,BNA school admin,Admin/operator,Open navigation,true,true,true,true,false,true,Small mobile tap targets detected.
/operations?workspace=bna&view=accounting&section=open,Open,BNA Admin,BNA School Workspace,Accounting,Open,page,private,BNA school admin,Admin/operator,Open navigation,true,true,true,true,false,true,Small mobile tap targets detected.
/operations?workspace=bna&view=accounting&section=paid,Paid,BNA Admin,BNA School Workspace,Accounting,Paid,page,private,BNA school admin,Admin/operator,Open navigation,true,true,true,true,false,true,No major automated issue detected; manual designer review still required.
/operations?workspace=bna&view=accounting&section=needs_signup,Needs Signup,BNA Admin,BNA School Workspace,Accounting,Needs Signup,page,private,BNA school admin,Admin/operator,Open navigation,true,true,true,true,false,true,Small mobile tap targets detected.
/operations?workspace=bna&view=accounting&section=exceptions,Exceptions,BNA Admin,BNA School Workspace,Accounting,Exceptions,page,private,BNA school admin,Admin/operator,Open navigation,true,true,true,true,false,true,Small mobile tap targets detected.
/operations?workspace=bna&view=api_usage&section=overview,Overview,BNA Admin,BNA School Workspace,Api Usage,Overview,dashboard,private,BNA school admin,Admin/operator,Open navigation,true,true,true,true,true,true,No major automated issue detected; manual designer review still required.
/operations?workspace=bna&view=api_usage&section=workspace,Workspace,BNA Admin,BNA School Workspace,Api Usage,Workspace,page,private,BNA school admin,Admin/operator,Open navigation,true,true,true,true,true,true,Small mobile tap targets detected.
/operations?workspace=bna&view=api_usage&section=parent,Parent,BNA Admin,BNA School Workspace,Api Usage,Parent,page,private,BNA school admin,Admin/operator,Open navigation,true,true,true,true,true,true,Small mobile tap targets detected.
/operations?workspace=bna&view=api_usage&section=student,Student,BNA Admin,BNA School Workspace,Api Usage,Student,page,private,BNA school admin,Admin/operator,Open navigation,true,true,true,true,true,true,Small mobile tap targets detected.
/operations?workspace=bna&view=api_usage&section=provider,Provider,BNA Admin,BNA School Workspace,Api Usage,Provider,page,private,BNA school admin,Admin/operator,Open navigation,true,true,true,true,true,true,Small mobile tap targets detected.
/operations?workspace=bna&view=api_usage&section=bot,Bot,BNA Admin,BNA School Workspace,Api Usage,Bot,page,private,BNA school admin,Admin/operator,Open navigation,true,true,true,true,true,true,Small mobile tap targets detected.
/operations?workspace=bna&view=api_usage&section=errors,Errors,BNA Admin,BNA School Workspace,Api Usage,Errors,page,private,BNA school admin,Admin/operator,Open navigation,true,true,true,true,true,true,No major automated issue detected; manual designer review still required.
/operations?workspace=bna&view=api_usage&section=budgets,Budgets,BNA Admin,BNA School Workspace,Api Usage,Budgets,page,private,BNA school admin,Admin/operator,Open navigation,true,true,true,true,true,true,Small mobile tap targets detected.
/operations?workspace=bna&view=api_usage&section=settings,Settings,BNA Admin,BNA School Workspace,Api Usage,Settings,settings,private,BNA school admin,Admin/operator,Open navigation,true,true,true,true,true,true,Small mobile tap targets detected.
/operations?workspace=bna&view=admin&section=overview,Overview,BNA Admin,BNA School Workspace,Admin,Overview,dashboard,private,BNA school admin,Admin/operator,Open navigation,true,true,true,true,true,true,Small mobile tap targets detected.
/operations?workspace=bna&view=admin&section=users,Users,BNA Admin,BNA School Workspace,Admin,Users,page,private,BNA school admin,Admin/operator,Open navigation,true,true,true,true,true,true,Small mobile tap targets detected.
/operations?workspace=bna&view=admin&section=roles,Roles,BNA Admin,BNA School Workspace,Admin,Roles,page,private,BNA school admin,Admin/operator,Open navigation,true,true,true,true,true,true,Small mobile tap targets detected.
/operations?workspace=bna&view=admin&section=workspaces,Workspaces,BNA Admin,BNA School Workspace,Admin,Workspaces,page,private,BNA school admin,Admin/operator,Open navigation,true,true,true,true,true,true,Small mobile tap targets detected.
/operations?workspace=bna&view=admin&section=invitations,Invitations,BNA Admin,BNA School Workspace,Admin,Invitations,page,private,BNA school admin,Admin/operator,Open navigation,true,true,true,true,true,true,Small mobile tap targets detected.
/operations?workspace=bna&view=admin&section=tickets,Tickets,BNA Admin,BNA School Workspace,Admin,Tickets,page,private,BNA school admin,Admin/operator,Open navigation,true,true,true,true,true,true,Small mobile tap targets detected.
/operations?workspace=bna&view=admin&section=messages,Messages,BNA Admin,BNA School Workspace,Admin,Messages,page,private,BNA school admin,Admin/operator,Open navigation,true,true,true,true,true,true,Small mobile tap targets detected.
/operations?workspace=bna&view=admin&section=settings,Settings,BNA Admin,BNA School Workspace,Admin,Settings,settings,private,BNA school admin,Admin/operator,Open navigation,true,true,true,true,true,true,Small mobile tap targets detected.
/operations?workspace=bna&view=settings&section=profile,Profile,BNA Admin,BNA School Workspace,Settings,Profile,settings,private,BNA school admin,Admin/operator,Open navigation,true,true,true,true,true,true,No major automated issue detected; manual designer review still required.
/operations?workspace=bna&view=settings&section=workspace,Workspace,BNA Admin,BNA School Workspace,Settings,Workspace,settings,private,BNA school admin,Admin/operator,Open navigation,true,true,true,true,true,true,Small mobile tap targets detected.
/operations?workspace=bna&view=settings&section=branding,Branding,BNA Admin,BNA School Workspace,Settings,Branding,settings,private,BNA school admin,Admin/operator,Open navigation,true,true,true,true,true,true,No major automated issue detected; manual designer review still required.
/operations?workspace=bna&view=settings&section=language,Language,BNA Admin,BNA School Workspace,Settings,Language,settings,private,BNA school admin,Admin/operator,Open navigation,true,true,true,true,true,true,No major automated issue detected; manual designer review still required.
/operations?workspace=bna&view=settings&section=users_roles,Users Roles,BNA Admin,BNA School Workspace,Settings,Users Roles,settings,private,BNA school admin,Admin/operator,Open navigation,true,true,true,true,true,true,Small mobile tap targets detected.
/operations?workspace=bna&view=settings&section=email_identities,Email Identities,BNA Admin,BNA School Workspace,Settings,Email Identities,settings,private,BNA school admin,Admin/operator,Open navigation,true,true,true,true,true,true,Small mobile tap targets detected.
/operations?workspace=bna&view=settings&section=whatsapp,Whatsapp,BNA Admin,BNA School Workspace,Settings,Whatsapp,settings,private,BNA school admin,Admin/operator,Open navigation,true,true,true,true,true,true,Small mobile tap targets detected.
/operations?workspace=bna&view=settings&section=social_accounts,Social Accounts,BNA Admin,BNA School Workspace,Settings,Social Accounts,settings,private,BNA school admin,Admin/operator,Open navigation,true,true,true,true,true,true,Small mobile tap targets detected.
/operations?workspace=bna&view=settings&section=calendar,Calendar,BNA Admin,BNA School Workspace,Settings,Calendar,settings,private,BNA school admin,Admin/operator,Open navigation,true,true,true,true,true,true,Small mobile tap targets detected.
/operations?workspace=bna&view=settings&section=google_classroom,Google Classroom,BNA Admin,BNA School Workspace,Settings,Google Classroom,settings,private,BNA school admin,Admin/operator,Open navigation,true,true,true,true,true,true,Small mobile tap targets detected.
/operations?workspace=bna&view=settings&section=parent_portal,Parent Portal,BNA Admin,BNA School Workspace,Settings,Parent Portal,settings,private,BNA school admin,Admin/operator,Open navigation,true,true,true,true,true,true,Small mobile tap targets detected.
/operations?workspace=bna&view=settings&section=student_portal,Student Portal,BNA Admin,BNA School Workspace,Settings,Student Portal,settings,private,BNA school admin,Admin/operator,Open navigation,true,true,true,true,true,true,Small mobile tap targets detected.
/operations?workspace=bna&view=settings&section=provider_portal,Provider Portal,BNA Admin,BNA School Workspace,Settings,Provider Portal,settings,private,BNA school admin,Admin/operator,Open navigation,true,true,true,true,true,true,Small mobile tap targets detected.
/operations?workspace=bna&view=settings&section=provider_index,Provider Index,BNA Admin,BNA School Workspace,Settings,Provider Index,settings,private,BNA school admin,Admin/operator,Open navigation,true,true,true,true,true,true,Small mobile tap targets detected.
/operations?workspace=bna&view=settings&section=provider_plans,Provider Plans,BNA Admin,BNA School Workspace,Settings,Provider Plans,settings,private,BNA school admin,Admin/operator,Open navigation,true,true,true,true,true,true,Small mobile tap targets detected.
/operations?workspace=bna&view=settings&section=provider_entitlements,Provider Entitlements,BNA Admin,BNA School Workspace,Settings,Provider Entitlements,settings,private,BNA school admin,Admin/operator,Open navigation,true,true,true,true,true,true,Small mobile tap targets detected.
/operations?workspace=bna&view=settings&section=provider_onboarding,Provider Onboarding,BNA Admin,BNA School Workspace,Settings,Provider Onboarding,settings,private,BNA school admin,Admin/operator,Open navigation,true,true,true,true,true,true,Small mobile tap targets detected.
/operations?workspace=bna&view=settings&section=commercial_models,Commercial Models,BNA Admin,BNA School Workspace,Settings,Commercial Models,settings,private,BNA school admin,Admin/operator,Open navigation,true,true,true,true,true,true,Small mobile tap targets detected.
/operations?workspace=bna&view=settings&section=bot_permissions,Bot Permissions,BNA Admin,BNA School Workspace,Settings,Bot Permissions,settings,private,BNA school admin,Admin/operator,Open navigation,true,true,true,true,true,true,Small mobile tap targets detected.
/operations?workspace=bna&view=settings&section=api_limits,Api Limits,BNA Admin,BNA School Workspace,Settings,Api Limits,settings,private,BNA school admin,Admin/operator,Open navigation,true,true,true,true,true,true,Small mobile tap targets detected.
/operations?workspace=bna&view=settings&section=communications,Communications,BNA Admin,BNA School Workspace,Settings,Communications,settings,private,BNA school admin,Admin/operator,Open navigation,true,true,true,true,true,true,Small mobile tap targets detected.
/operations?workspace=bna&view=settings&section=integrations,Integrations,BNA Admin,BNA School Workspace,Settings,Integrations,settings,private,BNA school admin,Admin/operator,Open navigation,true,true,true,true,true,true,Too much not-configured/placeholder language. Small mobile tap targets detected.
/operations?workspace=bna&view=settings&section=payment_links,Payment Links,BNA Admin,BNA School Workspace,Settings,Payment Links,settings,private,BNA school admin,Admin/operator,Open navigation,true,true,true,true,true,true,Small mobile tap targets detected.
/operations?workspace=bna&view=settings&section=external_apps,External Apps,BNA Admin,BNA School Workspace,Settings,External Apps,settings,private,BNA school admin,Admin/operator,Open navigation,true,true,true,true,true,true,Small mobile tap targets detected.
/operations?workspace=bna&view=settings&section=billing,Billing,BNA Admin,BNA School Workspace,Settings,Billing,settings,private,BNA school admin,Admin/operator,Open navigation,true,true,true,true,true,true,Small mobile tap targets detected.
/operations?workspace=bna&view=settings&section=automations,Automations,BNA Admin,BNA School Workspace,Settings,Automations,settings,private,BNA school admin,Admin/operator,Open navigation,true,true,true,true,true,true,Small mobile tap targets detected.
/operations?workspace=bna&view=settings&section=danger,Danger,BNA Admin,BNA School Workspace,Settings,Danger,settings,private,BNA school admin,Admin/operator,Open navigation,true,true,true,true,true,true,Small mobile tap targets detected.
/operations?workspace=rabbi_sheller_provider&view=dashboard&section=overview,Overview,Provider Admin,Rabbi Sheller Provider Workspace,Dashboard,Overview,dashboard,private,Provider admin,Admin/operator,Open navigation,true,true,true,true,true,true,Small mobile tap targets detected.
/operations?workspace=rabbi_sheller_provider&view=dashboard&section=activity,Activity,Provider Admin,Rabbi Sheller Provider Workspace,Dashboard,Activity,page,private,Provider admin,Admin/operator,Open navigation,true,true,true,true,false,true,Small mobile tap targets detected.
/operations?workspace=rabbi_sheller_provider&view=dashboard&section=alerts,Alerts,Provider Admin,Rabbi Sheller Provider Workspace,Dashboard,Alerts,page,private,Provider admin,Admin/operator,Open navigation,true,true,true,true,true,true,Small mobile tap targets detected.
/operations?workspace=rabbi_sheller_provider&view=dashboard&section=today,Today,Provider Admin,Rabbi Sheller Provider Workspace,Dashboard,Today,page,private,Provider admin,Admin/operator,Open navigation,true,true,true,true,false,true,Small mobile tap targets detected.
/operations?workspace=rabbi_sheller_provider&view=dashboard&section=updates,Updates,Provider Admin,Rabbi Sheller Provider Workspace,Dashboard,Updates,page,private,Provider admin,Admin/operator,Open navigation,true,true,true,true,false,true,Small mobile tap targets detected.
/operations?workspace=rabbi_sheller_provider&view=pipelines&section=overview,Overview,Provider Admin,Rabbi Sheller Provider Workspace,Pipelines,Overview,dashboard,private,Provider admin,Admin/operator,Open navigation,true,true,true,true,true,true,Small mobile tap targets detected.
/operations?workspace=rabbi_sheller_provider&view=pipelines&section=bna_enrollment,Bna Enrollment,Provider Admin,Rabbi Sheller Provider Workspace,Pipelines,Bna Enrollment,page,private,Provider admin,Admin/operator,Open navigation,true,true,true,true,true,true,Small mobile tap targets detected.
/operations?workspace=rabbi_sheller_provider&view=pipelines&section=provider_class,Provider Class,Provider Admin,Rabbi Sheller Provider Workspace,Pipelines,Provider Class,page,private,Provider admin,Admin/operator,Open navigation,true,true,true,true,true,true,Small mobile tap targets detected.
/operations?workspace=rabbi_sheller_provider&view=pipelines&section=provider_onboarding,Provider Onboarding,Provider Admin,Rabbi Sheller Provider Workspace,Pipelines,Provider Onboarding,page,private,Provider admin,Admin/operator,Open navigation,true,true,true,true,true,true,Small mobile tap targets detected.
/operations?workspace=rabbi_sheller_provider&view=pipelines&section=participants,Participants,Provider Admin,Rabbi Sheller Provider Workspace,Pipelines,Participants,page,private,Provider admin,Admin/operator,Open navigation,true,true,true,true,true,true,Small mobile tap targets detected.
/operations?workspace=rabbi_sheller_provider&view=pipelines&section=stale_tasks,Stale Tasks,Provider Admin,Rabbi Sheller Provider Workspace,Pipelines,Stale Tasks,page,private,Provider admin,Admin/operator,Open navigation,true,true,true,true,true,true,Small mobile tap targets detected.
/operations?workspace=rabbi_sheller_provider&view=pipelines&section=decisions,Decisions,Provider Admin,Rabbi Sheller Provider Workspace,Pipelines,Decisions,page,private,Provider admin,Admin/operator,Open navigation,true,true,true,true,true,true,Small mobile tap targets detected.
/operations?workspace=rabbi_sheller_provider&view=tasks&section=overview,Overview,Provider Admin,Rabbi Sheller Provider Workspace,Tasks,Overview,dashboard,private,Provider admin,Admin/operator,Open navigation,true,true,true,true,false,true,Small mobile tap targets detected.
/operations?workspace=rabbi_sheller_provider&view=tasks&section=decisions,Decisions,Provider Admin,Rabbi Sheller Provider Workspace,Tasks,Decisions,page,private,Provider admin,Admin/operator,Open navigation,true,true,true,true,false,true,Small mobile tap targets detected.
/operations?workspace=rabbi_sheller_provider&view=tasks&section=mine,Mine,Provider Admin,Rabbi Sheller Provider Workspace,Tasks,Mine,page,private,Provider admin,Admin/operator,Open navigation,true,true,true,true,false,true,Small mobile tap targets detected.
/operations?workspace=rabbi_sheller_provider&view=tasks&section=schedule,Schedule,Provider Admin,Rabbi Sheller Provider Workspace,Tasks,Schedule,page,private,Provider admin,Admin/operator,Open navigation,true,true,true,true,false,true,Small mobile tap targets detected.
/operations?workspace=rabbi_sheller_provider&view=tasks&section=research,Research,Provider Admin,Rabbi Sheller Provider Workspace,Tasks,Research,page,private,Provider admin,Admin/operator,Open navigation,true,true,true,true,false,true,Small mobile tap targets detected.
/operations?workspace=rabbi_sheller_provider&view=tasks&section=changelog,Changelog,Provider Admin,Rabbi Sheller Provider Workspace,Tasks,Changelog,page,private,Provider admin,Admin/operator,Open navigation,true,true,true,true,false,true,Small mobile tap targets detected.
/operations?workspace=rabbi_sheller_provider&view=tasks&section=done,Done,Provider Admin,Rabbi Sheller Provider Workspace,Tasks,Done,page,private,Provider admin,Admin/operator,Open navigation,true,true,true,true,false,true,Small mobile tap targets detected.
/operations?workspace=rabbi_sheller_provider&view=students&section=overview,Overview,Provider Admin,Rabbi Sheller Provider Workspace,Students,Overview,dashboard,private,Provider admin,Admin/operator,Open navigation,true,true,true,true,true,true,Small mobile tap targets detected.
/operations?workspace=rabbi_sheller_provider&view=students&section=list,List,Provider Admin,Rabbi Sheller Provider Workspace,Students,List,page,private,Provider admin,Admin/operator,Open navigation,true,true,true,true,true,true,Small mobile tap targets detected.
/operations?workspace=rabbi_sheller_provider&view=students&section=group_goal,Group Goal,Provider Admin,Rabbi Sheller Provider Workspace,Students,Group Goal,page,private,Provider admin,Admin/operator,Open navigation,true,true,true,true,true,true,Small mobile tap targets detected.
/operations?workspace=rabbi_sheller_provider&view=students&section=goal_board,Goal Board,Provider Admin,Rabbi Sheller Provider Workspace,Students,Goal Board,page,private,Provider admin,Admin/operator,Open navigation,true,true,true,true,true,true,Small mobile tap targets detected.
/operations?workspace=rabbi_sheller_provider&view=students&section=assignments,Assignments,Provider Admin,Rabbi Sheller Provider Workspace,Students,Assignments,page,private,Provider admin,Admin/operator,Open navigation,true,true,true,true,true,true,Small mobile tap targets detected.
/operations?workspace=rabbi_sheller_provider&view=students&section=questions,Questions,Provider Admin,Rabbi Sheller Provider Workspace,Students,Questions,page,private,Provider admin,Admin/operator,Open navigation,true,true,true,true,true,true,Small mobile tap targets detected.
/operations?workspace=rabbi_sheller_provider&view=students&section=documents,Documents,Provider Admin,Rabbi Sheller Provider Workspace,Students,Documents,page,private,Provider admin,Admin/operator,Open navigation,true,true,true,true,true,true,Small mobile tap targets detected.
/operations?workspace=rabbi_sheller_provider&view=students&section=portal_links,Portal Links,Provider Admin,Rabbi Sheller Provider Workspace,Students,Portal Links,page,private,Provider admin,Admin/operator,Open navigation,true,true,true,true,true,true,Small mobile tap targets detected.
/operations?workspace=rabbi_sheller_provider&view=students&section=tablet_access,Tablet Access,Provider Admin,Rabbi Sheller Provider Workspace,Students,Tablet Access,page,private,Provider admin,Admin/operator,Open navigation,true,true,true,true,true,true,Small mobile tap targets detected.
/operations?workspace=rabbi_sheller_provider&view=students&section=profile,Profile,Provider Admin,Rabbi Sheller Provider Workspace,Students,Profile,detail,private,Provider admin,Admin/operator,Open navigation,true,true,true,true,true,true,Small mobile tap targets detected.
/operations?workspace=rabbi_sheller_provider&view=students&section=parent_family,Parent Family,Provider Admin,Rabbi Sheller Provider Workspace,Students,Parent Family,page,private,Provider admin,Admin/operator,Open navigation,true,true,true,true,true,true,Small mobile tap targets detected.
/operations?workspace=rabbi_sheller_provider&view=students&section=analysis,Analysis,Provider Admin,Rabbi Sheller Provider Workspace,Students,Analysis,page,private,Provider admin,Admin/operator,Open navigation,true,true,true,true,true,true,Small mobile tap targets detected.
/operations?workspace=rabbi_sheller_provider&view=students&section=meetings,Meetings,Provider Admin,Rabbi Sheller Provider Workspace,Students,Meetings,page,private,Provider admin,Admin/operator,Open navigation,true,true,true,true,true,true,Small mobile tap targets detected.
/operations?workspace=rabbi_sheller_provider&view=students&section=bot_settings,Bot Settings,Provider Admin,Rabbi Sheller Provider Workspace,Students,Bot Settings,settings,private,Provider admin,Admin/operator,Open navigation,true,true,true,true,true,true,Small mobile tap targets detected.
/operations?workspace=rabbi_sheller_provider&view=students&section=activity,Activity,Provider Admin,Rabbi Sheller Provider Workspace,Students,Activity,page,private,Provider admin,Admin/operator,Open navigation,true,true,true,true,false,true,Small mobile tap targets detected.
/operations?workspace=rabbi_sheller_provider&view=students&section=next_year_login,Next Year Login,Provider Admin,Rabbi Sheller Provider Workspace,Students,Next Year Login,login,private,Provider admin,Admin/operator,Open navigation,true,true,true,true,true,true,Small mobile tap targets detected.
/operations?workspace=rabbi_sheller_provider&view=contacts&section=overview,Overview,Provider Admin,Rabbi Sheller Provider Workspace,Contacts,Overview,dashboard,private,Provider admin,Admin/operator,Open navigation,true,true,true,true,true,true,Small mobile tap targets detected.
/operations?workspace=rabbi_sheller_provider&view=contacts&section=interested_parents,Interested Parents,Provider Admin,Rabbi Sheller Provider Workspace,Contacts,Interested Parents,page,private,Provider admin,Admin/operator,Open navigation,true,true,true,true,true,true,Small mobile tap targets detected.
/operations?workspace=rabbi_sheller_provider&view=contacts&section=parents,Parents,Provider Admin,Rabbi Sheller Provider Workspace,Contacts,Parents,page,private,Provider admin,Admin/operator,Open navigation,true,true,true,true,true,true,Small mobile tap targets detected.
/operations?workspace=rabbi_sheller_provider&view=contacts&section=people,People,Provider Admin,Rabbi Sheller Provider Workspace,Contacts,People,page,private,Provider admin,Admin/operator,Open navigation,true,true,true,true,true,true,Small mobile tap targets detected.
/operations?workspace=rabbi_sheller_provider&view=contacts&section=contacts,Contacts,Provider Admin,Rabbi Sheller Provider Workspace,Contacts,Contacts,page,private,Provider admin,Admin/operator,Open navigation,true,true,true,true,true,true,Small mobile tap targets detected.
/operations?workspace=rabbi_sheller_provider&view=contacts&section=notes,Notes,Provider Admin,Rabbi Sheller Provider Workspace,Contacts,Notes,page,private,Provider admin,Admin/operator,Open navigation,true,true,true,true,true,true,Small mobile tap targets detected.
/operations?workspace=rabbi_sheller_provider&view=contacts&section=students,Students,Provider Admin,Rabbi Sheller Provider Workspace,Contacts,Students,page,private,Provider admin,Admin/operator,Open navigation,true,true,true,true,true,true,Small mobile tap targets detected.
/operations?workspace=rabbi_sheller_provider&view=contacts&section=intake,Intake,Provider Admin,Rabbi Sheller Provider Workspace,Contacts,Intake,page,private,Provider admin,Admin/operator,Open navigation,true,true,true,true,true,true,Small mobile tap targets detected.
/operations?workspace=rabbi_sheller_provider&view=contacts&section=follow_up,Follow Up,Provider Admin,Rabbi Sheller Provider Workspace,Contacts,Follow Up,page,private,Provider admin,Admin/operator,Open navigation,true,true,true,true,true,true,Small mobile tap targets detected.
/operations?workspace=rabbi_sheller_provider&view=contacts&section=tags,Tags,Provider Admin,Rabbi Sheller Provider Workspace,Contacts,Tags,page,private,Provider admin,Admin/operator,Open navigation,true,true,true,true,true,true,Small mobile tap targets detected.
/operations?workspace=rabbi_sheller_provider&view=content&section=library,Library,Provider Admin,Rabbi Sheller Provider Workspace,Content,Library,page,private,Provider admin,Admin/operator,Newsletter 1,true,true,true,true,false,true,Too many visible actions.
/operations?workspace=rabbi_sheller_provider&view=content&section=meetings,Meetings,Provider Admin,Rabbi Sheller Provider Workspace,Content,Meetings,page,private,Provider admin,Admin/operator,Newsletter 1,true,true,true,true,false,true,No major automated issue detected; manual designer review still required.
/operations?workspace=rabbi_sheller_provider&view=content&section=research,Research,Provider Admin,Rabbi Sheller Provider Workspace,Content,Research,page,private,Provider admin,Admin/operator,Newsletter 1,true,true,true,true,false,true,Too many visible actions.
/operations?workspace=rabbi_sheller_provider&view=content&section=selected,Selected,Provider Admin,Rabbi Sheller Provider Workspace,Content,Selected,page,private,Provider admin,Admin/operator,Newsletter 1,true,true,true,true,false,true,No major automated issue detected; manual designer review still required.
/operations?workspace=rabbi_sheller_provider&view=content&section=repurpose,Repurpose,Provider Admin,Rabbi Sheller Provider Workspace,Content,Repurpose,page,private,Provider admin,Admin/operator,Newsletter 1,true,true,true,true,false,true,Too many visible actions.
/operations?workspace=rabbi_sheller_provider&view=content&section=newsletter,Newsletter,Provider Admin,Rabbi Sheller Provider Workspace,Content,Newsletter,page,private,Provider admin,Admin/operator,Newsletter 1,true,true,true,true,false,true,No major automated issue detected; manual designer review still required.
/operations?workspace=rabbi_sheller_provider&view=content&section=prompts,Prompts,Provider Admin,Rabbi Sheller Provider Workspace,Content,Prompts,page,private,Provider admin,Admin/operator,Newsletter 1,true,true,true,true,false,true,Too many visible actions.
/operations?workspace=rabbi_sheller_provider&view=content&section=bundles,Bundles,Provider Admin,Rabbi Sheller Provider Workspace,Content,Bundles,page,private,Provider admin,Admin/operator,Newsletter 1,true,true,true,true,false,true,No major automated issue detected; manual designer review still required.
/operations?workspace=rabbi_sheller_provider&view=calendar&section=overview,Overview,Provider Admin,Rabbi Sheller Provider Workspace,Calendar,Overview,dashboard,private,Provider admin,Admin/operator,Open navigation,true,true,true,true,false,true,Small mobile tap targets detected.
/operations?workspace=rabbi_sheller_provider&view=calendar&section=week,Week,Provider Admin,Rabbi Sheller Provider Workspace,Calendar,Week,page,private,Provider admin,Admin/operator,Open navigation,true,true,true,true,false,true,Small mobile tap targets detected.
/operations?workspace=rabbi_sheller_provider&view=calendar&section=month,Month,Provider Admin,Rabbi Sheller Provider Workspace,Calendar,Month,page,private,Provider admin,Admin/operator,Open navigation,true,true,true,true,false,true,Small mobile tap targets detected.
/operations?workspace=rabbi_sheller_provider&view=calendar&section=classes,Classes,Provider Admin,Rabbi Sheller Provider Workspace,Calendar,Classes,page,private,Provider admin,Admin/operator,Open navigation,true,true,true,true,true,true,Small mobile tap targets detected.
/operations?workspace=rabbi_sheller_provider&view=calendar&section=students,Students,Provider Admin,Rabbi Sheller Provider Workspace,Calendar,Students,page,private,Provider admin,Admin/operator,Open navigation,true,true,true,true,false,true,Small mobile tap targets detected.
/operations?workspace=rabbi_sheller_provider&view=calendar&section=provider,Provider,Provider Admin,Rabbi Sheller Provider Workspace,Calendar,Provider,page,private,Provider admin,Admin/operator,Open navigation,true,true,true,true,false,true,Small mobile tap targets detected.
/operations?workspace=rabbi_sheller_provider&view=calendar&section=google_sync,Google Sync,Provider Admin,Rabbi Sheller Provider Workspace,Calendar,Google Sync,page,private,Provider admin,Admin/operator,Open navigation,true,true,true,true,false,true,Small mobile tap targets detected.
/operations?workspace=rabbi_sheller_provider&view=calendar&section=settings,Settings,Provider Admin,Rabbi Sheller Provider Workspace,Calendar,Settings,settings,private,Provider admin,Admin/operator,Open navigation,true,true,true,true,true,true,Small mobile tap targets detected.
/operations?workspace=rabbi_sheller_provider&view=service_providers&section=overview,Overview,Provider Admin,Rabbi Sheller Provider Workspace,Service Providers,Overview,dashboard,private,Provider admin,Admin/operator,Open navigation,true,true,true,true,false,true,Small mobile tap targets detected.
/operations?workspace=rabbi_sheller_provider&view=service_providers&section=directory,Directory,Provider Admin,Rabbi Sheller Provider Workspace,Service Providers,Directory,page,private,Provider admin,Admin/operator,Open navigation,true,true,true,true,false,true,Too many card-like panels. Small mobile tap targets detected.
/operations?workspace=rabbi_sheller_provider&view=service_providers&section=workspaces,Workspaces,Provider Admin,Rabbi Sheller Provider Workspace,Service Providers,Workspaces,page,private,Provider admin,Admin/operator,Open navigation,true,true,true,true,true,true,Too many visible actions. Too many card-like panels. Too much not-configured/placeholder language. Small mobile tap targets detected.
/operations?workspace=rabbi_sheller_provider&view=service_providers&section=commercial,Commercial,Provider Admin,Rabbi Sheller Provider Workspace,Service Providers,Commercial,page,private,Provider admin,Admin/operator,Open navigation,true,true,true,true,false,true,Small mobile tap targets detected.
/operations?workspace=rabbi_sheller_provider&view=service_providers&section=plans,Plans,Provider Admin,Rabbi Sheller Provider Workspace,Service Providers,Plans,page,private,Provider admin,Admin/operator,Open navigation,true,true,true,true,false,true,Small mobile tap targets detected.
/operations?workspace=rabbi_sheller_provider&view=service_providers&section=onboarding,Onboarding,Provider Admin,Rabbi Sheller Provider Workspace,Service Providers,Onboarding,page,private,Provider admin,Admin/operator,Open navigation,true,true,true,true,false,true,Small mobile tap targets detected.
/operations?workspace=rabbi_sheller_provider&view=service_providers&section=access_checklist,Access Checklist,Provider Admin,Rabbi Sheller Provider Workspace,Service Providers,Access Checklist,page,private,Provider admin,Admin/operator,Open navigation,true,true,true,true,false,true,Too many card-like panels. Small mobile tap targets detected.
/operations?workspace=rabbi_sheller_provider&view=service_providers&section=integration_audit,Integration Audit,Provider Admin,Rabbi Sheller Provider Workspace,Service Providers,Integration Audit,page,private,Provider admin,Admin/operator,Open navigation,true,true,true,true,false,true,Small mobile tap targets detected.
/operations?workspace=rabbi_sheller_provider&view=service_providers&section=communities,Communities,Provider Admin,Rabbi Sheller Provider Workspace,Service Providers,Communities,page,private,Provider admin,Admin/operator,Open navigation,true,true,true,true,false,true,Small mobile tap targets detected.
/operations?workspace=rabbi_sheller_provider&view=service_providers&section=content,Content,Provider Admin,Rabbi Sheller Provider Workspace,Service Providers,Content,page,private,Provider admin,Admin/operator,Open navigation,true,true,true,true,false,true,Small mobile tap targets detected.
/operations?workspace=rabbi_sheller_provider&view=service_providers&section=marketing,Marketing,Provider Admin,Rabbi Sheller Provider Workspace,Service Providers,Marketing,page,private,Provider admin,Admin/operator,Open navigation,true,true,true,true,false,true,Small mobile tap targets detected.
/operations?workspace=rabbi_sheller_provider&view=service_providers&section=leads,Leads,Provider Admin,Rabbi Sheller Provider Workspace,Service Providers,Leads,page,private,Provider admin,Admin/operator,Open navigation,true,true,true,true,false,true,Small mobile tap targets detected.
/operations?workspace=rabbi_sheller_provider&view=service_providers&section=communications,Communications,Provider Admin,Rabbi Sheller Provider Workspace,Service Providers,Communications,page,private,Provider admin,Admin/operator,Open navigation,true,true,true,true,false,true,Small mobile tap targets detected.
/operations?workspace=rabbi_sheller_provider&view=service_providers&section=settings,Settings,Provider Admin,Rabbi Sheller Provider Workspace,Service Providers,Settings,settings,private,Provider admin,Admin/operator,Open navigation,true,true,true,true,true,true,Small mobile tap targets detected.
/operations?workspace=rabbi_sheller_provider&view=communications&section=overview,Overview,Provider Admin,Rabbi Sheller Provider Workspace,Communications,Overview,dashboard,private,Provider admin,Admin/operator,Open navigation,true,true,true,true,true,true,Too many card-like panels. Small mobile tap targets detected.
/operations?workspace=rabbi_sheller_provider&view=communications&section=parents,Parents,Provider Admin,Rabbi Sheller Provider Workspace,Communications,Parents,page,private,Provider admin,Admin/operator,Open navigation,true,true,true,true,false,true,Too many card-like panels. Small mobile tap targets detected.
/operations?workspace=rabbi_sheller_provider&view=communications&section=students,Students,Provider Admin,Rabbi Sheller Provider Workspace,Communications,Students,page,private,Provider admin,Admin/operator,Open navigation,true,true,true,true,false,true,Small mobile tap targets detected.
/operations?workspace=rabbi_sheller_provider&view=communications&section=providers,Providers,Provider Admin,Rabbi Sheller Provider Workspace,Communications,Providers,page,private,Provider admin,Admin/operator,Open navigation,true,true,true,true,false,true,Small mobile tap targets detected.
/operations?workspace=rabbi_sheller_provider&view=communications&section=internal,Internal,Provider Admin,Rabbi Sheller Provider Workspace,Communications,Internal,page,private,Provider admin,Admin/operator,Open navigation,true,true,true,true,false,true,Small mobile tap targets detected.
/operations?workspace=rabbi_sheller_provider&view=communications&section=whatsapp,Whatsapp,Provider Admin,Rabbi Sheller Provider Workspace,Communications,Whatsapp,page,private,Provider admin,Admin/operator,Open navigation,true,true,true,true,false,true,Small mobile tap targets detected.
/operations?workspace=rabbi_sheller_provider&view=communications&section=email,Email,Provider Admin,Rabbi Sheller Provider Workspace,Communications,Email,page,private,Provider admin,Admin/operator,Open navigation,true,true,true,true,false,true,Too many card-like panels. Small mobile tap targets detected.
/operations?workspace=rabbi_sheller_provider&view=communications&section=bots,Bots,Provider Admin,Rabbi Sheller Provider Workspace,Communications,Bots,page,private,Provider admin,Admin/operator,Open navigation,true,true,true,true,true,true,Small mobile tap targets detected.
/operations?workspace=rabbi_sheller_provider&view=communications&section=templates,Templates,Provider Admin,Rabbi Sheller Provider Workspace,Communications,Templates,page,private,Provider admin,Admin/operator,Open navigation,true,true,true,true,false,true,Small mobile tap targets detected.
/operations?workspace=rabbi_sheller_provider&view=communications&section=settings,Settings,Provider Admin,Rabbi Sheller Provider Workspace,Communications,Settings,settings,private,Provider admin,Admin/operator,Open navigation,true,true,true,true,true,true,Small mobile tap targets detected.
/operations?workspace=rabbi_sheller_provider&view=internal_dialogue&section=overview,Overview,Provider Admin,Rabbi Sheller Provider Workspace,Internal Dialogue,Overview,dashboard,private,Provider admin,Admin/operator,Open navigation,true,true,true,true,true,true,Small mobile tap targets detected.
/operations?workspace=rabbi_sheller_provider&view=internal_dialogue&section=shloimie_rabbi,Shloimie Rabbi,Provider Admin,Rabbi Sheller Provider Workspace,Internal Dialogue,Shloimie Rabbi,page,private,Provider admin,Admin/operator,Open navigation,true,true,true,true,false,true,Small mobile tap targets detected.
/operations?workspace=rabbi_sheller_provider&view=internal_dialogue&section=meeting_notes,Meeting Notes,Provider Admin,Rabbi Sheller Provider Workspace,Internal Dialogue,Meeting Notes,page,private,Provider admin,Admin/operator,Open navigation,true,true,true,true,false,true,Small mobile tap targets detected.
/operations?workspace=rabbi_sheller_provider&view=internal_dialogue&section=uploads,Uploads,Provider Admin,Rabbi Sheller Provider Workspace,Internal Dialogue,Uploads,page,private,Provider admin,Admin/operator,Open navigation,true,true,true,true,false,true,Small mobile tap targets detected.
/operations?workspace=rabbi_sheller_provider&view=internal_dialogue&section=decisions,Decisions,Provider Admin,Rabbi Sheller Provider Workspace,Internal Dialogue,Decisions,page,private,Provider admin,Admin/operator,Open navigation,true,true,true,true,false,true,Small mobile tap targets detected.
/operations?workspace=rabbi_sheller_provider&view=internal_dialogue&section=support,Support,Provider Admin,Rabbi Sheller Provider Workspace,Internal Dialogue,Support,page,private,Provider admin,Admin/operator,Open navigation,true,true,true,true,false,true,Small mobile tap targets detected.
/operations?workspace=rabbi_sheller_provider&view=internal_dialogue&section=activity,Activity,Provider Admin,Rabbi Sheller Provider Workspace,Internal Dialogue,Activity,page,private,Provider admin,Admin/operator,Open navigation,true,true,true,true,false,true,Small mobile tap targets detected.
/operations?workspace=rabbi_sheller_provider&view=accounting&section=overview,Overview,Provider Admin,Rabbi Sheller Provider Workspace,Accounting,Overview,dashboard,private,Provider admin,Admin/operator,Open navigation,true,true,true,true,true,true,Small mobile tap targets detected.
/operations?workspace=rabbi_sheller_provider&view=accounting&section=payments,Payments,Provider Admin,Rabbi Sheller Provider Workspace,Accounting,Payments,page,private,Provider admin,Admin/operator,Open navigation,true,true,true,true,true,true,Small mobile tap targets detected.
/operations?workspace=rabbi_sheller_provider&view=accounting&section=open,Open,Provider Admin,Rabbi Sheller Provider Workspace,Accounting,Open,page,private,Provider admin,Admin/operator,Open navigation,true,true,true,true,true,true,Small mobile tap targets detected.
/operations?workspace=rabbi_sheller_provider&view=accounting&section=paid,Paid,Provider Admin,Rabbi Sheller Provider Workspace,Accounting,Paid,page,private,Provider admin,Admin/operator,Open navigation,true,true,true,true,true,true,Small mobile tap targets detected.
/operations?workspace=rabbi_sheller_provider&view=accounting&section=needs_signup,Needs Signup,Provider Admin,Rabbi Sheller Provider Workspace,Accounting,Needs Signup,page,private,Provider admin,Admin/operator,Open navigation,true,true,true,true,true,true,Small mobile tap targets detected.
/operations?workspace=rabbi_sheller_provider&view=accounting&section=exceptions,Exceptions,Provider Admin,Rabbi Sheller Provider Workspace,Accounting,Exceptions,page,private,Provider admin,Admin/operator,Open navigation,true,true,true,true,true,true,Small mobile tap targets detected.
/operations?workspace=rabbi_sheller_provider&view=api_usage&section=overview,Overview,Provider Admin,Rabbi Sheller Provider Workspace,Api Usage,Overview,dashboard,private,Provider admin,Admin/operator,Open navigation,true,true,true,true,true,true,Small mobile tap targets detected.
/operations?workspace=rabbi_sheller_provider&view=api_usage&section=workspace,Workspace,Provider Admin,Rabbi Sheller Provider Workspace,Api Usage,Workspace,page,private,Provider admin,Admin/operator,Open navigation,true,true,true,true,true,true,Small mobile tap targets detected.
/operations?workspace=rabbi_sheller_provider&view=api_usage&section=parent,Parent,Provider Admin,Rabbi Sheller Provider Workspace,Api Usage,Parent,page,private,Provider admin,Admin/operator,Open navigation,true,true,true,true,true,true,Small mobile tap targets detected.
/operations?workspace=rabbi_sheller_provider&view=api_usage&section=student,Student,Provider Admin,Rabbi Sheller Provider Workspace,Api Usage,Student,page,private,Provider admin,Admin/operator,Open navigation,true,true,true,true,true,true,Small mobile tap targets detected.
/operations?workspace=rabbi_sheller_provider&view=api_usage&section=provider,Provider,Provider Admin,Rabbi Sheller Provider Workspace,Api Usage,Provider,page,private,Provider admin,Admin/operator,Open navigation,true,true,true,true,true,true,Small mobile tap targets detected.
/operations?workspace=rabbi_sheller_provider&view=api_usage&section=bot,Bot,Provider Admin,Rabbi Sheller Provider Workspace,Api Usage,Bot,page,private,Provider admin,Admin/operator,Open navigation,true,true,true,true,true,true,Small mobile tap targets detected.
/operations?workspace=rabbi_sheller_provider&view=api_usage&section=errors,Errors,Provider Admin,Rabbi Sheller Provider Workspace,Api Usage,Errors,page,private,Provider admin,Admin/operator,Open navigation,true,true,true,true,true,true,Small mobile tap targets detected.
/operations?workspace=rabbi_sheller_provider&view=api_usage&section=budgets,Budgets,Provider Admin,Rabbi Sheller Provider Workspace,Api Usage,Budgets,page,private,Provider admin,Admin/operator,Open navigation,true,true,true,true,true,true,Small mobile tap targets detected.
/operations?workspace=rabbi_sheller_provider&view=api_usage&section=settings,Settings,Provider Admin,Rabbi Sheller Provider Workspace,Api Usage,Settings,settings,private,Provider admin,Admin/operator,Open navigation,true,true,true,true,true,true,Small mobile tap targets detected.
/operations?workspace=rabbi_sheller_provider&view=admin&section=overview,Overview,Provider Admin,Rabbi Sheller Provider Workspace,Admin,Overview,dashboard,private,Provider admin,Admin/operator,Open navigation,true,true,true,true,true,true,Small mobile tap targets detected.
/operations?workspace=rabbi_sheller_provider&view=admin&section=users,Users,Provider Admin,Rabbi Sheller Provider Workspace,Admin,Users,page,private,Provider admin,Admin/operator,Open navigation,true,true,true,true,true,true,Small mobile tap targets detected.
/operations?workspace=rabbi_sheller_provider&view=admin&section=roles,Roles,Provider Admin,Rabbi Sheller Provider Workspace,Admin,Roles,page,private,Provider admin,Admin/operator,Open navigation,true,true,true,true,true,true,Small mobile tap targets detected.
/operations?workspace=rabbi_sheller_provider&view=admin&section=workspaces,Workspaces,Provider Admin,Rabbi Sheller Provider Workspace,Admin,Workspaces,page,private,Provider admin,Admin/operator,Open navigation,true,true,true,true,true,true,Small mobile tap targets detected.
/operations?workspace=rabbi_sheller_provider&view=admin&section=invitations,Invitations,Provider Admin,Rabbi Sheller Provider Workspace,Admin,Invitations,page,private,Provider admin,Admin/operator,Open navigation,true,true,true,true,true,true,Small mobile tap targets detected.
/operations?workspace=rabbi_sheller_provider&view=admin&section=tickets,Tickets,Provider Admin,Rabbi Sheller Provider Workspace,Admin,Tickets,page,private,Provider admin,Admin/operator,Open navigation,true,true,true,true,true,true,Small mobile tap targets detected.
/operations?workspace=rabbi_sheller_provider&view=admin&section=messages,Messages,Provider Admin,Rabbi Sheller Provider Workspace,Admin,Messages,page,private,Provider admin,Admin/operator,Open navigation,true,true,true,true,true,true,Small mobile tap targets detected.
/operations?workspace=rabbi_sheller_provider&view=admin&section=settings,Settings,Provider Admin,Rabbi Sheller Provider Workspace,Admin,Settings,settings,private,Provider admin,Admin/operator,Open navigation,true,true,true,true,true,true,Small mobile tap targets detected.
/operations?workspace=rabbi_sheller_provider&view=settings&section=profile,Profile,Provider Admin,Rabbi Sheller Provider Workspace,Settings,Profile,settings,private,Provider admin,Admin/operator,Open navigation,true,true,true,true,true,true,Small mobile tap targets detected.
/operations?workspace=rabbi_sheller_provider&view=settings&section=workspace,Workspace,Provider Admin,Rabbi Sheller Provider Workspace,Settings,Workspace,settings,private,Provider admin,Admin/operator,Open navigation,true,true,true,true,true,true,Small mobile tap targets detected.
/operations?workspace=rabbi_sheller_provider&view=settings&section=branding,Branding,Provider Admin,Rabbi Sheller Provider Workspace,Settings,Branding,settings,private,Provider admin,Admin/operator,Open navigation,true,true,true,true,true,true,Small mobile tap targets detected.
/operations?workspace=rabbi_sheller_provider&view=settings&section=language,Language,Provider Admin,Rabbi Sheller Provider Workspace,Settings,Language,settings,private,Provider admin,Admin/operator,Open navigation,true,true,true,true,true,true,Small mobile tap targets detected.
/operations?workspace=rabbi_sheller_provider&view=settings&section=users_roles,Users Roles,Provider Admin,Rabbi Sheller Provider Workspace,Settings,Users Roles,settings,private,Provider admin,Admin/operator,Open navigation,true,true,true,true,true,true,Small mobile tap targets detected.
/operations?workspace=rabbi_sheller_provider&view=settings&section=email_identities,Email Identities,Provider Admin,Rabbi Sheller Provider Workspace,Settings,Email Identities,settings,private,Provider admin,Admin/operator,Open navigation,true,true,true,true,true,true,Small mobile tap targets detected.
/operations?workspace=rabbi_sheller_provider&view=settings&section=whatsapp,Whatsapp,Provider Admin,Rabbi Sheller Provider Workspace,Settings,Whatsapp,settings,private,Provider admin,Admin/operator,Open navigation,true,true,true,true,true,true,Small mobile tap targets detected.
/operations?workspace=rabbi_sheller_provider&view=settings&section=social_accounts,Social Accounts,Provider Admin,Rabbi Sheller Provider Workspace,Settings,Social Accounts,settings,private,Provider admin,Admin/operator,Open navigation,true,true,true,true,true,true,Small mobile tap targets detected.
/operations?workspace=rabbi_sheller_provider&view=settings&section=calendar,Calendar,Provider Admin,Rabbi Sheller Provider Workspace,Settings,Calendar,settings,private,Provider admin,Admin/operator,Open navigation,true,true,true,true,true,true,Small mobile tap targets detected.
/operations?workspace=rabbi_sheller_provider&view=settings&section=google_classroom,Google Classroom,Provider Admin,Rabbi Sheller Provider Workspace,Settings,Google Classroom,settings,private,Provider admin,Admin/operator,Open navigation,true,true,true,true,true,true,Small mobile tap targets detected.
/operations?workspace=rabbi_sheller_provider&view=settings&section=parent_portal,Parent Portal,Provider Admin,Rabbi Sheller Provider Workspace,Settings,Parent Portal,settings,private,Provider admin,Admin/operator,Open navigation,true,true,true,true,true,true,Small mobile tap targets detected.
/operations?workspace=rabbi_sheller_provider&view=settings&section=student_portal,Student Portal,Provider Admin,Rabbi Sheller Provider Workspace,Settings,Student Portal,settings,private,Provider admin,Admin/operator,Open navigation,true,true,true,true,true,true,Small mobile tap targets detected.
/operations?workspace=rabbi_sheller_provider&view=settings&section=provider_portal,Provider Portal,Provider Admin,Rabbi Sheller Provider Workspace,Settings,Provider Portal,settings,private,Provider admin,Admin/operator,Open navigation,true,true,true,true,true,true,Small mobile tap targets detected.
/operations?workspace=rabbi_sheller_provider&view=settings&section=provider_index,Provider Index,Provider Admin,Rabbi Sheller Provider Workspace,Settings,Provider Index,settings,private,Provider admin,Admin/operator,Open navigation,true,true,true,true,true,true,Small mobile tap targets detected.
/operations?workspace=rabbi_sheller_provider&view=settings&section=provider_plans,Provider Plans,Provider Admin,Rabbi Sheller Provider Workspace,Settings,Provider Plans,settings,private,Provider admin,Admin/operator,Open navigation,true,true,true,true,true,true,Small mobile tap targets detected.
/operations?workspace=rabbi_sheller_provider&view=settings&section=provider_entitlements,Provider Entitlements,Provider Admin,Rabbi Sheller Provider Workspace,Settings,Provider Entitlements,settings,private,Provider admin,Admin/operator,Open navigation,true,true,true,true,true,true,Small mobile tap targets detected.
/operations?workspace=rabbi_sheller_provider&view=settings&section=provider_onboarding,Provider Onboarding,Provider Admin,Rabbi Sheller Provider Workspace,Settings,Provider Onboarding,settings,private,Provider admin,Admin/operator,Open navigation,true,true,true,true,true,true,Small mobile tap targets detected.
/operations?workspace=rabbi_sheller_provider&view=settings&section=commercial_models,Commercial Models,Provider Admin,Rabbi Sheller Provider Workspace,Settings,Commercial Models,settings,private,Provider admin,Admin/operator,Open navigation,true,true,true,true,true,true,Small mobile tap targets detected.
/operations?workspace=rabbi_sheller_provider&view=settings&section=bot_permissions,Bot Permissions,Provider Admin,Rabbi Sheller Provider Workspace,Settings,Bot Permissions,settings,private,Provider admin,Admin/operator,Open navigation,true,true,true,true,true,true,Small mobile tap targets detected.
/operations?workspace=rabbi_sheller_provider&view=settings&section=api_limits,Api Limits,Provider Admin,Rabbi Sheller Provider Workspace,Settings,Api Limits,settings,private,Provider admin,Admin/operator,Open navigation,true,true,true,true,true,true,Small mobile tap targets detected.
/operations?workspace=rabbi_sheller_provider&view=settings&section=communications,Communications,Provider Admin,Rabbi Sheller Provider Workspace,Settings,Communications,settings,private,Provider admin,Admin/operator,Open navigation,true,true,true,true,true,true,Small mobile tap targets detected.
/operations?workspace=rabbi_sheller_provider&view=settings&section=integrations,Integrations,Provider Admin,Rabbi Sheller Provider Workspace,Settings,Integrations,settings,private,Provider admin,Admin/operator,Open navigation,true,true,true,true,true,true,Small mobile tap targets detected.
/operations?workspace=rabbi_sheller_provider&view=settings&section=payment_links,Payment Links,Provider Admin,Rabbi Sheller Provider Workspace,Settings,Payment Links,settings,private,Provider admin,Admin/operator,Open navigation,true,true,true,true,true,true,Small mobile tap targets detected.
/operations?workspace=rabbi_sheller_provider&view=settings&section=external_apps,External Apps,Provider Admin,Rabbi Sheller Provider Workspace,Settings,External Apps,settings,private,Provider admin,Admin/operator,Open navigation,true,true,true,true,true,true,Small mobile tap targets detected.
/operations?workspace=rabbi_sheller_provider&view=settings&section=billing,Billing,Provider Admin,Rabbi Sheller Provider Workspace,Settings,Billing,settings,private,Provider admin,Admin/operator,Open navigation,true,true,true,true,true,true,Small mobile tap targets detected.
/operations?workspace=rabbi_sheller_provider&view=settings&section=automations,Automations,Provider Admin,Rabbi Sheller Provider Workspace,Settings,Automations,settings,private,Provider admin,Admin/operator,Open navigation,true,true,true,true,true,true,Small mobile tap targets detected.
/operations?workspace=rabbi_sheller_provider&view=settings&section=danger,Danger,Provider Admin,Rabbi Sheller Provider Workspace,Settings,Danger,settings,private,Provider admin,Admin/operator,Open navigation,true,true,true,true,true,true,Small mobile tap targets detected.
