Canonical URL,Implementation,Audience,Authentication,Entry point,Back path,Inbound links,Outbound links,Status,Dependencies,Review state,Registry surface,Discovered as
/,public/index.html,public,none,/assistant-setup.html (literal-a-href) | /documents/parent-handbook.html (literal-a-href) | /member-library.html (literal-a-href) | /member.html (literal-a-href) | /one-time (literal-a-href) | /one-time-classroom.html (literal-a-href) | /parent-login.html (literal-a-href) | /parent.html (literal-a-href),/one-time | /parents | /provider | /school,/assistant-setup.html (literal-a-href) | /documents/parent-handbook.html (literal-a-href) | /member-library.html (literal-a-href) | /member.html (literal-a-href) | /one-time (literal-a-href) | /one-time-classroom.html (literal-a-href) | /parent-login.html (literal-a-href) | /parent.html (literal-a-href) | /provider-participant.html (literal-a-href) | /provider.html (literal-a-href) | /rabbi-member.html (literal-a-href) | /rabbi.html (literal-a-href) | /signup-thank-you.html (literal-a-href) | /signup.html (window.location) | /student.html (literal-a-href) | public/manifest.json (manifest:id) | public/manifest.json (manifest:scope) | public/manifest.json (manifest:start_url),/api/torah-learning/public-summary (fetch) | /data/learning-moments.json (fetch) | /he (literal-a-href) | /he/providers (literal-a-href) | /one-time (literal-a-href) | /parent/login (literal-a-href) | /parents (literal-a-href) | /provider (literal-a-href) | /providers/join (literal-a-href) | /school (literal-a-href) | /signup.html (literal-a-href) | /student/login (literal-a-href),keep,local,ready,public_site,html-page | literal-a-href | manifest:id | manifest:scope | manifest:start_url | route-registry | window.location
/api/assistant/action,server.js:70155,internal,protected,direct/server/static,none detected,,,internal-only,local,ready,,server-post
/api/assistant/message,server.js:68904,internal,protected,/assistant-setup.html (fetch) | /signup-he.html (fetch) | /signup.html (fetch),none detected,/assistant-setup.html (fetch) | /signup-he.html (fetch) | /signup.html (fetch),,internal-only,local,ready,,fetch | server-post
/api/assistant/threads,server.js:70055 | server.js:70080,internal,protected,direct/server/static,none detected,,,internal-only,local,ready,,server-get | server-post
/api/assistant/threads/:id/messages,server.js:70096 | server.js:70114,internal,protected,direct/server/static,none detected,,,internal-only,local,ready,,server-get | server-post
/api/bna,server.js:397,internal,protected,/operations.html (fetch),none detected,/operations.html (fetch),,internal-only,local,ready,,fetch | server-use
/api/bna/accountability,server.js:49565 | server.js:53562,internal,protected,direct/server/static,none detected,,,internal-only,local,ready,,server-get | server-post
/api/bna/accountability/:id,server.js:53676 | server.js:53779,internal,protected,direct/server/static,none detected,,,internal-only,local,ready,,server-delete | server-patch
/api/bna/accountability/:id/sefaria-sources,server.js:53734,internal,protected,direct/server/static,none detected,,,internal-only,live credential,intentionally blocked,,server-post
/api/bna/accountability/enrich-question-sources,server.js:53746,internal,protected,direct/server/static,none detected,,,internal-only,local,ready,,server-post
/api/bna/actions,server.js:76913,internal,protected,direct/server/static,none detected,,,internal-only,local,ready,,server-get
/api/bna/actions/audit-log,server.js:76924,internal,protected,direct/server/static,none detected,,,internal-only,local,ready,,server-get
/api/bna/actions/run,server.js:76961,internal,protected,direct/server/static,none detected,,,internal-only,local,ready,,server-post
/api/bna/admin/external-access,server.js:60762,internal,protected,direct/server/static,none detected,,,internal-only,local,ready,,server-post
/api/bna/agent-fleet/status,server.js:62346 | server.js:62469,internal,protected,direct/server/static,none detected,,,internal-only,local,ready,,server-get | server-post
/api/bna/agent-jobs,server.js:61980,internal,protected,direct/server/static,none detected,,,internal-only,local,ready,,server-get
/api/bna/agent-jobs/:id,server.js:61989,internal,protected,direct/server/static,none detected,,,internal-only,local,ready,,server-get
/api/bna/agent-jobs/:id/block,server.js:62088,internal,protected,direct/server/static,none detected,,,internal-only,local,ready,,server-post
/api/bna/agent-jobs/:id/claim,server.js:62005,internal,protected,direct/server/static,none detected,,,internal-only,local,ready,,server-post
/api/bna/agent-jobs/:id/complete,server.js:62069,internal,protected,direct/server/static,none detected,,,internal-only,local,ready,,server-post
/api/bna/agent-jobs/:id/heartbeat,server.js:62043,internal,protected,direct/server/static,none detected,,,internal-only,local,ready,,server-post
/api/bna/agent-profiles,server.js:61193,internal,protected,direct/server/static,none detected,,,internal-only,local,ready,,server-get
/api/bna/agent-runs,server.js:61214,internal,protected,direct/server/static,none detected,,,internal-only,local,ready,,server-get
/api/bna/agent-runs/:runKey,server.js:61267,internal,protected,direct/server/static,none detected,,,internal-only,local,ready,,server-get
/api/bna/agent-runs/:runKey/artifacts,server.js:61389,internal,protected,direct/server/static,none detected,,,internal-only,local,ready,,server-post
/api/bna/agent-runs/:runKey/block,server.js:61665,internal,protected,direct/server/static,none detected,,,internal-only,local,ready,,server-post
/api/bna/agent-runs/:runKey/cancel,server.js:61782,internal,protected,direct/server/static,none detected,,,internal-only,local,ready,,server-post
/api/bna/agent-runs/:runKey/claim,server.js:61284,internal,protected,direct/server/static,none detected,,,internal-only,local,ready,,server-post
/api/bna/agent-runs/:runKey/progress,server.js:61332,internal,protected,direct/server/static,none detected,,,internal-only,local,ready,,server-post
/api/bna/agent-runs/:runKey/reopen,server.js:61843,internal,protected,direct/server/static,none detected,,,internal-only,local,ready,,server-post
/api/bna/agent-runs/:runKey/resume,server.js:61733,internal,protected,direct/server/static,none detected,,,internal-only,local,ready,,server-post
/api/bna/agent-runs/:runKey/seal,server.js:61509,internal,protected,direct/server/static,none detected,,,internal-only,local,ready,,server-post
/api/bna/agent-runs/:runKey/submit,server.js:61436,internal,protected,direct/server/static,none detected,,,internal-only,local,ready,,server-post
/api/bna/agent-status,server.js:68921,internal,protected,direct/server/static,none detected,,,internal-only,local,ready,,server-get
/api/bna/assignment-prompts,server.js:48088,internal,protected,direct/server/static,none detected,,,internal-only,local,ready,,server-get
/api/bna/assignment-prompts/:key,server.js:48102,internal,protected,direct/server/static,none detected,,,internal-only,local,ready,,server-patch
/api/bna/assignment-students/:id,server.js:48483,student,protected,direct/server/static,none detected,,,internal-only,local,ready,,server-patch
/api/bna/assignments,server.js:48137 | server.js:48262,internal,protected,direct/server/static,none detected,,,internal-only,local,ready,,server-get | server-post
/api/bna/assignments/:id,server.js:48407,internal,protected,direct/server/static,none detected,,,internal-only,local,ready,,server-patch
/api/bna/assignments/:id/actions,server.js:48534,internal,protected,direct/server/static,none detected,,,internal-only,local,ready,,server-post
/api/bna/assignments/youtube-metadata,server.js:48119,internal,protected,direct/server/static,none detected,,,internal-only,live credential,intentionally blocked,,server-post
/api/bna/assistant/actions/:action,server.js:69214,internal,protected,direct/server/static,none detected,,,internal-only,local,ready,,server-post
/api/bna/assistant/actions/:id,server.js:68934,internal,protected,direct/server/static,none detected,,,internal-only,local,ready,,server-get
/api/bna/assistant/agent-status,server.js:68908,internal,protected,direct/server/static,none detected,,,internal-only,local,ready,,server-get
/api/bna/assistant/chat,server.js:68970,internal,protected,public/js/bna-bot-widget.js (fetch),none detected,public/js/bna-bot-widget.js (fetch),,internal-only,local,ready,assistant_chat_api,fetch | route-registry | server-post
/api/bna/assistant/context,server.js:69115,internal,protected,direct/server/static,none detected,,,internal-only,local,ready,,server-get
/api/bna/assistant/control-center,server.js:41643,internal,protected,direct/server/static,none detected,,,internal-only,local,ready,,server-get
/api/bna/assistant/control-plane/readiness,server.js:41571,admin,protected,direct/server/static,none detected,,,internal-only,local,ready,operations_api_assistant_control_plane_readiness,route-registry | server-get
/api/bna/assistant/message,server.js:68900,internal,protected,direct/server/static,none detected,,,internal-only,local,ready,,server-post
/api/bna/assistant/threads,server.js:69063 | server.js:69136,internal,protected,public/js/bna-bot-widget.js (fetch),none detected,public/js/bna-bot-widget.js (fetch),,internal-only,local,ready,,fetch | server-get | server-post
/api/bna/assistant/threads/:id,server.js:69093,internal,protected,public/js/bna-bot-widget.js (fetch),none detected,public/js/bna-bot-widget.js (fetch),,internal-only,local,ready,,fetch | server-get
/api/bna/assistant/threads/:id/files,server.js:78280,internal,protected,direct/server/static,none detected,,,internal-only,local,ready,,server-post
/api/bna/assistant/threads/:id/messages,server.js:69152 | server.js:69170,internal,protected,direct/server/static,none detected,,,internal-only,local,ready,,server-get | server-post
/api/bna/auth/login,server.js:50587,internal,protected,direct/server/static,none detected,,,internal-only,local,ready,,server-post
/api/bna/auth/logout,server.js:50624,internal,protected,direct/server/static,none detected,,,internal-only,local,ready,,server-post
/api/bna/auth/me,server.js:50692 | server.js:60805,internal,protected,/operations-login.html (fetch),none detected,/operations-login.html (fetch),,internal-only,local,ready,,fetch | server-get
/api/bna/auth/request-login-link,server.js:50551,internal,protected,direct/server/static,none detected,,,internal-only,local,ready,,server-post
/api/bna/auth/setup-password,server.js:50573,internal,protected,direct/server/static,none detected,,,internal-only,local,ready,,server-post
/api/bna/automations,server.js:62549,internal,protected,direct/server/static,none detected,,,internal-only,local,ready,,server-get
/api/bna/automations/:id,server.js:62573 | server.js:62617,internal,protected,direct/server/static,none detected,,,internal-only,local,ready,,server-get | server-patch
/api/bna/bot-actions/execute,server.js:77021,internal,protected,direct/server/static,none detected,,,internal-only,local,ready,,server-post
/api/bna/bot-actions/preview,server.js:76983,internal,protected,direct/server/static,none detected,,,internal-only,mocked integration,ready,,server-post
/api/bna/bot-captures,server.js:78828,internal,protected,direct/server/static,none detected,,,internal-only,local,ready,,server-post
/api/bna/bot/capture,server.js:78827,internal,protected,direct/server/static,none detected,,,internal-only,local,ready,,server-post
/api/bna/buffer/diagnostics,server.js:57251,internal,protected,direct/server/static,none detected,,,internal-only,live credential,intentionally blocked,,server-get
/api/bna/calendar-events,server.js:76528 | server.js:76562,internal,protected,direct/server/static,none detected,,,internal-only,local,ready,,server-get | server-post
/api/bna/calendar-events/:id,server.js:76603,internal,protected,direct/server/static,none detected,,,internal-only,local,ready,,server-patch
/api/bna/checkout/attempts,server.js:42766 | server.js:42799,internal,protected,direct/server/static,none detected,,,internal-only,live credential,intentionally blocked,,server-get | server-post
/api/bna/checkout/attempts/:id,server.js:42816,internal,protected,direct/server/static,none detected,,,internal-only,live credential,intentionally blocked,,server-patch
/api/bna/checkout/sweep-abandoned,server.js:42878,internal,protected,direct/server/static,none detected,,,internal-only,live credential,intentionally blocked,,server-post
/api/bna/class-sessions,server.js:55282,internal,protected,direct/server/static,none detected,,,internal-only,local,ready,,server-get
/api/bna/classes,server.js:78076 | server.js:78104,internal,protected,direct/server/static,none detected,,,internal-only,local,ready,,server-get | server-post
/api/bna/classes/:id,server.js:78146,internal,protected,direct/server/static,none detected,,,internal-only,local,ready,,server-patch
/api/bna/classes/:id/attendance,server.js:78173 | server.js:78196,internal,protected,direct/server/static,none detected,,,internal-only,local,ready,,server-get | server-post
/api/bna/classes/import,server.js:78212,internal,protected,direct/server/static,none detected,,,internal-only,local,ready,,server-post
/api/bna/codex-queue/stale-sweep,server.js:62140,internal,protected,direct/server/static,none detected,,,internal-only,local,ready,,server-post
/api/bna/codex-queue/status,server.js:62131 | server.js:62139,internal,protected,direct/server/static,none detected,,,internal-only,local,ready,,server-get | server-post
/api/bna/communications,server.js:40795 | server.js:40868,internal,protected,direct/server/static,none detected,,,internal-only,local,ready,,server-get | server-post
/api/bna/communications/:id,server.js:40814,internal,protected,direct/server/static,none detected,,,internal-only,local,ready,,server-get
/api/bna/communications/dns-tasks,server.js:42554 | server.js:42577,internal,protected,direct/server/static,none detected,,,internal-only,local,ready,,server-get | server-post
/api/bna/communications/dns-tasks/:id,server.js:42624,internal,protected,direct/server/static,none detected,,,internal-only,local,ready,,server-patch
/api/bna/communications/email/drafts,server.js:42359 | server.js:42432,internal,protected,direct/server/static,none detected,,,internal-only,local,ready,,server-get | server-post
/api/bna/communications/email/send,server.js:42551,internal,protected,direct/server/static,none detected,,,internal-only,local,ready,,server-post
/api/bna/communications/social/drafts,server.js:42151 | server.js:42247,internal,protected,direct/server/static,none detected,,,internal-only,local,ready,,server-get | server-post
/api/bna/communications/social/schedule/confirm,server.js:42356,internal,protected,direct/server/static,none detected,,,internal-only,local,ready,,server-post
/api/bna/communications/social/schedule/preview,server.js:42298,internal,protected,direct/server/static,none detected,,,internal-only,mocked integration,ready,,server-post
/api/bna/communities,server.js:78025 | server.js:78049,internal,protected,direct/server/static,none detected,,,internal-only,local,ready,,server-get | server-post
/api/bna/connector-settings,server.js:76455,internal,protected,direct/server/static,none detected,,,internal-only,local,ready,,server-get
/api/bna/connector-settings/:id,server.js:76477,internal,protected,direct/server/static,none detected,,,internal-only,local,ready,,server-patch
/api/bna/contact-communications,server.js:46197 | server.js:46351,internal,protected,direct/server/static,none detected,,,internal-only,local,ready,,server-get | server-post
/api/bna/contact-communications/:id/link,server.js:47078,internal,protected,direct/server/static,none detected,,,internal-only,local,ready,,server-post
/api/bna/contact-communications/match-note,server.js:46448,internal,protected,direct/server/static,none detected,,,internal-only,local,ready,,server-post
/api/bna/contact-communications/screening-preview,server.js:46315,internal,protected,direct/server/static,none detected,,,internal-only,mocked integration,ready,,server-post
/api/bna/contact-communications/send-whatsapp,server.js:60112,internal,protected,direct/server/static,none detected,,,internal-only,live credential,intentionally blocked,,server-post
/api/bna/contact-imports/preview,server.js:59925,internal,protected,direct/server/static,none detected,,,internal-only,mocked integration,ready,,server-post
/api/bna/contacts/:id/communications,server.js:40828,internal,protected,direct/server/static,none detected,,,internal-only,local,ready,,server-get
/api/bna/contacts/archive-codex-test-parent,server.js:47069,parent,protected,direct/server/static,none detected,,,internal-only,mocked integration,ready,,server-post
/api/bna/content-bundles,server.js:55488 | server.js:55567,internal,protected,direct/server/static,none detected,,,internal-only,local,ready,,server-get | server-post
/api/bna/content-bundles/:id,server.js:55535,internal,protected,direct/server/static,none detected,,,internal-only,local,ready,,server-patch
/api/bna/content-bundles/:id/generate,server.js:55601,internal,protected,direct/server/static,none detected,,,internal-only,local,ready,,server-post
/api/bna/content-jobs,server.js:55240 | server.js:55709,internal,protected,direct/server/static,none detected,,,internal-only,local,ready,,server-get | server-post
/api/bna/content-jobs/:id,server.js:55822,internal,protected,direct/server/static,none detected,,,internal-only,local,ready,,server-patch
/api/bna/content-jobs/:id/actions,server.js:57306,internal,protected,direct/server/static,none detected,,,internal-only,local,ready,,server-post
/api/bna/content-jobs/:id/outputs,server.js:57080,internal,protected,direct/server/static,none detected,,,internal-only,local,ready,,server-post
/api/bna/content-jobs/:id/parse-mixed-recording,server.js:56965,internal,protected,direct/server/static,none detected,,,internal-only,local,ready,,server-post
/api/bna/content-jobs/bulk-generate,server.js:55875,internal,protected,direct/server/static,none detected,,,internal-only,local,ready,,server-post
/api/bna/content-outputs/:id,server.js:57100,internal,protected,direct/server/static,none detected,,,internal-only,local,ready,,server-patch
/api/bna/content-outputs/:id/actions,server.js:57152,internal,protected,direct/server/static,none detected,,,internal-only,local,ready,,server-post
/api/bna/content-prompts,server.js:55422,internal,protected,direct/server/static,none detected,,,internal-only,local,ready,,server-get
/api/bna/content-prompts/:platform,server.js:55442,internal,protected,direct/server/static,none detected,,,internal-only,local,ready,,server-patch
/api/bna/content-prompts/:platform/examples,server.js:55470,internal,protected,direct/server/static,none detected,,,internal-only,local,ready,,server-post
/api/bna/course-questions,server.js:63666 | server.js:63707,internal,protected,direct/server/static,none detected,,,internal-only,local,ready,,server-get | server-post
/api/bna/course-questions/:id/responses,server.js:63755,internal,protected,direct/server/static,none detected,,,internal-only,local,ready,,server-get
/api/bna/courses,server.js:63425 | server.js:63470,internal,protected,direct/server/static,none detected,,,internal-only,local,ready,,server-get | server-post
/api/bna/courses/:id/lessons,server.js:63519,internal,protected,direct/server/static,none detected,,,internal-only,local,ready,,server-post
/api/bna/create_task_from_text,server.js:78809,internal,protected,direct/server/static,none detected,,,internal-only,local,ready,,server-post
/api/bna/device-access-rules,server.js:49151 | server.js:49183,internal,protected,direct/server/static,none detected,,,internal-only,local,ready,,server-get | server-post
/api/bna/device-access-rules/:id,server.js:49214,internal,protected,direct/server/static,none detected,,,internal-only,local,ready,,server-patch
/api/bna/device-access/reviews/:goalId/actions,server.js:49251,internal,protected,direct/server/static,none detected,,,internal-only,mocked integration,ready,,server-post
/api/bna/devices,server.js:48981,internal,protected,direct/server/static,none detected,,,internal-only,local,ready,,server-get
/api/bna/devices/:id,server.js:49084,internal,protected,direct/server/static,none detected,,,internal-only,local,ready,,server-patch
/api/bna/devices/:id/actions,server.js:49115,internal,protected,direct/server/static,none detected,,,internal-only,local,ready,,server-post
/api/bna/email-log,server.js:40743,internal,protected,direct/server/static,none detected,,,internal-only,local,ready,,server-get
/api/bna/email/send,server.js:40678,internal,protected,direct/server/static,none detected,,,internal-only,local,ready,,server-post
/api/bna/email/signup-link,server.js:40702,internal,protected,direct/server/static,none detected,,,internal-only,local,ready,,server-post
/api/bna/files/intake,server.js:78247,internal,protected,direct/server/static,none detected,,,internal-only,local,ready,,server-post
/api/bna/gamification-events,server.js:63792 | server.js:64095,internal,protected,direct/server/static,none detected,,,internal-only,local,ready,,server-get | server-post
/api/bna/gamification-events/backfill,server.js:64107,internal,protected,direct/server/static,none detected,,,internal-only,local,ready,,server-post
/api/bna/gamification/badge-readiness,server.js:63820,admin,protected,direct/server/static,none detected,,,internal-only,local,ready,operations_api_one_time_gamification_badge_readiness,route-registry | server-get
/api/bna/goal-board/:id,server.js:49426,internal,protected,direct/server/static,none detected,,,internal-only,local,ready,,server-patch
/api/bna/google/readiness,server.js:42656,internal,protected,direct/server/static,none detected,,,internal-only,live credential,intentionally blocked,,server-get
/api/bna/green-invoice/webhooks,server.js:53467,internal,protected,direct/server/static,none detected,,,internal-only,local,ready,,server-get
/api/bna/green-invoice/webhooks/:id/reprocess,server.js:53487,internal,protected,direct/server/static,none detected,,,internal-only,local,ready,,server-post
/api/bna/group-goal-entries/:id,server.js:55456,internal,protected,direct/server/static,none detected,,,internal-only,local,ready,,server-delete
/api/bna/group-goals,server.js:53791 | server.js:53836,internal,protected,direct/server/static,none detected,,,internal-only,local,ready,,server-get | server-post
/api/bna/group-goals/:id/entries,server.js:53853,internal,protected,direct/server/static,none detected,,,internal-only,local,ready,,server-post
/api/bna/helper/action-log,server.js:70041,internal,protected,direct/server/static,none detected,,,internal-only,local,ready,,server-get
/api/bna/helper/audit,server.js:70027,internal,protected,direct/server/static,none detected,,,internal-only,local,ready,,server-get
/api/bna/helper/chat,server.js:69831,internal,protected,direct/server/static,none detected,,,internal-only,local,ready,,server-post
/api/bna/helper/confirm,server.js:69833,internal,protected,direct/server/static,none detected,,,internal-only,local,ready,,server-post
/api/bna/helper/context,server.js:69670,internal,protected,direct/server/static,none detected,,,internal-only,local,ready,,server-get
/api/bna/helper/execute,server.js:69980,admin,protected,direct/server/static,none detected,,,internal-only,local,ready,operations_helper_api,route-registry | server-post
/api/bna/helper/knowledge,server.js:69741 | server.js:69752,internal,protected,direct/server/static,none detected,,,internal-only,local,ready,,server-get | server-post
/api/bna/helper/message,server.js:69830,internal,protected,direct/server/static,none detected,,,internal-only,local,ready,,server-post
/api/bna/helper/plan,server.js:69913,admin,protected,direct/server/static,none detected,,,internal-only,local,ready,operations_helper_api,route-registry | server-post
/api/bna/helper/profile,server.js:69708 | server.js:69719,internal,protected,direct/server/static,none detected,,,internal-only,local,ready,,server-get | server-patch
/api/bna/helper/profile/questionnaire,server.js:69730,internal,protected,direct/server/static,none detected,,,internal-only,local,ready,,server-post
/api/bna/helper/runs/:id,server.js:69888,internal,protected,direct/server/static,none detected,,,internal-only,local,ready,,server-get
/api/bna/helper/tools,server.js:69684,internal,protected,direct/server/static,none detected,,,internal-only,local,ready,,server-get
/api/bna/identity/backfill,server.js:46762,internal,protected,direct/server/static,none detected,,,internal-only,local,ready,,server-post
/api/bna/identity/duplicates,server.js:46833,internal,protected,direct/server/static,none detected,,,internal-only,local,ready,,server-get
/api/bna/identity/merge-reviews,server.js:46774,internal,protected,direct/server/static,none detected,,,internal-only,mocked integration,ready,,server-get
/api/bna/identity/merge-reviews/:id,server.js:46803,internal,protected,direct/server/static,none detected,,,internal-only,mocked integration,ready,,server-patch
/api/bna/identity/reviews/:id/approve-merge,server.js:46967,internal,protected,direct/server/static,none detected,,,internal-only,mocked integration,ready,,server-post
/api/bna/identity/reviews/:id/block,server.js:47011,internal,protected,direct/server/static,none detected,,,internal-only,mocked integration,ready,,server-post
/api/bna/identity/reviews/:id/reject,server.js:46991,internal,protected,direct/server/static,none detected,,,internal-only,mocked integration,ready,,server-post
/api/bna/identity/scan,server.js:46870,internal,protected,direct/server/static,none detected,,,internal-only,local,ready,,server-post
/api/bna/intake/parse,server.js:56688,admin,protected,direct/server/static,none detected,,,internal-only,local,ready,operations_intake_api,route-registry | server-post
/api/bna/intake/parse-runs,server.js:56747,internal,protected,direct/server/static,none detected,,,internal-only,local,ready,,server-get
/api/bna/intake/parse-runs/:id,server.js:56781,internal,protected,direct/server/static,none detected,,,internal-only,local,ready,,server-get
/api/bna/intake/parse-runs/:id/apply,server.js:56791,internal,protected,direct/server/static,none detected,,,internal-only,local,ready,,server-post
/api/bna/intake/review,server.js:56800,internal,protected,direct/server/static,none detected,,,internal-only,mocked integration,ready,,server-get
/api/bna/intake/review/:id/resolve,server.js:56813,internal,protected,direct/server/static,none detected,,,internal-only,mocked integration,ready,,server-post
/api/bna/intake/sections,server.js:56958 | server.js:56959,internal,protected,direct/server/static,none detected,,,internal-only,local,ready,,server-get | server-post
/api/bna/intake/sections/:id,server.js:56960,internal,protected,direct/server/static,none detected,,,internal-only,local,ready,,server-patch
/api/bna/integration-setup/readiness,server.js:41560,admin,protected,public/js/integration-setup.js (fetch),none detected,public/js/integration-setup.js (fetch),,internal-only,local,ready,operations_api_owner_setup_readiness,fetch | route-registry | server-get
/api/bna/integrations/buffer/channels,server.js:41934,internal,protected,direct/server/static,none detected,,,internal-only,live credential,intentionally blocked,,server-get
/api/bna/integrations/buffer/drafts,server.js:42248,internal,protected,direct/server/static,none detected,,,internal-only,live credential,intentionally blocked,,server-post
/api/bna/integrations/buffer/health,server.js:41921,internal,protected,direct/server/static,none detected,,,internal-only,live credential,intentionally blocked,,server-get
/api/bna/integrations/buffer/schedules,server.js:42299,internal,protected,direct/server/static,none detected,,,internal-only,live credential,intentionally blocked,,server-post
/api/bna/integrations/buffer/schedules/confirm,server.js:42357,internal,protected,direct/server/static,none detected,,,internal-only,live credential,intentionally blocked,,server-post
/api/bna/integrations/buffer/status,server.js:41916,internal,protected,direct/server/static,none detected,,,internal-only,live credential,intentionally blocked,,server-get
/api/bna/integrations/google/connections/:connectionId/disconnect,server.js:40568,internal,protected,direct/server/static,none detected,,,internal-only,live credential,intentionally blocked,,server-post
/api/bna/integrations/google/status,server.js:40454,internal,protected,direct/server/static,none detected,,,internal-only,live credential,intentionally blocked,,server-get
/api/bna/integrations/resend/domains,server.js:42001,internal,protected,direct/server/static,none detected,,,internal-only,live credential,intentionally blocked,,server-get
/api/bna/integrations/resend/domains/:domain/status,server.js:42039,internal,protected,direct/server/static,none detected,,,internal-only,live credential,intentionally blocked,,server-get
/api/bna/integrations/resend/domains/:domain/verify,server.js:42052,internal,protected,direct/server/static,none detected,,,internal-only,live credential,intentionally blocked,,server-post
/api/bna/integrations/resend/email-preview,server.js:42433,internal,protected,direct/server/static,none detected,,,internal-only,live credential,intentionally blocked,,server-post
/api/bna/integrations/resend/events,server.js:42014,internal,protected,direct/server/static,none detected,,,internal-only,live credential,intentionally blocked,,server-get
/api/bna/integrations/resend/health,server.js:41949,internal,protected,direct/server/static,none detected,,,internal-only,live credential,intentionally blocked,,server-get
/api/bna/integrations/resend/send,server.js:42552,internal,protected,direct/server/static,none detected,,,internal-only,live credential,intentionally blocked,,server-post
/api/bna/integrations/resend/status,server.js:41971,internal,protected,direct/server/static,none detected,,,internal-only,live credential,intentionally blocked,,server-get
/api/bna/integrations/status,server.js:41551,internal,protected,direct/server/static,none detected,,,internal-only,local,ready,,server-get
/api/bna/integrations/stripe/checkout-create,server.js:41709,admin,protected,direct/server/static,none detected,,,internal-only,live credential,intentionally blocked,operations_api_stripe_checkout_create,route-registry | server-post
/api/bna/integrations/stripe/checkout-preview,server.js:41705,admin,protected,direct/server/static,none detected,,,internal-only,live credential,intentionally blocked,operations_api_stripe_checkout_preview,route-registry | server-post
/api/bna/integrations/stripe/status,server.js:41697,admin,protected,direct/server/static,none detected,,,internal-only,live credential,intentionally blocked,operations_api_stripe_status,route-registry | server-get
/api/bna/integrations/stripe/webhook-preview,server.js:41758,admin,protected,direct/server/static,none detected,,,internal-only,live credential,intentionally blocked,operations_api_stripe_webhook_preview,route-registry | server-post
/api/bna/integrations/telegram/status,server.js:41688,internal,protected,direct/server/static,none detected,,,internal-only,live credential,intentionally blocked,,server-get
/api/bna/integrations/video-hosting/status,server.js:41829,internal,protected,direct/server/static,none detected,,,internal-only,local,ready,,server-get
/api/bna/integrations/vimeo/status,server.js:41837,internal,protected,direct/server/static,none detected,,,internal-only,live credential,intentionally blocked,,server-get
/api/bna/integrations/zoom/attendance-correction-preview,server.js:41805,admin,protected,direct/server/static,none detected,,,internal-only,live credential,intentionally blocked,operations_api_zoom_attendance_correction_preview,route-registry | server-post
/api/bna/integrations/zoom/meeting-preview,server.js:41793,admin,protected,direct/server/static,none detected,,,internal-only,live credential,intentionally blocked,operations_api_zoom_meeting_preview,route-registry | server-post
/api/bna/integrations/zoom/meetings,server.js:41809,internal,protected,direct/server/static,none detected,,,internal-only,live credential,intentionally blocked,,server-post
/api/bna/integrations/zoom/session-automation-preview,server.js:41797,admin,protected,direct/server/static,none detected,,,internal-only,live credential,intentionally blocked,operations_api_zoom_session_automation_preview,route-registry | server-post
/api/bna/integrations/zoom/status,server.js:41782,admin,protected,direct/server/static,none detected,,,internal-only,live credential,intentionally blocked,operations_api_zoom_status,route-registry | server-get
/api/bna/integrations/zoom/webhook-attendance-preview,server.js:41801,admin,protected,direct/server/static,none detected,,,internal-only,live credential,intentionally blocked,operations_api_zoom_webhook_attendance_preview,route-registry | server-post
/api/bna/internal-dialogue,server.js:76803,internal,protected,direct/server/static,none detected,,,internal-only,local,ready,,server-get
/api/bna/internal-dialogue/messages,server.js:76850,internal,protected,direct/server/static,none detected,,,internal-only,local,ready,,server-post
/api/bna/learning-communities,server.js:63298 | server.js:63333,internal,protected,direct/server/static,none detected,,,internal-only,local,ready,,server-get | server-post
/api/bna/learning-communities/:id/members,server.js:63374,internal,protected,direct/server/static,none detected,,,internal-only,local,ready,,server-post
/api/bna/live-sessions,server.js:75787 | server.js:75820,internal,protected,direct/server/static,none detected,,,internal-only,local,ready,,server-get | server-post
/api/bna/live-sessions/:id,server.js:75893,internal,protected,direct/server/static,none detected,,,internal-only,local,ready,,server-patch
/api/bna/live-sessions/:id/check-in,server.js:75945,internal,protected,direct/server/static,none detected,,,internal-only,local,ready,,server-post
/api/bna/live-sessions/:id/communications,server.js:76032,internal,protected,direct/server/static,none detected,,,internal-only,local,ready,,server-get
/api/bna/live-sessions/:id/send-zoom-link,server.js:75981,internal,protected,direct/server/static,none detected,,,internal-only,live credential,intentionally blocked,,server-post
/api/bna/live-sessions/tonight,server.js:75869,internal,protected,direct/server/static,none detected,,,internal-only,local,ready,,server-get
/api/bna/me,server.js:62681,internal,protected,direct/server/static,none detected,,,internal-only,local,ready,,server-get
/api/bna/members,server.js:75662 | server.js:75695,internal,protected,direct/server/static,none detected,,,internal-only,local,ready,,server-get | server-post
/api/bna/members/:id,server.js:75734,internal,protected,direct/server/static,none detected,,,internal-only,local,ready,,server-patch
/api/bna/members/:id/access-code,server.js:75766,internal,protected,direct/server/static,none detected,,,internal-only,local,ready,,server-post
/api/bna/migrate-db,server.js:80114,internal,protected,direct/server/static,none detected,,,internal-only,local,ready,,server-post
/api/bna/notification-preferences,server.js:77151 | server.js:77182,internal,protected,direct/server/static,none detected,,,internal-only,local,ready,,server-get | server-patch
/api/bna/notifications,server.js:77070,internal,protected,direct/server/static,none detected,,,internal-only,local,ready,,server-get
/api/bna/notifications/:id,server.js:77127,internal,protected,direct/server/static,none detected,,,internal-only,local,ready,,server-patch
/api/bna/one-time/agent-mode-acceptance,server.js:73351,one time,protected,direct/server/static,none detected,,,internal-only,local,ready,one_time_agent_mode_acceptance,route-registry | server-get
/api/bna/one-time/app-access-readiness,server.js:70324,one time,protected,direct/server/static,none detected,,,internal-only,local,ready,,server-get
/api/bna/one-time/appointment-intents,server.js:73599 | server.js:73622,one time,protected,direct/server/static,none detected,,,internal-only,local,ready,,server-get | server-post
/api/bna/one-time/assets/:assetId,server.js:70585,one time,protected,direct/server/static,none detected,,,internal-only,local,ready,,server-patch
/api/bna/one-time/calendar,server.js:73494,one time,protected,direct/server/static,none detected,,,internal-only,local,ready,,server-get
/api/bna/one-time/calendar-events,server.js:73509,one time,protected,direct/server/static,none detected,,,internal-only,local,ready,,server-post
/api/bna/one-time/classes,server.js:70336 | server.js:70410,one time,protected,direct/server/static,none detected,,,internal-only,local,ready,,server-get | server-post
/api/bna/one-time/classes/:id,server.js:70466 | server.js:70483,one time,protected,direct/server/static,none detected,,,internal-only,local,ready,,server-get | server-patch
/api/bna/one-time/classes/:id/approve-library,server.js:70707,one time,protected,direct/server/static,none detected,,,internal-only,local,ready,,server-post
/api/bna/one-time/classes/:id/assets,server.js:70550,one time,protected,direct/server/static,none detected,,,internal-only,local,ready,,server-post
/api/bna/one-time/classes/:id/member-preview,server.js:70672,member,protected,direct/server/static,none detected,,,internal-only,mocked integration,ready,,server-post
/api/bna/one-time/classes/:id/package-preview,server.js:70636,one time,protected,direct/server/static,none detected,,,internal-only,mocked integration,ready,,server-post
/api/bna/one-time/classes/:id/publish-library,server.js:70748,one time,protected,direct/server/static,none detected,,,internal-only,local,ready,,server-post
/api/bna/one-time/classroom,server.js:71246,one time,protected,direct/server/static,none detected,,,internal-only,local,ready,,server-get
/api/bna/one-time/classroom/assignment-preview,server.js:71261,one time,protected,direct/server/static,none detected,,,internal-only,mocked integration,ready,,server-post
/api/bna/one-time/classroom/assignments,server.js:71273,one time,protected,direct/server/static,none detected,,,internal-only,local,ready,,server-post
/api/bna/one-time/classroom/messages/:id/review,server.js:71380,one time,protected,direct/server/static,none detected,,,internal-only,mocked integration,ready,,server-post
/api/bna/one-time/classroom/threads,server.js:71304,one time,protected,direct/server/static,none detected,,,internal-only,local,ready,,server-post
/api/bna/one-time/community-moderation-readiness,server.js:73402,admin,protected,direct/server/static,none detected,,,internal-only,local,ready,operations_api_one_time_community_moderation_readiness,route-registry | server-get
/api/bna/one-time/crm-import-preview,server.js:73327,one time,protected,direct/server/static,none detected,,,internal-only,mocked integration,ready,,server-get
/api/bna/one-time/drive-social-ingestion,server.js:70312,one time,protected,direct/server/static,none detected,,,internal-only,live credential,intentionally blocked,,server-get
/api/bna/one-time/integrations/readiness,server.js:41657,admin,protected,direct/server/static,none detected,,,internal-only,local,ready,operations_api_one_time_integrations_readiness,route-registry | server-get
/api/bna/one-time/library-items/:id/rollback,server.js:70870,one time,protected,direct/server/static,none detected,,,internal-only,local,ready,,server-post
/api/bna/one-time/library-smoke,server.js:70943,one time,protected,direct/server/static,none detected,,,internal-only,local,ready,,server-post
/api/bna/one-time/payment-access-class-links,server.js:73308,admin,protected,direct/server/static,none detected,,,internal-only,live credential,intentionally blocked,operations_api_one_time_payment_access_class_links,route-registry | server-get
/api/bna/one-time/product-leads,server.js:73460,one time,protected,direct/server/static,none detected,,,internal-only,local,ready,,server-get
/api/bna/one-time/product-system,server.js:73282,one time,protected,direct/server/static,none detected,,,internal-only,local,ready,,server-get
/api/bna/one-time/question-moderation,server.js:76276,one time,protected,direct/server/static,none detected,,,internal-only,local,ready,,server-get
/api/bna/one-time/roadmap,server.js:78319,one time,protected,direct/server/static,none detected,,,internal-only,local,ready,,server-get
/api/bna/one-time/source-prep-jobs,server.js:73697 | server.js:73714,one time,protected,direct/server/static,none detected,,,internal-only,local,ready,,server-get | server-post
/api/bna/one-time/study-assistant-readiness,server.js:73423,admin,protected,direct/server/static,none detected,,,internal-only,local,ready,operations_api_one_time_study_assistant_readiness,route-registry | server-get
/api/bna/one-time/test-identities-preview,server.js:73336,one time,protected,direct/server/static,none detected,,,internal-only,mocked integration,ready,one_time_test_identities_preview,route-registry | server-get
/api/bna/one-time/transcript-privacy,server.js:73366,admin,protected,direct/server/static,none detected,,,internal-only,local,ready,operations_api_one_time_transcript_privacy_readiness,route-registry | server-get
/api/bna/one-time/trial-referral-config,server.js:73290,admin,protected,direct/server/static,none detected,,,internal-only,local,ready,operations_api_one_time_trial_referral_config,route-registry | server-get
/api/bna/one-time/view-as-rabbi/end,server.js:10317,admin,protected,/provider.html (fetch),none detected,/provider.html (fetch),,internal-only,local,ready,operations_api_one_time_view_as_rabbi_end,fetch | route-registry | server-post
/api/bna/one-time/view-as-rabbi/session,server.js:10299,admin,protected,direct/server/static,none detected,,,internal-only,local,ready,operations_api_one_time_view_as_rabbi_session,route-registry | server-get
/api/bna/one-time/view-as-rabbi/start,server.js:10265,admin,protected,direct/server/static,none detected,,,internal-only,local,ready,operations_api_one_time_view_as_rabbi_start,route-registry | server-post
/api/bna/operator-setup/bootstrap-package,server.js:60482,internal,protected,direct/server/static,none detected,,,internal-only,local,ready,,server-post
/api/bna/operator-setup/download/:token,server.js:60546,internal,protected,direct/server/static,none detected,,,internal-only,local,ready,,server-get
/api/bna/operator-setup/status,server.js:60474,internal,protected,direct/server/static,none detected,,,internal-only,local,ready,,server-get
/api/bna/ops-access-links,server.js:60434,internal,protected,direct/server/static,none detected,,,internal-only,local,ready,,server-post
/api/bna/ops/queue-audits/latest,server.js:62253,internal,protected,direct/server/static,none detected,,,internal-only,mocked integration,ready,,server-get
/api/bna/ops/queue-health,server.js:62238,internal,protected,direct/server/static,none detected,,,internal-only,local,ready,,server-get
/api/bna/ops/queue/requeue,server.js:62274,internal,protected,direct/server/static,none detected,,,internal-only,local,ready,,server-post
/api/bna/ops/report,server.js,internal,protected,direct/server/static,none detected,,,internal-only,local,ready,,server-get
/api/bna/parent-access/link,server.js:46617,parent,protected,direct/server/static,none detected,,,internal-only,local,ready,,server-post
/api/bna/parent-access/password-reset,server.js:46687,parent,protected,direct/server/static,none detected,,,internal-only,local,ready,,server-post
/api/bna/parent-accounts/access-code,server.js:47030,parent,protected,direct/server/static,none detected,,,internal-only,local,ready,,server-post
/api/bna/parent-announcements,server.js:64671 | server.js:64690,parent,protected,direct/server/static,none detected,,,internal-only,local,ready,,server-get | server-post
/api/bna/parent-announcements/recipients,server.js:64661,parent,protected,direct/server/static,none detected,,,internal-only,local,ready,,server-get
/api/bna/parent-leads,server.js:43740 | server.js:43848,parent,protected,direct/server/static,none detected,,,internal-only,local,ready,,server-get | server-post
/api/bna/parent-leads/:id,server.js:43978,parent,protected,direct/server/static,none detected,,,internal-only,local,ready,,server-patch
/api/bna/parent-progress-reports/:id/approve,server.js:64433,parent,protected,direct/server/static,none detected,,,internal-only,local,ready,,server-post
/api/bna/parent-progress-reports/generate,server.js:64340,parent,protected,direct/server/static,none detected,,,internal-only,local,ready,,server-post
/api/bna/parent-student-links,server.js:64267 | server.js:64294,parent,protected,direct/server/static,none detected,,,internal-only,local,ready,,server-get | server-post
/api/bna/payment-intake,server.js:53910 | server.js:54165,internal,protected,direct/server/static,none detected,,,internal-only,live credential,intentionally blocked,,server-get | server-post
/api/bna/payment-intake/:id,server.js:54215 | server.js:54267,internal,protected,direct/server/static,none detected,,,internal-only,live credential,intentionally blocked,,server-delete | server-patch
/api/bna/payment-intake/reconcile-paid,server.js:53942,internal,protected,direct/server/static,none detected,,,internal-only,live credential,intentionally blocked,,server-post
/api/bna/payment-reminders/due,server.js:57765,internal,protected,direct/server/static,none detected,,,internal-only,live credential,intentionally blocked,,server-get
/api/bna/payment-reminders/run,server.js:57792,internal,protected,direct/server/static,none detected,,,internal-only,live credential,intentionally blocked,,server-post
/api/bna/payments,server.js:57731 | server.js:57813,internal,protected,direct/server/static,none detected,,,internal-only,live credential,intentionally blocked,,server-get | server-post
/api/bna/pending-briefs,server.js:78361,internal,protected,direct/server/static,none detected,,,internal-only,local,ready,,server-get
/api/bna/people,server.js:62780 | server.js:62883,internal,protected,direct/server/static,none detected,,,internal-only,local,ready,,server-get | server-post
/api/bna/pipeline-cards,server.js:76673 | server.js:76706,internal,protected,direct/server/static,none detected,,,internal-only,local,ready,,server-get | server-post
/api/bna/pipeline-cards/:id,server.js:76745,internal,protected,direct/server/static,none detected,,,internal-only,local,ready,,server-patch
/api/bna/portal-access/next-year-readiness,server.js:48040 | server.js:48048,internal,protected,direct/server/static,none detected,,,internal-only,local,ready,,server-get | server-post
/api/bna/product-leads,server.js:73460 | server.js:73477,internal,protected,direct/server/static,none detected,,,internal-only,local,ready,,server-get | server-post
/api/bna/project-meetings,server.js:55314 | server.js:55378,internal,protected,direct/server/static,none detected,,,internal-only,local,ready,,server-get | server-post
/api/bna/project-meetings/one-time-drive-brief/preview,server.js:55352,admin,protected,direct/server/static,none detected,,,internal-only,live credential,intentionally blocked,operations_api_one_time_drive_brief_preview,route-registry | server-post
/api/bna/projects,server.js:62528,internal,protected,direct/server/static,none detected,,,internal-only,local,ready,,server-get
/api/bna/provider-categories,server.js:44523 | server.js:44531,provider,protected,direct/server/static,none detected,,,internal-only,local,ready,,server-get | server-post
/api/bna/provider-categories/:id,server.js:44565,provider,protected,direct/server/static,none detected,,,internal-only,local,ready,,server-patch
/api/bna/provider-leads,server.js:44596,provider,protected,direct/server/static,none detected,,,internal-only,local,ready,,server-get
/api/bna/provider-leads/:id,server.js:44613,provider,protected,direct/server/static,none detected,,,internal-only,local,ready,,server-patch
/api/bna/provider-messages,server.js:45641,provider,protected,direct/server/static,none detected,,,internal-only,local,ready,,server-get
/api/bna/provider-onboarding-intakes,server.js:45625,provider,protected,direct/server/static,none detected,,,internal-only,local,ready,,server-get
/api/bna/providers,server.js:44341,provider,protected,direct/server/static,none detected,,,internal-only,local,ready,,server-get
/api/bna/providers/:id,server.js:44357 | server.js:44367,provider,protected,direct/server/static,none detected,,,internal-only,local,ready,,server-get | server-patch
/api/bna/providers/:id/approve,server.js:44451,provider,protected,direct/server/static,none detected,,,internal-only,local,ready,,server-post
/api/bna/providers/:id/feature,server.js:44504,provider,protected,direct/server/static,none detected,,,internal-only,local,ready,,server-post
/api/bna/providers/:id/hide,server.js:44483,provider,protected,direct/server/static,none detected,,,internal-only,local,ready,,server-post
/api/bna/rabbi/access-grants,server.js:74241,one time,protected,direct/server/static,none detected,,,internal-only,local,ready,,server-get
/api/bna/rabbi/access-grants/:id/revoke,server.js:74301,one time,protected,direct/server/static,none detected,,,internal-only,local,ready,,server-post
/api/bna/rabbi/access-grants/manual,server.js:74260,one time,protected,direct/server/static,none detected,,,internal-only,local,ready,,server-post
/api/bna/rabbi/checkouts,server.js:73986,one time,protected,direct/server/static,none detected,,,internal-only,live credential,intentionally blocked,,server-get
/api/bna/rabbi/checkouts/:id,server.js:74095,one time,protected,direct/server/static,none detected,,,internal-only,live credential,intentionally blocked,,server-patch
/api/bna/rabbi/checkouts/:id/mark-abandoned,server.js:74119,one time,protected,direct/server/static,none detected,,,internal-only,live credential,intentionally blocked,,server-post
/api/bna/rabbi/checkouts/manual,server.js:74005,one time,protected,direct/server/static,none detected,,,internal-only,live credential,intentionally blocked,,server-post
/api/bna/rabbi/communications,server.js:74506,one time,protected,direct/server/static,none detected,,,internal-only,local,ready,,server-get
/api/bna/rabbi/communications/send,server.js:74523,one time,protected,direct/server/static,none detected,,,internal-only,local,ready,,server-post
/api/bna/rabbi/config,server.js:73783 | server.js:73821,one time,protected,direct/server/static,none detected,,,internal-only,local,ready,,server-get | server-patch
/api/bna/rabbi/library-items,server.js:74331 | server.js:74344,one time,protected,direct/server/static,none detected,,,internal-only,local,ready,,server-get | server-post
/api/bna/rabbi/library-items/:id,server.js:74378,one time,protected,direct/server/static,none detected,,,internal-only,local,ready,,server-patch
/api/bna/rabbi/live-sessions,server.js:74419 | server.js:74432,one time,protected,direct/server/static,none detected,,,internal-only,local,ready,,server-get | server-post
/api/bna/rabbi/live-sessions/:id,server.js:74468,one time,protected,direct/server/static,none detected,,,internal-only,local,ready,,server-patch
/api/bna/rabbi/members,server.js:74145 | server.js:74172,one time,protected,direct/server/static,none detected,,,internal-only,local,ready,,server-get | server-post
/api/bna/rabbi/members/:id,server.js:74206,one time,protected,direct/server/static,none detected,,,internal-only,local,ready,,server-patch
/api/bna/rabbi/provider-settings,server.js:73937,provider,protected,direct/server/static,none detected,,,internal-only,local,ready,,server-get
/api/bna/rabbi/provider-settings/:provider,server.js:73946,provider,protected,direct/server/static,none detected,,,internal-only,local,ready,,server-patch
/api/bna/rabbi/site,server.js:74543 | server.js:74556,one time,protected,direct/server/static,none detected,,,internal-only,local,ready,,server-get | server-patch
/api/bna/rabbi/site/approve-public-replacement,server.js:74599,one time,protected,direct/server/static,none detected,,,internal-only,local,ready,,server-post
/api/bna/rabbi/tiers,server.js:73830 | server.js:73839,one time,protected,direct/server/static,none detected,,,internal-only,local,ready,,server-get | server-post
/api/bna/rabbi/tiers/:id,server.js:73898,one time,protected,direct/server/static,none detected,,,internal-only,local,ready,,server-patch
/api/bna/recording-intake/parse-mixed-recording,server.js:57018,internal,protected,direct/server/static,none detected,,,internal-only,local,ready,,server-post
/api/bna/resend/status,server.js:40931,internal,protected,direct/server/static,none detected,,,internal-only,live credential,intentionally blocked,,server-get
/api/bna/resend/webhook,server.js:10042 | server.js:40914,internal,protected,direct/server/static,none detected,,,internal-only,live credential,intentionally blocked,,server-post | server-use
/api/bna/review-requests,server.js:42677 | server.js:42703,internal,protected,direct/server/static,none detected,,,internal-only,mocked integration,ready,,server-get | server-post
/api/bna/sections,server.js:56961 | server.js:56962,internal,protected,direct/server/static,none detected,,,internal-only,local,ready,,server-get | server-post
/api/bna/sections/:id,server.js:56963,internal,protected,direct/server/static,none detected,,,internal-only,local,ready,,server-patch
/api/bna/service-providers,server.js:44032 | server.js:44042,provider,protected,direct/server/static,none detected,,,internal-only,local,ready,,server-get | server-post
/api/bna/service-providers/:id,server.js:44195,provider,protected,direct/server/static,none detected,,,internal-only,local,ready,,server-patch
/api/bna/service-providers/:id/setup-email,server.js:44317,provider,protected,direct/server/static,none detected,,,internal-only,local,ready,,server-post
/api/bna/session/workspace,server.js:62766,internal,protected,direct/server/static,none detected,,,internal-only,local,ready,,server-post
/api/bna/shoutouts,server.js:64148 | server.js:64176,internal,protected,direct/server/static,none detected,,,internal-only,local,ready,,server-get | server-post
/api/bna/shoutouts/:id/approve,server.js:64216,internal,protected,direct/server/static,none detected,,,internal-only,local,ready,,server-post
/api/bna/signups,server.js:43618,internal,protected,direct/server/static,none detected,,,internal-only,local,ready,,server-get
/api/bna/signups/:id,server.js:43666,internal,protected,direct/server/static,none detected,,,internal-only,local,ready,,server-patch
/api/bna/signups/:id/communications,server.js:40838,internal,protected,direct/server/static,none detected,,,internal-only,local,ready,,server-get
/api/bna/signups/:id/send-confirmation,server.js:42737,internal,protected,direct/server/static,none detected,,,internal-only,local,ready,,server-post
/api/bna/student-badges/:id/reverse,server.js:64013,admin,protected,direct/server/static,none detected,,,internal-only,local,ready,operations_api_one_time_manual_badge_reversal,route-registry | server-post
/api/bna/student-badges/rabbi-award,server.js:63864,admin,protected,direct/server/static,none detected,,,internal-only,local,ready,operations_api_one_time_rabbi_badge_award,route-registry | server-post
/api/bna/student-bot-settings,server.js:47834,student,protected,direct/server/static,none detected,,,internal-only,local,ready,,server-get
/api/bna/students,server.js:47259 | server.js:47381,student,protected,direct/server/static,none detected,,,internal-only,local,ready,,server-get | server-post
/api/bna/students/:id,server.js:47558 | server.js:53517,student,protected,direct/server/static,none detected,,,internal-only,local,ready,,server-delete | server-patch
/api/bna/students/:id/access-code,server.js:47817,student,protected,direct/server/static,none detected,,,internal-only,local,ready,,server-post
/api/bna/students/:id/bot-settings/:channel,server.js:47908,student,protected,direct/server/static,none detected,,,internal-only,local,ready,,server-put
/api/bna/students/:id/bot-settings/:channel/preview,server.js:48007,student,protected,direct/server/static,none detected,,,internal-only,mocked integration,ready,,server-get
/api/bna/students/:id/communications,server.js:40848,student,protected,direct/server/static,none detected,,,internal-only,local,ready,,server-get
/api/bna/students/:id/devices,server.js:49034,student,protected,direct/server/static,none detected,,,internal-only,local,ready,,server-post
/api/bna/students/:id/goal-board,server.js:49332 | server.js:49361,student,protected,direct/server/static,none detected,,,internal-only,local,ready,,server-get | server-post
/api/bna/students/:id/household-link,server.js:47665,parent,protected,direct/server/static,none detected,,,internal-only,local,ready,,server-post
/api/bna/students/:id/identity,server.js:46895,student,protected,direct/server/static,none detected,,,internal-only,local,ready,,server-get
/api/bna/students/:id/merge,server.js:49522,student,protected,direct/server/static,none detected,,,internal-only,local,ready,,server-post
/api/bna/studio/dashboard,server.js:54480,admin,protected,direct/server/static,none detected,,,internal-only,mocked integration,ready,operations_api_service_provider_studio_dashboard,route-registry | server-get
/api/bna/studio/jobs/:id/cancel,server.js:55095,admin,protected,direct/server/static,none detected,,,internal-only,mocked integration,ready,operations_api_service_provider_studio_job_cancel,route-registry | server-post
/api/bna/studio/jobs/:id/retry,server.js:55069,admin,protected,direct/server/static,none detected,,,internal-only,mocked integration,ready,operations_api_service_provider_studio_job_retry,route-registry | server-post
/api/bna/studio/projects,server.js:54551 | server.js:54572,admin,protected,direct/server/static,none detected,,,internal-only,mocked integration,ready,operations_api_service_provider_studio_projects,route-registry | server-get | server-post
/api/bna/studio/projects/:id,server.js:54605 | server.js:54614,admin,protected,direct/server/static,none detected,,,internal-only,mocked integration,ready,operations_api_service_provider_studio_project_detail,route-registry | server-get | server-patch
/api/bna/studio/projects/:id/corrections/apply,server.js:54885,admin,protected,direct/server/static,none detected,,,internal-only,mocked integration,ready,operations_api_service_provider_studio_correction_apply,route-registry | server-post
/api/bna/studio/projects/:id/corrections/preview,server.js:54869,admin,protected,direct/server/static,none detected,,,internal-only,mocked integration,ready,operations_api_service_provider_studio_correction_preview,route-registry | server-post
/api/bna/studio/projects/:id/handoff,server.js:55153,admin,protected,direct/server/static,none detected,,,internal-only,mocked integration,ready,operations_api_service_provider_studio_handoff,route-registry | server-post
/api/bna/studio/projects/:id/outline,server.js:54695,admin,protected,direct/server/static,none detected,,,internal-only,mocked integration,ready,operations_api_service_provider_studio_outline,route-registry | server-post
/api/bna/studio/projects/:id/prompt-compile,server.js:54810,admin,protected,direct/server/static,none detected,,,internal-only,mocked integration,ready,operations_api_service_provider_studio_prompt_compile,route-registry | server-post
/api/bna/studio/projects/:id/render,server.js:55006,admin,protected,direct/server/static,none detected,,,internal-only,mocked integration,ready,operations_api_service_provider_studio_render,route-registry | server-post
/api/bna/studio/projects/:id/source,server.js:54648,admin,protected,direct/server/static,none detected,,,internal-only,mocked integration,ready,operations_api_service_provider_studio_source,route-registry | server-post
/api/bna/studio/projects/:id/storyboard,server.js:54738,admin,protected,direct/server/static,none detected,,,internal-only,mocked integration,ready,operations_api_service_provider_studio_storyboard,route-registry | server-post
/api/bna/studio/scenes/:id,server.js:54929,admin,protected,direct/server/static,none detected,,,internal-only,mocked integration,ready,operations_api_service_provider_studio_scene_update,route-registry | server-patch
/api/bna/studio/scenes/:id/regenerate,server.js:54974,admin,protected,direct/server/static,none detected,,,internal-only,mocked integration,ready,operations_api_service_provider_studio_scene_regenerate,route-registry | server-post
/api/bna/studio/usage,server.js:55121,admin,protected,direct/server/static,none detected,,,internal-only,mocked integration,ready,operations_api_service_provider_studio_usage,route-registry | server-get
/api/bna/support-tickets,server.js:77599 | server.js:77645,internal,protected,direct/server/static,none detected,,,internal-only,local,ready,,server-get | server-post
/api/bna/support-tickets/:id,server.js:77728 | server.js:77748,internal,protected,direct/server/static,none detected,,,internal-only,local,ready,,server-get | server-patch
/api/bna/support-tickets/:id/comments,server.js:77804 | server.js:77820,internal,protected,direct/server/static,none detected,,,internal-only,local,ready,,server-get | server-post
/api/bna/task-artifact,server.js,internal,protected,direct/server/static,none detected,,,internal-only,local,ready,,server-get
/api/bna/tasks,server.js:78381 | server.js:78687,internal,protected,direct/server/static,none detected,,,internal-only,local,ready,,server-get | server-post
/api/bna/tasks/:id,server.js:78848 | server.js:79127 | server.js:80346,internal,protected,direct/server/static,none detected,,,internal-only,local,ready,,server-delete | server-get | server-patch
/api/bna/tasks/:id/actions/archive-duplicate,server.js:79918,internal,protected,direct/server/static,none detected,,,internal-only,local,ready,,server-post
/api/bna/tasks/:id/actions/choose-decision,server.js:80052,internal,protected,direct/server/static,none detected,,,internal-only,local,ready,,server-post
/api/bna/tasks/:id/actions/convert-to-task,server.js:79893,internal,protected,direct/server/static,none detected,,,internal-only,local,ready,,server-post
/api/bna/tasks/:id/actions/mark-done,server.js:79703,internal,protected,direct/server/static,none detected,,,internal-only,local,ready,,server-post
/api/bna/tasks/:id/actions/mark-pending,server.js:79857,internal,protected,direct/server/static,none detected,,,internal-only,local,ready,,server-post
/api/bna/tasks/:id/actions/mark-received,server.js:79821,internal,protected,direct/server/static,none detected,,,internal-only,local,ready,,server-post
/api/bna/tasks/:id/actions/needs-more-info,server.js:80014,internal,protected,direct/server/static,none detected,,,internal-only,local,ready,,server-post
/api/bna/tasks/:id/actions/reassign,server.js:79989,internal,protected,direct/server/static,none detected,,,internal-only,local,ready,,server-post
/api/bna/tasks/:id/actions/request-missing-input,server.js:79782,internal,protected,direct/server/static,none detected,,,internal-only,local,ready,,server-post
/api/bna/tasks/:id/actions/spawn-agent-job,server.js:79680,internal,protected,direct/server/static,none detected,,,internal-only,local,ready,,server-post
/api/bna/tasks/:id/comments,server.js:78943 | server.js:78979,internal,protected,direct/server/static,none detected,,,internal-only,local,ready,,server-get | server-post
/api/bna/tasks/:id/communications,server.js:40858,internal,protected,direct/server/static,none detected,,,internal-only,local,ready,,server-get
/api/bna/tasks/:id/decision-action,server.js:79678,internal,protected,direct/server/static,none detected,,,internal-only,local,ready,,server-post
/api/bna/tasks/:taskId/agent-runs,server.js:61257,internal,protected,direct/server/static,none detected,,,internal-only,local,ready,,server-post
/api/bna/tasks/:taskId/verification-plan,server.js:61224,internal,protected,direct/server/static,none detected,,,internal-only,local,ready,,server-post
/api/bna/tasks/create-from-text,server.js:78808,internal,protected,direct/server/static,none detected,,,internal-only,local,ready,,server-post
/api/bna/telegram,server.js:80509,internal,protected,direct/server/static,none detected,,,internal-only,live credential,intentionally blocked,,server-post
/api/bna/tickets,server.js:61933 | server.js:77845 | server.js:77881,internal,protected,direct/server/static,none detected,,,internal-only,local,ready,,server-get | server-post
/api/bna/tickets/:id,server.js:61959 | server.js:77947 | server.js:77958,internal,protected,direct/server/static,none detected,,,internal-only,local,ready,,server-get | server-patch
/api/bna/tickets/:id/comments,server.js:77990 | server.js:78003,internal,protected,direct/server/static,none detected,,,internal-only,local,ready,,server-get | server-post
/api/bna/torah-learning,server.js:53276,internal,protected,direct/server/static,none detected,,,internal-only,local,ready,,server-get
/api/bna/torah-learning/entries,server.js:53294,internal,protected,direct/server/static,none detected,,,internal-only,local,ready,,server-post
/api/bna/torah-learning/reconcile-trip-progress,server.js:53309,internal,protected,direct/server/static,none detected,,,internal-only,local,ready,,server-post
/api/bna/video-library/:id/publication-preview,server.js:41880,admin,protected,direct/server/static,none detected,,,internal-only,mocked integration,ready,operations_api_one_time_vimeo_publication_preview,route-registry | server-post
/api/bna/video-library/:id/retention-preview,server.js:41888,admin,protected,direct/server/static,none detected,,,internal-only,mocked integration,ready,operations_api_one_time_recording_retention_preview,route-registry | server-post
/api/bna/video-library/:id/upload,server.js:41896,internal,protected,direct/server/static,none detected,,,internal-only,local,ready,,server-post
/api/bna/video-library/:id/upload-preview,server.js:41869,internal,protected,direct/server/static,none detected,,,internal-only,mocked integration,ready,,server-post
/api/bna/video-library/:id/worksheet-preview,server.js:41853,internal,protected,direct/server/static,none detected,,,internal-only,mocked integration,ready,,server-post
/api/bna/video-library/drafts,server.js:41845,internal,protected,direct/server/static,none detected,,,internal-only,local,ready,,server-post
/api/bna/video-library/recording-pipeline-preview,server.js:41849,admin,protected,direct/server/static,none detected,,,internal-only,mocked integration,ready,operations_api_one_time_recording_pipeline_preview,route-registry | server-post
/api/bna/wapi/diagnostics,server.js:59456,internal,protected,direct/server/static,none detected,,,internal-only,live credential,intentionally blocked,,server-get
/api/bna/wapi/phonebook-corrections,server.js:59756,internal,protected,direct/server/static,none detected,,,internal-only,live credential,intentionally blocked,,server-post
/api/bna/wapi/phonebook-report,server.js:59481,internal,protected,direct/server/static,none detected,,,internal-only,live credential,intentionally blocked,,server-get
/api/bna/wapi/sync,server.js:59910,internal,protected,direct/server/static,none detected,,,internal-only,live credential,intentionally blocked,,server-post
/api/bna/wapi/sync-runs,server.js:59440,internal,protected,direct/server/static,none detected,,,internal-only,live credential,intentionally blocked,,server-get
/api/bna/wapi/webhooks,server.js:59422,internal,protected,direct/server/static,none detected,,,internal-only,live credential,intentionally blocked,,server-get
/api/bna/weekly-updates,server.js:64454 | server.js:64795,internal,protected,direct/server/static,none detected,,,internal-only,local,ready,,server-get | server-post
/api/bna/weekly-updates/:id,server.js:64855,internal,protected,direct/server/static,none detected,,,internal-only,local,ready,,server-patch
/api/bna/whatsapp/:id/convert-to-contact,server.js:60062,internal,protected,direct/server/static,none detected,,,internal-only,live credential,intentionally blocked,,server-post
/api/bna/whatsapp/:id/create-ticket,server.js:60085,internal,protected,direct/server/static,none detected,,,internal-only,live credential,intentionally blocked,,server-post
/api/bna/whatsapp/import,server.js:60043,internal,protected,direct/server/static,none detected,,,internal-only,live credential,intentionally blocked,,server-post
/api/bna/whatsapp/intake,server.js:60010,internal,protected,direct/server/static,none detected,,,internal-only,live credential,intentionally blocked,,server-get
/api/bna/whatsapp/messages,server.js:59965,internal,protected,direct/server/static,none detected,,,internal-only,live credential,intentionally blocked,,server-get
/api/bna/whatsapp/sync,server.js:59934,internal,protected,direct/server/static,none detected,,,internal-only,live credential,intentionally blocked,,server-post
/api/bna/worksheets,server.js:63553 | server.js:63602,internal,protected,direct/server/static,none detected,,,internal-only,local,ready,,server-get | server-post
/api/bna/worksheets/:id/questions,server.js:63637,internal,protected,direct/server/static,none detected,,,internal-only,local,ready,,server-post
/api/bna/workspace-directory,server.js:62690,internal,protected,direct/server/static,none detected,,,internal-only,local,ready,,server-get
/api/bna/workspace-platform,server.js:63249,internal,protected,direct/server/static,none detected,,,internal-only,local,ready,,server-get
/api/bna/workspace-settings/:workspaceKey,server.js:76367,internal,protected,direct/server/static,none detected,,,internal-only,local,ready,,server-patch
/api/bna/workspace-settings/:workspaceKey/branding,server.js:76415,internal,protected,direct/server/static,none detected,,,internal-only,local,ready,,server-get
/api/bna/workspace-users,server.js:62931 | server.js:63063,internal,protected,direct/server/static,none detected,,,internal-only,local,ready,,server-get | server-post
/api/bna/workspace-users/:id,server.js:63152,internal,protected,direct/server/static,none detected,,,internal-only,local,ready,,server-patch
/api/bna/workspace-users/role-audit,server.js:63003,internal,protected,direct/server/static,none detected,,,internal-only,local,ready,,server-get
/api/bna/workspaces,server.js:62699,internal,protected,direct/server/static,none detected,,,internal-only,local,ready,,server-get
/api/bna/workspaces/:key,server.js:62733,internal,protected,direct/server/static,none detected,,,internal-only,local,ready,,server-get
/api/community/learning-communities,server.js:64913,internal,protected,direct/server/static,none detected,,,internal-only,local,ready,,server-get
/api/community/threads,server.js:64937 | server.js:64984,internal,protected,direct/server/static,none detected,,,internal-only,local,ready,,server-get | server-post
/api/community/threads/:id/messages,server.js:65053,internal,protected,direct/server/static,none detected,,,internal-only,local,ready,,server-post
/api/cron/payment-reminders,server.js:57863,internal,protected,direct/server/static,none detected,,,internal-only,live credential,intentionally blocked,,server-post
/api/google/calendar/events,server.js:40639,internal,protected,direct/server/static,none detected,,,internal-only,live credential,intentionally blocked,,server-get
/api/google/classroom/courses,server.js:40610,internal,protected,direct/server/static,none detected,,,internal-only,live credential,intentionally blocked,,server-get
/api/google/connections/:connectionId/disconnect,server.js:40567,internal,protected,/operations.html (fetch),none detected,/operations.html (fetch),,internal-only,live credential,intentionally blocked,,fetch | server-post
/api/google/connections/status,server.js:40360,internal,protected,direct/server/static,none detected,,,internal-only,live credential,intentionally blocked,,server-get
/api/google/drive/setup,server.js:40340,internal,protected,direct/server/static,none detected,,,internal-only,live credential,intentionally blocked,,server-post
/api/google/oauth/callback,server.js:40209,internal,protected,direct/server/static,none detected,,,internal-only,live credential,intentionally blocked,,server-get
/api/google/oauth/callback${qs,,internal,protected,registry-only,none detected,,,internal-only,live credential,intentionally blocked,,
/api/google/oauth/start,server.js:40158,admin,protected,/operations.html (literal-a-href),none detected,/operations.html (literal-a-href),,internal-only,live credential,intentionally blocked,google_oauth_start,literal-a-href | route-registry | server-get
/api/health,server.js:40145,internal,protected,direct/server/static,none detected,,,internal-only,local,ready,,server-get
/api/household/filter-setup,server.js:51443,parent,protected,direct/server/static,none detected,,,internal-only,local,ready,,server-get
/api/household/filter-setup/help-ticket,server.js:51538,parent,protected,direct/server/static,none detected,,,internal-only,local,ready,,server-post
/api/household/filter-setup/start,server.js:51452,parent,protected,direct/server/static,none detected,,,internal-only,local,ready,,server-post
/api/household/filter-setup/submit-code,server.js:51480,parent,protected,direct/server/static,none detected,,,internal-only,local,ready,,server-post
/api/household/filter-setup/verify,server.js:51509,parent,protected,direct/server/static,none detected,,,internal-only,local,ready,,server-post
/api/households/:id,server.js:51314,parent,protected,direct/server/static,none detected,,,internal-only,local,ready,,server-patch
/api/households/:id/members,server.js:51349 | server.js:51359,parent,protected,direct/server/static,none detected,,,internal-only,local,ready,,server-get | server-post
/api/households/:id/members/:memberId,server.js:51394,parent,protected,direct/server/static,none detected,,,internal-only,local,ready,,server-patch
/api/households/current,server.js:51301,parent,protected,direct/server/static,none detected,,,internal-only,local,ready,,server-get
/api/integrations/google/business-profile/status,server.js:40596,internal,protected,direct/server/static,none detected,,,internal-only,live credential,intentionally blocked,,server-get
/api/integrations/google/oauth/callback,server.js:40591,internal,protected,direct/server/static,none detected,,/api/google/oauth/callback${qs  (server-redirect),redirect,live credential,intentionally blocked,,server-get
/api/integrations/google/oauth/start,server.js:40570,internal,protected,direct/server/static,none detected,,,internal-only,live credential,intentionally blocked,,server-get
/api/integrations/google/status,server.js:40453,internal,protected,direct/server/static,none detected,,,internal-only,live credential,intentionally blocked,,server-get
/api/member-library,server.js:71529,member,protected,/member-library.html (fetch),none detected,/member-library.html (fetch),,internal-only,local,ready,,fetch | server-get
/api/member-portal,server.js:397 | server.js:76049,member,protected,direct/server/static,none detected,,,internal-only,local,ready,,server-get | server-use
/api/member-portal/library,server.js:76122,member,protected,direct/server/static,none detected,,,internal-only,local,ready,,server-get
/api/member-portal/live-sessions,server.js:76058,member,protected,direct/server/static,none detected,,,internal-only,local,ready,,server-get
/api/member-portal/live-sessions/:id/check-in,server.js:76085,member,protected,direct/server/static,none detected,,,internal-only,local,ready,,server-post
/api/one-time-classroom,server.js:71543,member,protected,direct/server/static,none detected,,,internal-only,local,ready,,server-get
/api/one-time-classroom/bot,server.js:71674,member,protected,direct/server/static,none detected,,,internal-only,local,ready,,server-post
/api/one-time-classroom/threads/:id/responses,server.js:71567,member,protected,/one-time-classroom.html (fetch),none detected,/one-time-classroom.html (fetch),,internal-only,local,ready,,fetch | server-post
/api/one-time-review,server.js:10256,one time,protected,direct/server/static,none detected,,,internal-only,mocked integration,ready,,server-get
/api/one-time-review/classroom,server.js:10378,one time,protected,direct/server/static,none detected,,,internal-only,mocked integration,ready,,server-get
/api/one-time-review/email-templates,server.js:10389,one time,protected,/one-time-email-review.html (fetch),none detected,/one-time-email-review.html (fetch),,internal-only,mocked integration,ready,,fetch | server-get
/api/one-time-review/parent,server.js:10345,parent,protected,direct/server/static,none detected,,,internal-only,mocked integration,ready,,server-get
/api/one-time-review/provider,server.js:10367,provider,protected,direct/server/static,none detected,,,internal-only,mocked integration,ready,,server-get
/api/one-time-review/student,server.js:10356,student,protected,direct/server/static,none detected,,,internal-only,mocked integration,ready,,server-get
/api/one-time/calendar,server.js:73584,one time,protected,direct/server/static,none detected,,,internal-only,local,ready,,server-get
/api/one-time/campaign,server.js:10109,one time,none,/one-time (fetch),none detected,/one-time (fetch),,internal-only,local,ready,one_time_public_campaign_timer_api,fetch | route-registry | server-get
/api/one-time/instance-config,server.js:10042 | server.js:10050 | server.js:10051 | server.js:10059,one time,protected,public/js/one-time-single-tenant.js (fetch),none detected,public/js/one-time-single-tenant.js (fetch),,internal-only,local,ready,,fetch | server-get | server-use
/api/one-time/interest,server.js:73477,one time,protected,/one-time (fetch),none detected,/one-time (fetch),,internal-only,local,ready,,fetch | server-post
/api/one-time/mishnah/onboarding,server.js:52578,one time,protected,/one-time-preview.html (fetch),none detected,/one-time-preview.html (fetch),,internal-only,local,ready,,fetch | server-post
/api/operations/login,server.js:80293,admin,protected,/operations-login.html (fetch) | /test-login.html (fetch),none detected,/operations-login.html (fetch) | /test-login.html (fetch),,internal-only,local,ready,,fetch | server-post
/api/operations/logout,server.js:80358,admin,protected,direct/server/static,none detected,,,internal-only,local,ready,,server-post
/api/parent,server.js:397,parent,protected,direct/server/static,none detected,,,internal-only,local,ready,,server-use
/api/parent-accountability/onboarding,server.js:51980,parent,protected,direct/server/static,none detected,,,internal-only,local,ready,,server-post
/api/parent-portal,server.js:397 | server.js:50786,parent,protected,direct/server/static,none detected,,,internal-only,local,ready,,server-get | server-use
/api/parent-portal/help,server.js:51745,parent,protected,direct/server/static,none detected,,,internal-only,local,ready,,server-post
/api/parent-portal/login,server.js:50424,parent,protected,direct/server/static,none detected,,,internal-only,local,ready,,server-post
/api/parent-portal/logout,server.js:53269,parent,protected,direct/server/static,none detected,,,internal-only,local,ready,,server-post
/api/parent-portal/notifications/:id/respond,server.js:53143,parent,protected,direct/server/static,none detected,,,internal-only,local,ready,,server-post
/api/parent-portal/password/request,server.js:50500,parent,protected,direct/server/static,none detected,,,internal-only,local,ready,,server-post
/api/parent-portal/password/reset,server.js:50515,parent,protected,direct/server/static,none detected,,,internal-only,local,ready,,server-post
/api/parent-portal/provider-messages,server.js:52749,parent,protected,direct/server/static,none detected,,,internal-only,local,ready,,server-post
/api/parent-portal/questions/:id/respond,server.js:53190,parent,protected,direct/server/static,none detected,,,internal-only,local,ready,,server-post
/api/parent-portal/request-link,server.js:50529,parent,protected,direct/server/static,none detected,,,internal-only,local,ready,,server-post
/api/parent-portal/session,server.js:50732,parent,protected,direct/server/static,none detected,,,internal-only,local,ready,,server-get
/api/parent-portal/students/:studentId/access-code,server.js:52912,parent,protected,direct/server/static,none detected,,,internal-only,local,ready,,server-post
/api/parent-portal/students/:studentId/accountability-pipeline,server.js:52962 | server.js:52982,parent,protected,direct/server/static,none detected,,,internal-only,local,ready,,server-get | server-put
/api/parent-portal/students/:studentId/activity,server.js:50922,parent,protected,direct/server/static,none detected,,,internal-only,local,ready,,server-get
/api/parent-portal/students/:studentId/chat,server.js:53098,parent,protected,direct/server/static,none detected,,,internal-only,local,ready,,server-post
/api/parent-portal/students/:studentId/login-account,server.js:52858,parent,protected,direct/server/static,none detected,,,internal-only,local,ready,,server-post
/api/parent-portal/students/:studentId/meeting-recordings,server.js:52997,parent,protected,direct/server/static,none detected,,,internal-only,local,ready,,server-post
/api/parent-portal/students/:studentId/progress,server.js:50913,parent,protected,direct/server/static,none detected,,,internal-only,local,ready,,server-get
/api/parent-portal/students/:studentId/questions,server.js:50950,parent,protected,direct/server/static,none detected,,,internal-only,local,ready,,server-get
/api/parent-portal/students/:studentId/shoutouts,server.js:50963,parent,protected,direct/server/static,none detected,,,internal-only,local,ready,,server-get
/api/parent-portal/students/:studentId/worksheets,server.js:50937,parent,protected,direct/server/static,none detected,,,internal-only,local,ready,,server-get
/api/parent-portal/students/:studentId/ws11-progress,server.js:50801,parent,protected,direct/server/static,none detected,,,internal-only,local,ready,,server-get
/api/parent/accountability,server.js:51108,parent,protected,direct/server/static,none detected,,,internal-only,local,ready,,server-get
/api/parent/accountability/items,server.js:51150,parent,protected,direct/server/static,none detected,,,internal-only,local,ready,,server-post
/api/parent/accountability/items/:id,server.js:51180,parent,protected,direct/server/static,none detected,,,internal-only,local,ready,,server-patch
/api/parent/assistant,server.js:51258,parent,protected,direct/server/static,none detected,,,internal-only,local,ready,,server-post
/api/parent/auth/login,server.js:50637,parent,protected,direct/server/static,none detected,,,internal-only,local,ready,,server-post
/api/parent/auth/logout,server.js:50670,parent,protected,direct/server/static,none detected,,,internal-only,local,ready,,server-post
/api/parent/checkins,server.js:51665,parent,protected,direct/server/static,none detected,,,internal-only,local,ready,,server-post
/api/parent/children,server.js:51067 | server.js:51592,parent,protected,direct/server/static,none detected,,,internal-only,local,ready,,server-get
/api/parent/children/:personId/overview,server.js:51076,parent,protected,direct/server/static,none detected,,,internal-only,local,ready,,server-get
/api/parent/goals,server.js:51604 | server.js:51620,parent,protected,direct/server/static,none detected,,,internal-only,local,ready,,server-get | server-post
/api/parent/household,server.js:51054,parent,protected,direct/server/static,none detected,,,internal-only,local,ready,,server-get
/api/parent/me,server.js:50677,parent,protected,direct/server/static,none detected,,,internal-only,local,ready,,server-get
/api/parent/overview,server.js:51581,parent,protected,direct/server/static,none detected,,,internal-only,local,ready,,server-get
/api/parent/provider-index,server.js:51208,parent,protected,direct/server/static,none detected,,,internal-only,local,ready,,server-get
/api/parent/provider-questions,server.js:51224,parent,protected,direct/server/static,none detected,,,internal-only,local,ready,,server-post
/api/parent/setup,server.js:51704,parent,protected,direct/server/static,none detected,,,internal-only,local,ready,,server-get
/api/parent/setup/filter,server.js:51713,parent,protected,direct/server/static,none detected,,,internal-only,local,ready,,server-post
/api/payment-complete,server.js:43583,internal,protected,direct/server/static,none detected,,,internal-only,live credential,intentionally blocked,,server-post
/api/pending-payments,server.js:43571,internal,protected,direct/server/static,none detected,,,internal-only,live credential,intentionally blocked,,server-get
/api/portal-bot/actions,server.js:65141,internal,protected,direct/server/static,none detected,,,internal-only,local,ready,,server-get
/api/portal-bot/actions/preview,server.js:65164,internal,protected,direct/server/static,none detected,,,internal-only,mocked integration,ready,,server-post
/api/provider-categories,server.js:44651,provider,protected,/service-providers.html (fetch),none detected,/service-providers.html (fetch),,internal-only,local,ready,,fetch | server-get
/api/provider-onboarding,server.js:45301,provider,protected,direct/server/static,none detected,,,internal-only,local,ready,,server-post
/api/provider-onboarding/intake,server.js:45568,provider,protected,direct/server/static,none detected,,,internal-only,local,ready,,server-post
/api/provider-plans,server.js:44632,provider,protected,direct/server/static,none detected,,,internal-only,local,ready,,server-get
/api/provider-portal,server.js:397,provider,protected,direct/server/static,none detected,,,internal-only,local,ready,,server-use
/api/provider-portal/classroom-drafts,server.js:46095,provider,protected,direct/server/static,none detected,,,internal-only,local,ready,,server-post
/api/provider-portal/login,server.js:45693,provider,protected,direct/server/static,none detected,,,internal-only,local,ready,,server-post
/api/provider-portal/logout,server.js:45736,provider,protected,direct/server/static,none detected,,,internal-only,local,ready,,server-post
/api/provider-portal/messages/:id/reply,server.js:45753,provider,protected,direct/server/static,none detected,,,internal-only,local,ready,,server-post
/api/provider-portal/one-time/class-media,server.js:46161,provider,protected,direct/server/static,none detected,,,internal-only,local,ready,,server-post
/api/provider-portal/one-time/class-media/:jobId,server.js:46178,provider,protected,direct/server/static,none detected,,,internal-only,local,ready,,server-patch
/api/provider-portal/profile,server.js:45814,provider,protected,direct/server/static,none detected,,,internal-only,local,ready,,server-patch
/api/provider-portal/services,server.js:45863,provider,protected,direct/server/static,none detected,,,internal-only,local,ready,,server-post
/api/provider-portal/services/:id,server.js:45908,provider,protected,direct/server/static,none detected,,,internal-only,local,ready,,server-patch
/api/provider-portal/services/:id/sessions,server.js:45962,provider,protected,direct/server/static,none detected,,,internal-only,local,ready,,server-post
/api/provider-portal/session,server.js:45743,provider,protected,direct/server/static,none detected,,,internal-only,local,ready,,server-get
/api/provider-portal/setup-password,server.js:45676,provider,protected,direct/server/static,none detected,,,internal-only,local,ready,,server-post
/api/provider-portal/setup-token,server.js:45657,provider,protected,direct/server/static,none detected,,,internal-only,local,ready,,server-get
/api/provider-signup,server.js:44723,provider,protected,/providers-join.html (fetch),none detected,/providers-join.html (fetch),,internal-only,local,ready,,fetch | server-post
/api/providers,server.js:44662,provider,protected,/service-providers.html (fetch),none detected,/service-providers.html (fetch),,internal-only,local,ready,,fetch | server-get
/api/providers/:id,server.js:44777,provider,protected,direct/server/static,none detected,,,internal-only,local,ready,,server-patch
/api/providers/:id/comments,server.js:44878,provider,protected,direct/server/static,none detected,,,internal-only,local,ready,,server-post
/api/providers/:id/comments/:commentId,server.js:44908,provider,protected,direct/server/static,none detected,,,internal-only,local,ready,,server-patch
/api/providers/:id/google-business/connect,server.js:45130,provider,protected,direct/server/static,none detected,,,internal-only,live credential,intentionally blocked,,server-post
/api/providers/:id/google-business/locations,server.js:45180,provider,protected,direct/server/static,none detected,,,internal-only,live credential,intentionally blocked,,server-get
/api/providers/:id/google-business/reviews,server.js:45161,provider,protected,direct/server/static,none detected,,,internal-only,live credential,intentionally blocked,,server-get
/api/providers/:id/google/connect,server.js:45098,provider,protected,direct/server/static,none detected,,,internal-only,live credential,intentionally blocked,,server-post
/api/providers/:id/media,server.js:44833,provider,protected,direct/server/static,none detected,,,internal-only,local,ready,,server-post
/api/providers/:id/questions,server.js:44944,provider,protected,direct/server/static,none detected,,,internal-only,local,ready,,server-post
/api/providers/:id/upgrade-intent,server.js:45029,provider,protected,direct/server/static,none detected,,,internal-only,local,ready,,server-post
/api/providers/:id/upgrade-interest,server.js:45033,provider,protected,direct/server/static,none detected,,,internal-only,local,ready,,server-post
/api/providers/:slug,server.js:44677,provider,protected,direct/server/static,none detected,,,internal-only,local,ready,,server-get
/api/providers/signup,server.js:44747,provider,protected,direct/server/static,none detected,,,internal-only,local,ready,,server-post
/api/rabbi/checkout,server.js:74646,one time,protected,direct/server/static,none detected,,,internal-only,live credential,intentionally blocked,,server-post
/api/rabbi/member,server.js:397,member,protected,direct/server/static,none detected,,,internal-only,local,ready,,server-use
/api/rabbi/member/library,server.js:74815,member,protected,direct/server/static,none detected,,,internal-only,local,ready,,server-get
/api/rabbi/member/live-sessions,server.js:74862,member,protected,direct/server/static,none detected,,,internal-only,local,ready,,server-get
/api/rabbi/member/login,server.js:74788,member,protected,direct/server/static,none detected,,,internal-only,local,ready,,server-post
/api/rabbi/member/questions,server.js:75063 | server.js:75090,member,protected,direct/server/static,none detected,,,internal-only,local,ready,one_time_member_private_questions,route-registry | server-get | server-post
/api/rabbi/member/request-login,server.js:74739,member,protected,direct/server/static,none detected,,,internal-only,local,ready,,server-post
/api/rabbi/member/session,server.js:74806,member,protected,direct/server/static,none detected,,,internal-only,local,ready,,server-get
/api/rabbi/member/support-tickets,server.js:74885 | server.js:74926,member,protected,direct/server/static,none detected,,,internal-only,local,ready,one_time_member_support,route-registry | server-get | server-post
/api/rabbi/member/support-tickets/:id,server.js:75030,member,protected,direct/server/static,none detected,,,internal-only,local,ready,one_time_member_support_detail,route-registry | server-get
/api/rabbi/tiers,server.js:74631,one time,protected,direct/server/static,none detected,,,internal-only,local,ready,,server-get
/api/service-providers,server.js:44636,provider,protected,direct/server/static,none detected,,,internal-only,local,ready,,server-get
/api/signups,server.js:43559,internal,protected,direct/server/static,none detected,,,internal-only,local,ready,,server-get
/api/student-portal,server.js:397 | server.js:49714,student,protected,direct/server/static,none detected,,,internal-only,local,ready,,server-get | server-use
/api/student-portal/assistant/message,server.js:50113,student,protected,direct/server/static,none detected,,,internal-only,local,ready,,server-post
/api/student-portal/course-questions,server.js:50206,student,protected,direct/server/static,none detected,,,internal-only,local,ready,,server-get
/api/student-portal/course-questions/:id/answer,server.js:50218,student,protected,direct/server/static,none detected,,,internal-only,local,ready,,server-post
/api/student-portal/goals,server.js:49726,student,protected,direct/server/static,none detected,,,internal-only,local,ready,,server-post
/api/student-portal/goals/:id/checkoff,server.js:49770,student,protected,direct/server/static,none detected,,,internal-only,local,ready,,server-post
/api/student-portal/goals/:id/day-checkoff,server.js:49914,student,protected,direct/server/static,none detected,,,internal-only,local,ready,,server-post
/api/student-portal/login,server.js:49610,student,protected,direct/server/static,none detected,,,internal-only,local,ready,,server-post
/api/student-portal/logout,server.js:49697,student,protected,direct/server/static,none detected,,,internal-only,local,ready,,server-post
/api/student-portal/message-parent,server.js:50006,parent,protected,direct/server/static,none detected,,,internal-only,local,ready,,server-post
/api/student-portal/message-rabbi,server.js:50065,student,protected,direct/server/static,none detected,,,internal-only,local,ready,,server-post
/api/student-portal/questions,server.js:50140,student,protected,direct/server/static,none detected,,,internal-only,local,ready,,server-post
/api/student-portal/session,server.js:49704,student,protected,direct/server/static,none detected,,,internal-only,local,ready,,server-get
/api/student-portal/worksheets/:id/submit,server.js:50316,student,protected,direct/server/static,none detected,,,internal-only,local,ready,,server-post
/api/submit,server.js:43092,internal,protected,/signup-he.html (fetch) | /signup.html (fetch),none detected,/signup-he.html (fetch) | /signup.html (fetch),,internal-only,local,ready,,fetch | server-post
/api/tickets,server.js:70189 | server.js:70218,internal,protected,direct/server/static,none detected,,,internal-only,local,ready,,server-get | server-post
/api/tickets/:id,server.js:70255,internal,protected,direct/server/static,none detected,,,internal-only,local,ready,,server-patch
/api/torah-learning/public-summary,server.js:49601,internal,protected,/ (fetch),none detected,/ (fetch),,internal-only,local,ready,,fetch | server-get
/api/webhooks/green-invoice,server.js:60171,internal,protected,direct/server/static,none detected,,,internal-only,local,ready,,server-post
/api/webhooks/green-invoice-disabled-audited-duplicate,server.js:60208,internal,protected,direct/server/static,none detected,,,internal-only,local,ready,,server-post
/api/webhooks/green-invoice-disabled-legacy-fallback,server.js:60336,internal,protected,direct/server/static,none detected,,,internal-only,local,ready,,server-post
/api/webhooks/green-invoice-disabled-normalized-legacy,server.js:60238,internal,protected,direct/server/static,none detected,,,internal-only,local,ready,,server-post
/api/webhooks/green-invoice/rabbi,server.js:75136,one time,protected,direct/server/static,none detected,,,internal-only,local,ready,,server-post
/api/webhooks/stripe/rabbi,server.js:10032,one time,protected,direct/server/static,none detected,,,internal-only,live credential,intentionally blocked,,server-post
/api/webhooks/wapi,server.js:59328 | server.js:59336,internal,protected,direct/server/static,none detected,,,internal-only,live credential,intentionally blocked,,server-get | server-post
/assistant-setup.html,public/assistant-setup.html,public,none,direct/server/static,/,,/ (literal-a-href) | /api/assistant/message (fetch),internal-only,local,incomplete,,html-page
/become-service-provider,public/providers-join.html,provider,none,Alias/alternate route for /provider-signup,none detected,,,alias,local,ready,public_provider_join,route-registry | server-get
/blog,public/blog.html,public,none,/one-time (literal-a-href) | public/js/bna-pages.js (js-generated-route-string) | public/js/bna-site-nav.js (js-generated-route-string),none detected,/one-time (literal-a-href) | public/js/bna-pages.js (js-generated-route-string) | public/js/bna-site-nav.js (js-generated-route-string),,keep,local,incomplete,,js-generated-route-string | literal-a-href | server-get
/blog-post.html,public/blog-post.html,public,none,Alias/alternate route for /blog/:slug,none detected,,,alias,local,ready,,html-page
/blog.html,public/blog.html,public,none,Alias/alternate route for /blog,none detected,,,alias,local,ready,,html-page
/blog/:slug,public/blog-post.html,public,none,public/js/bna-pages.js (js-generated-route-string),none detected,public/js/bna-pages.js (js-generated-route-string),,keep,local,incomplete,,js-generated-route-string | server-get
/community,public/service-providers.html,public,none,Alias/alternate route for /he/service-providers,none detected,,,alias,local,ready,,server-get
/data/learning-moments.json,public/data/learning-moments.json,public,none,/ (fetch),none detected,/ (fetch),,keep,local,incomplete,,fetch | public-static-file
/data/website-blog-posts.json,public/data/website-blog-posts.json,public,none,public/js/bna-content.js (fetch) | public/js/bna-content.js (js-generated-route-string),none detected,public/js/bna-content.js (fetch) | public/js/bna-content.js (js-generated-route-string),,keep,local,incomplete,,fetch | js-generated-route-string | public-static-file
/documents/parent-handbook,public/documents/parent-handbook.html,parent,none,/parents.html (literal-a-href),none detected,/parents.html (literal-a-href),,keep,local,incomplete,,literal-a-href | server-get
/documents/parent-handbook.html,public/documents/parent-handbook.html,parent,none,Alias/alternate route for /documents/parent-handbook,/,,/ (literal-a-href) | /signup.html (literal-a-href),alias,local,ready,,html-page
/documents/registration-document,public/documents/registration-document.html,public,none,public/js/bna-site-nav.js (js-generated-route-string),none detected,public/js/bna-site-nav.js (js-generated-route-string),,keep,local,incomplete,,js-generated-route-string | server-get
/documents/registration-document.html,public/documents/registration-document.html,public,none,Alias/alternate route for /documents/registration-document,none detected,,,alias,local,ready,,html-page
/families,public/parents.html,public,none,Alias/alternate route for /he/parents,none detected,,,alias,local,ready,,server-get
/family,public/parent.html,parent,none,Alias/alternate route for /parent,none detected,,,alias,local,ready,,server-get
/faq,public/faq.html,public,none,/one-time (literal-a-href) | public/js/bna-pages.js (js-generated-route-string) | public/js/bna-site-nav.js (js-generated-route-string),none detected,/one-time (literal-a-href) | public/js/bna-pages.js (js-generated-route-string) | public/js/bna-site-nav.js (js-generated-route-string),,keep,local,incomplete,,js-generated-route-string | literal-a-href | server-get
/faq.html,public/faq.html,public,none,Alias/alternate route for /faq,none detected,,,alias,local,ready,,html-page
/he,public/index.html,public,none,/ (literal-a-href) | public/js/bna-pages.js (js-generated-route-string) | public/js/bna-site-nav.js (js-generated-route-string),none detected,/ (literal-a-href) | public/js/bna-pages.js (js-generated-route-string) | public/js/bna-site-nav.js (js-generated-route-string),,keep,local,ready,public_site_hebrew_alias,js-generated-route-string | literal-a-href | route-registry | server-get
/he/blog,public/blog.html,public,none,public/js/bna-pages.js (js-generated-route-string) | public/js/bna-site-nav.js (js-generated-route-string),none detected,public/js/bna-pages.js (js-generated-route-string) | public/js/bna-site-nav.js (js-generated-route-string),,keep,local,incomplete,,js-generated-route-string | server-get
/he/blog/:slug,public/blog-post.html,public,none,public/js/bna-pages.js (js-generated-route-string),none detected,public/js/bna-pages.js (js-generated-route-string),,keep,local,incomplete,,js-generated-route-string | server-get
/he/community,public/service-providers.html,public,none,Alias/alternate route for /he/service-providers,none detected,,,alias,local,ready,,server-get
/he/families,public/parents.html,public,none,Alias/alternate route for /he/parents,none detected,,,alias,local,ready,,server-get
/he/faq,public/faq.html,public,none,public/js/bna-pages.js (js-generated-route-string) | public/js/bna-site-nav.js (js-generated-route-string),none detected,public/js/bna-pages.js (js-generated-route-string) | public/js/bna-site-nav.js (js-generated-route-string),,keep,local,incomplete,,js-generated-route-string | server-get
/he/parent-app,public/parents.html,parent,none,Alias/alternate route for /he/parents,none detected,,,alias,local,ready,,server-get
/he/parents,public/parents.html,parent,none,public/js/bna-site-nav.js (js-generated-route-string),none detected,public/js/bna-site-nav.js (js-generated-route-string),,keep,local,incomplete,,js-generated-route-string | server-get
/he/providers,public/service-providers.html,provider,none,/ (literal-a-href),none detected,/ (literal-a-href),,alias,local,ready,public_provider_index_hebrew_alias,literal-a-href | route-registry | server-get
/he/school,public/school.html,public,none,public/js/bna-site-nav.js (js-generated-route-string),none detected,public/js/bna-site-nav.js (js-generated-route-string),,keep,local,incomplete,,js-generated-route-string | server-get
/he/service-providers,public/service-providers.html,provider,none,public/js/bna-site-nav.js (js-generated-route-string),none detected,public/js/bna-site-nav.js (js-generated-route-string),,keep,local,incomplete,,js-generated-route-string | server-get
/he/signup,public/signup-he.html,public,none,Alias/alternate route for /signup-he,none detected,,,alias,local,ready,,server-get
/household,public/parent.html,parent,none,Alias/alternate route for /parent,none detected,,,alias,local,ready,,server-get
/index.html,public/index.html,public,none,public/js/bna-site-nav.js (js-generated-route-string),none detected,public/js/bna-site-nav.js (js-generated-route-string),,alias,local,ready,,js-generated-route-string | public-static-file
/integration-setup.html,public/integration-setup.html,public,none,/operations.html (literal-a-href),/operations,/operations.html (literal-a-href),/operations (literal-a-href),keep,local,ready,public_owner_setup_center,html-page | literal-a-href | route-registry
/manifest.json,public/manifest.json,public,none,public/sw.js (service-worker),none detected,public/sw.js (service-worker),,keep,local,incomplete,,public-static-file | service-worker
/member,server.js:80460,member,entry page,/operations.html (literal-a-href) | public/sw.js (service-worker),none detected,/operations.html (literal-a-href) | public/sw.js (service-worker),,alias,local,ready,member_portal_alias,literal-a-href | route-registry | server-get | service-worker
/member-library,public/member-library.html,member,protected,/member-library.html (literal-a-href) | /member.html (literal-a-href) | /one-time-classroom.html (literal-a-href) | /operations.html (literal-a-href) | /provider-participant.html (literal-a-href) | /rabbi-member.html (literal-a-href) | /rabbi.html (literal-a-href) | public/sw.js (service-worker),none detected,/member-library.html (literal-a-href) | /member.html (literal-a-href) | /one-time-classroom.html (literal-a-href) | /operations.html (literal-a-href) | /provider-participant.html (literal-a-href) | /rabbi-member.html (literal-a-href) | /rabbi.html (literal-a-href) | public/sw.js (service-worker),,keep,local,ready,one_time_member_library,literal-a-href | route-registry | server-get | service-worker
/member-library.html,public/member-library.html,member,none,Alias/alternate route for /member-library,/ | /member-library | /one-time | /one-time-classroom | /rabbi-member,,/ (literal-a-href) | /api/member-library (fetch) | /member-library (literal-a-href) | /one-time (literal-a-href) | /one-time-classroom (literal-a-href) | /rabbi-member (literal-a-href),alias,local,ready,,html-page
/member-portal,server.js:80460,member,entry page,direct/server/static,none detected,,,alias,local,ready,member_portal_legacy_alias,route-registry | server-get
/member.html,public/member.html,member,entry page,direct/server/static,/ | /member-library | /one-time-classroom | /rabbi-member,,/ (literal-a-href) | /member-library (literal-a-href) | /one-time-classroom (literal-a-href) | /rabbi-member (literal-a-href),alias,local,ready,member_portal_static_legacy_alias,html-page | route-registry
/one-time,public/one-time/index.html,one time,none,/ (literal-a-href) | /member-library.html (literal-a-href) | /one-time (literal-a-href) | /one-time-classroom.html (literal-a-href) | /one-time-email-review.html (literal-a-href) | /one-time/privacy.html (literal-a-href) | /one-time/terms.html (literal-a-href) | /parent.html (literal-a-href),/ | /one-time | /parents | /rabbi-member | /school | /service-providers,/ (literal-a-href) | /member-library.html (literal-a-href) | /one-time (literal-a-href) | /one-time-classroom.html (literal-a-href) | /one-time-email-review.html (literal-a-href) | /one-time/privacy.html (literal-a-href) | /one-time/terms.html (literal-a-href) | /parent.html (literal-a-href) | /provider-participant.html (literal-a-href) | /provider.html (literal-a-href) | /rabbi-member.html (literal-a-href) | /student.html (literal-a-href) | public/js/bna-site-nav.js (js-generated-route-string),/ (literal-a-href) | /api/one-time/campaign (fetch) | /api/one-time/interest (fetch) | /blog (literal-a-href) | /faq (literal-a-href) | /one-time (literal-a-href) | /one-time/privacy.html (literal-a-href) | /one-time/terms.html (literal-a-href) | /parents (literal-a-href) | /rabbi-member (literal-a-href) | /school (literal-a-href) | /service-providers (literal-a-href) | /signup.html (literal-a-href),keep,local,ready,one_time_public_focused_offer,html-page | js-generated-route-string | literal-a-href | route-registry | server-get
/one-time-classroom,public/one-time-classroom.html,provider,protected,/member-library.html (literal-a-href) | /member.html (literal-a-href) | /one-time-classroom.html (literal-a-href) | /operations.html (literal-a-href) | /rabbi-member.html (literal-a-href) | /rabbi.html (literal-a-href) | public/sw.js (service-worker),none detected,/member-library.html (literal-a-href) | /member.html (literal-a-href) | /one-time-classroom.html (literal-a-href) | /operations.html (literal-a-href) | /rabbi-member.html (literal-a-href) | /rabbi.html (literal-a-href) | public/sw.js (service-worker),,keep,local,ready,one_time_classroom,literal-a-href | route-registry | server-get | service-worker
/one-time-classroom.html,public/one-time-classroom.html,provider,protected,/one-time-email-review.html (literal-a-href) | /parent.html (literal-a-href) | /provider.html (literal-a-href) | /student.html (literal-a-href),/ | /member-library | /one-time | /one-time-classroom | /rabbi-member,/one-time-email-review.html (literal-a-href) | /parent.html (literal-a-href) | /provider.html (literal-a-href) | /student.html (literal-a-href),/ (literal-a-href) | /api/one-time-classroom/threads/:id/responses (fetch) | /member-library (literal-a-href) | /one-time (literal-a-href) | /one-time-classroom (literal-a-href) | /rabbi-member (literal-a-href),alias,local,ready,one_time_classroom_static_alias,html-page | literal-a-href | route-registry | server-get
/one-time-email-review.html,public/one-time-email-review.html,one time,entry page,/provider.html (literal-a-href),/one-time,/provider.html (literal-a-href),/api/one-time-review/email-templates (fetch) | /one-time (literal-a-href) | /one-time-classroom.html (literal-a-href) | /parent.html (literal-a-href) | /provider.html (literal-a-href) | /student.html (literal-a-href),internal-only,mocked integration,ready,one_time_email_review,html-page | literal-a-href | route-registry
/one-time-member-library,public/member-library.html,member,none,Alias/alternate route for /member-library,none detected,,,alias,local,ready,,server-get
/one-time-mishnayos,public/rabbi.html,one time,none,Alias/alternate route for /rabbi,none detected,,,alias,local,ready,,server-get
/one-time-preview,public/one-time-preview.html,one time,none,direct/server/static,none detected,,,internal-only,mocked integration,incomplete,,server-get
/one-time-preview.html,public/one-time-preview.html,one time,none,Alias/alternate route for /one-time-preview,none detected,,/api/one-time/mishnah/onboarding (fetch),alias,mocked integration,ready,,html-page
/one-time/interest,public/one-time/index.html,one time,none,Alias/alternate route for /one-time,none detected,,,alias,local,ready,,server-get
/one-time/israel,public/one-time/index.html,one time,none,Alias/alternate route for /one-time,none detected,,,alias,local,ready,,server-get
/one-time/member-login,server.js:80460,member,entry page,direct/server/static,none detected,,,alias,local,ready,one_time_member_login_alias,route-registry | server-get
/one-time/mishnayos,public/one-time/index.html,one time,none,direct/server/static,none detected,,,alias,local,ready,one_time_public_focused_offer_alias,route-registry | server-get
/one-time/privacy.html,public/one-time/privacy.html,one time,none,/one-time (literal-a-href),/one-time,/one-time (literal-a-href),/one-time (literal-a-href),keep,local,ready,one_time_public_privacy_policy,html-page | literal-a-href | route-registry
/one-time/terms.html,public/one-time/terms.html,one time,none,/one-time (literal-a-href),/one-time,/one-time (literal-a-href),/one-time (literal-a-href),keep,local,ready,one_time_public_terms_policy,html-page | literal-a-href | route-registry
/one-time/uk,public/one-time/index.html,one time,none,Alias/alternate route for /one-time,none detected,,,alias,local,ready,,server-get
/one-time/us,public/one-time/index.html,one time,none,Alias/alternate route for /one-time,none detected,,,alias,local,ready,,server-get
/operations,public/operations.html | server.js:397,admin,protected,/integration-setup.html (literal-a-href) | /operations.html (location.replace) | /test-login.html (window.location) | public/operations-manifest.json (manifest:id) | public/operations-manifest.json (manifest:scope) | public/operations-manifest.json (manifest:start_url) | public/sw.js (service-worker),none detected,/integration-setup.html (literal-a-href) | /operations.html (location.replace) | /test-login.html (window.location) | public/operations-manifest.json (manifest:id) | public/operations-manifest.json (manifest:scope) | public/operations-manifest.json (manifest:start_url) | public/sw.js (service-worker),,keep,local,ready,operations,literal-a-href | location.replace | manifest:id | manifest:scope | manifest:start_url | route-registry | server-get | server-use | service-worker | window.location
/operations-access,server.js:397 | server.js:60419,admin,none,direct/server/static,none detected,,/operations-login.html (server-redirect),redirect,local,incomplete,,server-get | server-use
/operations-login.html,public/operations-login.html,admin,entry page,/operations-access (server-redirect) | /operations.html (literal-a-href) | /operations.html (window.location) | public/sw.js (service-worker),none detected,/operations-access (server-redirect) | /operations.html (literal-a-href) | /operations.html (window.location) | public/sw.js (service-worker),/api/bna/auth/me (fetch) | /api/operations/login (fetch),internal-only,local,ready,operations_login,html-page | literal-a-href | route-registry | server-redirect | service-worker | window.location
/operations.html,public/operations.html,admin,none,Alias/alternate route for /operations,/member | /member-library | /one-time-classroom | /operations | /provider | /rabbi | /rabbi-member,,/api/bna (fetch) | /api/google/connections/:connectionId/disconnect (fetch) | /api/google/oauth/start (literal-a-href) | /integration-setup.html (literal-a-href) | /member (literal-a-href) | /member-library (literal-a-href) | /one-time-classroom (literal-a-href) | /operations (location.replace) | /operations-login.html (literal-a-href) | /operations-login.html (window.location) | /provider (literal-a-href) | /provider-signup (literal-a-href) | /providers/:slug (literal-a-href) | /rabbi (literal-a-href) | /rabbi-member (literal-a-href),alias,local,ready,,html-page
/operations/agents/runs/:runKey,public/operations.html,admin,none,direct/server/static,none detected,,,keep,local,incomplete,,server-get
/operations?view=studio,public/operations.html | server.js:397,admin,protected,direct/server/static,none detected,,,keep,mocked integration,ready,operations_service_provider_studio,route-registry
/parent,public/parent.html,parent,protected,/parent-login.html (literal-a-href) | /parent-login.html (window.location) | /parent.html (literal-a-href) | public/parent-manifest.json (manifest:id) | public/parent-manifest.json (manifest:scope) | public/parent-manifest.json (manifest:start_url) | public/sw.js (service-worker),none detected,/parent-login.html (literal-a-href) | /parent-login.html (window.location) | /parent.html (literal-a-href) | public/parent-manifest.json (manifest:id) | public/parent-manifest.json (manifest:scope) | public/parent-manifest.json (manifest:start_url) | public/sw.js (service-worker),,keep,local,ready,parent_portal,literal-a-href | manifest:id | manifest:scope | manifest:start_url | route-registry | server-get | service-worker | window.location
/parent-app,public/parents.html,parent,none,Alias/alternate route for /he/parents,none detected,,,alias,local,ready,,server-get
/parent-login,public/parent-login.html | public/parent.html,parent,none,Alias/alternate route for /parent/login,none detected,,,alias,local,ready,,server-get
/parent-login.html,public/parent-login.html,parent,none,Alias/alternate route for /parent/login,/ | /parent | /parents,,/ (literal-a-href) | /parent (literal-a-href) | /parent (window.location) | /parent/login (literal-a-href) | /parents (literal-a-href) | /student/login (literal-a-href),alias,local,ready,,html-page
/parent.html,public/parent.html,parent,protected,/one-time-email-review.html (literal-a-href) | /provider.html (literal-a-href) | /student.html (literal-a-href),/ | /one-time | /parent | /parents,/one-time-email-review.html (literal-a-href) | /provider.html (literal-a-href) | /student.html (literal-a-href),/ (literal-a-href) | /one-time (literal-a-href) | /one-time-classroom.html (literal-a-href) | /parent (literal-a-href) | /parents (literal-a-href) | /student.html (literal-a-href) | /student/login (literal-a-href),alias,local,ready,parent_portal_static_alias,html-page | literal-a-href | route-registry
/parent/login,public/parent-login.html | public/parent.html,parent,entry page,/ (literal-a-href) | /parent-login.html (literal-a-href) | /parents.html (literal-a-href) | /service-providers.html (literal-a-href) | /student.html (literal-a-href) | public/js/bna-site-nav.js (js-generated-route-string),none detected,/ (literal-a-href) | /parent-login.html (literal-a-href) | /parents.html (literal-a-href) | /service-providers.html (literal-a-href) | /student.html (literal-a-href) | public/js/bna-site-nav.js (js-generated-route-string),,keep,local,ready,parent_portal_login,js-generated-route-string | literal-a-href | route-registry | server-get
/parents,public/parents.html,parent,none,/ (literal-a-href) | /one-time (literal-a-href) | /parent-login.html (literal-a-href) | /parent.html (literal-a-href) | /student.html (literal-a-href) | public/js/bna-site-nav.js (js-generated-route-string),none detected,/ (literal-a-href) | /one-time (literal-a-href) | /parent-login.html (literal-a-href) | /parent.html (literal-a-href) | /student.html (literal-a-href) | public/js/bna-site-nav.js (js-generated-route-string),,keep,local,ready,public_parent_information,js-generated-route-string | literal-a-href | route-registry | server-get
/parents.html,public/parents.html,parent,none,Alias/alternate route for /he/parents,none detected,,/documents/parent-handbook (literal-a-href) | /parent/login (literal-a-href),alias,local,ready,,html-page | server-get
/platform-ui,public/platform-ui/index.html,public,none,direct/server/static,none detected,,,internal-only,local,incomplete,,html-page
/preview/one-time-mishnah,public/one-time-preview.html,one time,none,direct/server/static,none detected,,,internal-only,mocked integration,incomplete,,server-get
/provider,public/provider.html,provider,entry page,/ (literal-a-href) | /operations.html (literal-a-href) | /provider-participant.html (literal-a-href) | /provider.html (literal-a-href) | public/js/bna-site-nav.js (js-generated-route-string) | public/sw.js (service-worker),none detected,/ (literal-a-href) | /operations.html (literal-a-href) | /provider-participant.html (literal-a-href) | /provider.html (literal-a-href) | public/js/bna-site-nav.js (js-generated-route-string) | public/sw.js (service-worker),,keep,local,ready,provider_portal,js-generated-route-string | literal-a-href | route-registry | server-get | service-worker
/provider-dashboard,public/provider.html,provider,none,Alias/alternate route for /provider,none detected,,,alias,local,ready,,server-get
/provider-participant,public/provider-participant.html,provider participant,none,/rabbi.html (literal-a-href),none detected,/rabbi.html (literal-a-href),,keep,local,incomplete,,literal-a-href | server-get
/provider-participant.html,public/provider-participant.html,provider participant,none,Alias/alternate route for /provider-participant,/ | /member-library | /one-time | /provider | /rabbi-member,,/ (literal-a-href) | /member-library (literal-a-href) | /one-time (literal-a-href) | /provider (literal-a-href) | /rabbi-member (literal-a-href),alias,local,ready,,html-page
/provider-profile.html,public/provider-profile.html,provider,none,Alias/alternate route for /providers/:slug,/service-providers,,/providers/category/:categorySlug (literal-a-href) | /service-providers (literal-a-href),alias,local,ready,,html-page
/provider-signup,public/providers-join.html,provider,none,/operations.html (literal-a-href),none detected,/operations.html (literal-a-href),,alias,local,ready,public_provider_join_alias,literal-a-href | route-registry | server-get
/provider-signup.html,public/providers-join.html,provider,none,Alias/alternate route for /providers/join,none detected,,,alias,local,ready,,server-get
/provider.html,public/provider.html,provider,none,/one-time-email-review.html (literal-a-href),/ | /one-time | /provider | /service-providers,/one-time-email-review.html (literal-a-href),/ (literal-a-href) | /api/bna/one-time/view-as-rabbi/end (fetch) | /one-time (literal-a-href) | /one-time-classroom.html (literal-a-href) | /one-time-email-review.html (literal-a-href) | /parent.html (literal-a-href) | /provider (literal-a-href) | /providers/join (literal-a-href) | /service-providers (literal-a-href) | /student.html (literal-a-href),alias,local,ready,,html-page | literal-a-href
/provider/login,public/provider.html,provider,none,Alias/alternate route for /provider,none detected,,,alias,local,ready,,server-get
/provider/member,public/provider-participant.html,provider participant,none,Alias/alternate route for /provider-participant,none detected,,,alias,local,ready,,server-get
/providers,public/service-providers.html,provider,none,Alias/alternate route for /he/service-providers,none detected,,,alias,local,ready,public_provider_index_alias,route-registry | server-get
/providers-join.html,public/providers-join.html,provider,none,Alias/alternate route for /providers/join,none detected,,/api/provider-signup (fetch),alias,local,ready,,html-page
/providers/:slug,public/provider-profile.html,provider,none,/operations.html (literal-a-href) | /service-providers.html (literal-a-href),none detected,/operations.html (literal-a-href) | /service-providers.html (literal-a-href),,keep,local,ready,public_provider_profile,literal-a-href | route-registry | server-get
/providers/category/:categorySlug,public/service-providers.html,provider,none,/provider-profile.html (literal-a-href) | /service-providers.html (literal-a-href),none detected,/provider-profile.html (literal-a-href) | /service-providers.html (literal-a-href),,keep,local,incomplete,,literal-a-href | server-get
/providers/join,public/providers-join.html,provider,none,/ (literal-a-href) | /provider.html (literal-a-href) | /service-providers.html (literal-a-href) | public/js/bna-site-nav.js (js-generated-route-string) | public/js/bna-site-nav.js (literal-a-href),none detected,/ (literal-a-href) | /provider.html (literal-a-href) | /service-providers.html (literal-a-href) | public/js/bna-site-nav.js (js-generated-route-string) | public/js/bna-site-nav.js (literal-a-href),,keep,local,ready,public_provider_profile,js-generated-route-string | literal-a-href | server-get
/rabbi,public/rabbi.html,one time,none,/operations.html (literal-a-href) | /rabbi.html (literal-a-href),none detected,/operations.html (literal-a-href) | /rabbi.html (literal-a-href),,keep,local,ready,one_time_public_landing,literal-a-href | route-registry | server-get
/rabbi-member,public/rabbi-member.html,member,entry page,/member-library.html (literal-a-href) | /member.html (literal-a-href) | /one-time (literal-a-href) | /one-time-classroom.html (literal-a-href) | /operations.html (literal-a-href) | /provider-participant.html (literal-a-href) | /rabbi-member.html (literal-a-href) | /rabbi.html (literal-a-href),none detected,/member-library.html (literal-a-href) | /member.html (literal-a-href) | /one-time (literal-a-href) | /one-time-classroom.html (literal-a-href) | /operations.html (literal-a-href) | /provider-participant.html (literal-a-href) | /rabbi-member.html (literal-a-href) | /rabbi.html (literal-a-href) | public/sw.js (service-worker),,keep,local,ready,one_time_member_entry,literal-a-href | route-registry | server-get | service-worker
/rabbi-member.html,public/rabbi-member.html,member,none,Alias/alternate route for /rabbi-member,/ | /member-library | /one-time | /one-time-classroom | /rabbi-member,,/ (literal-a-href) | /member-library (literal-a-href) | /one-time (literal-a-href) | /one-time-classroom (literal-a-href) | /rabbi-member (literal-a-href),alias,local,ready,,html-page
/rabbi-preview,public/rabbi.html,one time,none,Alias/alternate route for /rabbi,none detected,,,alias,mocked integration,ready,,server-get
/rabbi.html,public/rabbi.html,one time,none,Alias/alternate route for /rabbi,/ | /member-library | /one-time-classroom | /rabbi | /rabbi-member,,/ (literal-a-href) | /member-library (literal-a-href) | /one-time-classroom (literal-a-href) | /provider-participant (literal-a-href) | /rabbi (literal-a-href) | /rabbi-member (literal-a-href),alias,local,ready,,html-page
/rabbi/member,public/rabbi-member.html,member,none,Alias/alternate route for /rabbi-member,none detected,,,alias,local,ready,,server-get
/register,public/signup.html,public,none,public/js/bna-site-nav.js (js-generated-route-string),none detected,public/js/bna-site-nav.js (js-generated-route-string),,alias,local,ready,,js-generated-route-string | server-get
/school,public/school.html,public,none,/ (literal-a-href) | /one-time (literal-a-href) | public/js/bna-site-nav.js (js-generated-route-string),none detected,/ (literal-a-href) | /one-time (literal-a-href) | public/js/bna-site-nav.js (js-generated-route-string),,keep,local,ready,public_school_page,js-generated-route-string | literal-a-href | route-registry | server-get
/school.html,public/school.html,public,none,Alias/alternate route for /he/school,none detected,,/signup.html (literal-a-href),alias,local,ready,,html-page | server-get
/service-providers,public/service-providers.html,provider,none,/one-time (literal-a-href) | /provider-profile.html (literal-a-href) | /provider.html (literal-a-href) | public/js/bna-site-nav.js (js-generated-route-string),none detected,/one-time (literal-a-href) | /provider-profile.html (literal-a-href) | /provider.html (literal-a-href) | public/js/bna-site-nav.js (js-generated-route-string),,keep,local,ready,public_provider_index,js-generated-route-string | literal-a-href | route-registry | server-get
/service-providers.html,public/service-providers.html,provider,none,Alias/alternate route for /he/service-providers,none detected,,/api/provider-categories (fetch) | /api/providers (fetch) | /parent/login (literal-a-href) | /providers/:slug (literal-a-href) | /providers/category/:categorySlug (literal-a-href) | /providers/join (literal-a-href),alias,local,ready,,html-page
/signup,public/signup.html,public,none,public/js/bna-site-nav.js (js-generated-route-string),none detected,public/js/bna-site-nav.js (js-generated-route-string),,keep,local,incomplete,,js-generated-route-string | server-get
/signup-he,public/signup-he.html,public,none,Alias/alternate route for /he/signup,none detected,,,alias,local,ready,,server-get
/signup-he.html,public/signup-he.html,public,none,/signup-he.html (literal-a-href) | /signup.html (literal-a-href) | public/js/bna-site-nav.js (js-generated-route-string) | public/sw.js (service-worker),none detected,/signup-he.html (literal-a-href) | /signup.html (literal-a-href) | public/js/bna-site-nav.js (js-generated-route-string) | public/sw.js (service-worker),/api/assistant/message (fetch) | /api/submit (fetch) | /signup-he.html (literal-a-href) | /signup.html (literal-a-href),alias,local,ready,,html-page | js-generated-route-string | literal-a-href | service-worker
/signup-thank-you.html,public/signup-thank-you.html,public,none,public/js/bna-site-nav.js (js-generated-route-string) | public/sw.js (service-worker),/,public/js/bna-site-nav.js (js-generated-route-string) | public/sw.js (service-worker),/ (literal-a-href),keep,local,incomplete,,html-page | js-generated-route-string | service-worker
/signup.html,public/signup.html,public,none,/ (literal-a-href) | /documents/parent-handbook.html (literal-a-href) | /one-time (literal-a-href) | /school.html (literal-a-href) | /signup-he.html (literal-a-href) | /signup.html (literal-a-href) | public/js/bna-content.js (js-generated-route-string) | public/js/bna-site-nav.js (js-generated-route-string),/,/ (literal-a-href) | /documents/parent-handbook.html (literal-a-href) | /one-time (literal-a-href) | /school.html (literal-a-href) | /signup-he.html (literal-a-href) | /signup.html (literal-a-href) | public/js/bna-content.js (js-generated-route-string) | public/js/bna-site-nav.js (js-generated-route-string) | public/sw.js (service-worker),/ (window.location) | /api/assistant/message (fetch) | /api/submit (fetch) | /signup-he.html (literal-a-href) | /signup.html (literal-a-href),alias,local,ready,public_signup,html-page | js-generated-route-string | literal-a-href | route-registry | service-worker
/student,public/student.html,student,protected,/student.html (literal-a-href) | public/sw.js (service-worker),none detected,/student.html (literal-a-href) | public/sw.js (service-worker),,keep,local,ready,student_portal,literal-a-href | route-registry | server-get | service-worker
/student.html,public/student.html,student,protected,/one-time-email-review.html (literal-a-href) | /parent.html (literal-a-href) | /provider.html (literal-a-href),/ | /one-time | /parents | /student,/one-time-email-review.html (literal-a-href) | /parent.html (literal-a-href) | /provider.html (literal-a-href),/ (literal-a-href) | /one-time (literal-a-href) | /one-time-classroom.html (literal-a-href) | /parent.html (literal-a-href) | /parent/login (literal-a-href) | /parents (literal-a-href) | /student (literal-a-href),alias,local,ready,student_portal_static_alias,html-page | literal-a-href | route-registry
/student/login,public/student.html,student,entry page,/ (literal-a-href) | /parent-login.html (literal-a-href) | /parent.html (literal-a-href) | public/js/bna-site-nav.js (js-generated-route-string),none detected,/ (literal-a-href) | /parent-login.html (literal-a-href) | /parent.html (literal-a-href) | public/js/bna-site-nav.js (js-generated-route-string),,keep,local,ready,student_portal_login,js-generated-route-string | literal-a-href | route-registry | server-get
/test-login.html,public/test-login.html,public,none,direct/server/static,/operations,,/api/operations/login (fetch) | /operations (window.location),internal-only,mocked integration,incomplete,,html-page
