id,label,group,viewport,rating,status,screenshot,url,visibleButtonCount,visibleLinkCount,disabledButtonCount
public-home,Public Site Home,Public Website,desktop,8.1,ok,screenshots/desktop/public-home.jpg,https://bneineviimacademy.org/,20,38,0
public-home-he,Public Site Home Hebrew Route,Public Website,desktop,8.7,ok,screenshots/desktop/public-home-he.jpg,https://bneineviimacademy.org/he,18,26,0
public-blog,Blog,Public Website,desktop,8.6,ok,screenshots/desktop/public-blog.jpg,https://bneineviimacademy.org/blog,10,55,0
public-blog-he,Blog Hebrew Route,Public Website,desktop,9.2,ok,screenshots/desktop/public-blog-he.jpg,https://bneineviimacademy.org/he/blog,7,31,0
public-faq,FAQ,Public Website,desktop,9.2,ok,screenshots/desktop/public-faq.jpg,https://bneineviimacademy.org/faq,0,19,0
public-faq-he,FAQ Hebrew Route,Public Website,desktop,9.2,ok,screenshots/desktop/public-faq-he.jpg,https://bneineviimacademy.org/he/faq,0,19,0
public-signup,Signup English,Public Website,desktop,9.2,ok,screenshots/desktop/public-signup.jpg,https://bneineviimacademy.org/signup.html,7,3,0
public-signup-he,Signup Hebrew,Public Website,desktop,9.2,ok,screenshots/desktop/public-signup-he.jpg,https://bneineviimacademy.org/signup-he.html,7,3,0
public-signup-thank-you,Signup Thank You,Public Website,desktop,9.2,ok,screenshots/desktop/public-signup-thank-you.jpg,https://bneineviimacademy.org/signup-thank-you.html,1,1,0
public-parent-handbook,Parent Handbook,Public Website,desktop,9.2,ok,screenshots/desktop/public-parent-handbook.jpg,https://bneineviimacademy.org/documents/parent-handbook.html,1,2,1
operations-login,Operations Login,Auth / Login,desktop,8.8,ok,screenshots/desktop/operations-login.jpg,https://bneineviimacademy.org/operations-login.html,1,0,0
parent-login,Parent Portal Login,Parent Portal,desktop,8.8,ok,screenshots/desktop/parent-login.jpg,https://bneineviimacademy.org/parent,4,0,0
student-login,Student Workspace Login,Student Workspace,desktop,8.8,ok,screenshots/desktop/student-login.jpg,https://bneineviimacademy.org/student,3,0,0
provider-login,Provider Portal Login,Provider Portal,desktop,8.8,ok,screenshots/desktop/provider-login.jpg,https://bneineviimacademy.org/provider,1,0,0
provider-join,Provider Join / Onboarding,Provider Onboarding,desktop,9.2,ok,screenshots/desktop/provider-join.jpg,https://bneineviimacademy.org/providers/join,3,1,0
parent-login-hebrew,Parent Portal Login - Hebrew,Parent Portal,desktop,8.8,ok,screenshots/desktop/parent-login-hebrew.jpg,https://bneineviimacademy.org/parent,4,0,0
parent-password-reset,Parent Portal Password Reset Request,Parent Portal,desktop,9.2,ok,screenshots/desktop/parent-password-reset.jpg,https://bneineviimacademy.org/parent,4,0,0
student-login-hebrew,Student Workspace Login - Hebrew,Student Workspace,desktop,8.8,ok,screenshots/desktop/student-login-hebrew.jpg,https://bneineviimacademy.org/student,3,0,0
provider-join-filled-draft,Provider Join Form Filled Draft,Provider Onboarding,desktop,9.2,ok,screenshots/desktop/provider-join-filled-draft.jpg,https://bneineviimacademy.org/providers/join,3,1,0
operations-platform-dashboard-overview,Operations / Platform / Super Admin / Dashboard / Overview,Operations,desktop,9.2,ok,screenshots/desktop/operations-platform-dashboard-overview.jpg,https://bneineviimacademy.org/operations?workspace=platform&view=dashboard&section=overview,31,1,0
operations-platform-dashboard-activity,Operations / Platform / Super Admin / Dashboard / Activity,Operations,desktop,9.2,ok,screenshots/desktop/operations-platform-dashboard-activity.jpg,https://bneineviimacademy.org/operations?workspace=platform&view=dashboard&section=activity,21,1,0
operations-platform-dashboard-alerts,Operations / Platform / Super Admin / Dashboard / Alerts,Operations,desktop,9.2,ok,screenshots/desktop/operations-platform-dashboard-alerts.jpg,https://bneineviimacademy.org/operations?workspace=platform&view=dashboard&section=alerts,25,1,0
operations-platform-dashboard-today,Operations / Platform / Super Admin / Dashboard / Today,Operations,desktop,9.2,ok,screenshots/desktop/operations-platform-dashboard-today.jpg,https://bneineviimacademy.org/operations?workspace=platform&view=dashboard&section=today,21,1,0
operations-platform-dashboard-updates,Operations / Platform / Super Admin / Dashboard / Updates,Operations,desktop,9.2,ok,screenshots/desktop/operations-platform-dashboard-updates.jpg,https://bneineviimacademy.org/operations?workspace=platform&view=dashboard&section=updates,21,1,0
operations-platform-pipelines-overview,Operations / Platform / Super Admin / Pipelines / Overview,Operations,desktop,9.2,ok,screenshots/desktop/operations-platform-pipelines-overview.jpg,https://bneineviimacademy.org/operations?workspace=platform&view=pipelines&section=overview,28,1,0
operations-platform-pipelines-bna_enrollment,Operations / Platform / Super Admin / Pipelines / Bna Enrollment,Operations,desktop,9.2,ok,screenshots/desktop/operations-platform-pipelines-bna_enrollment.jpg,https://bneineviimacademy.org/operations?workspace=platform&view=pipelines&section=bna_enrollment,24,1,0
operations-platform-pipelines-provider_class,Operations / Platform / Super Admin / Pipelines / Provider Class,Operations,desktop,9.2,ok,screenshots/desktop/operations-platform-pipelines-provider_class.jpg,https://bneineviimacademy.org/operations?workspace=platform&view=pipelines&section=provider_class,24,1,0
operations-platform-pipelines-provider_onboarding,Operations / Platform / Super Admin / Pipelines / Provider Onboarding,Operations,desktop,9.2,ok,screenshots/desktop/operations-platform-pipelines-provider_onboarding.jpg,https://bneineviimacademy.org/operations?workspace=platform&view=pipelines&section=provider_onboarding,24,1,0
operations-platform-pipelines-participants,Operations / Platform / Super Admin / Pipelines / Participants,Operations,desktop,9.2,ok,screenshots/desktop/operations-platform-pipelines-participants.jpg,https://bneineviimacademy.org/operations?workspace=platform&view=pipelines&section=participants,24,1,0
operations-platform-pipelines-stale_tasks,Operations / Platform / Super Admin / Pipelines / Stale Tasks,Operations,desktop,9.2,ok,screenshots/desktop/operations-platform-pipelines-stale_tasks.jpg,https://bneineviimacademy.org/operations?workspace=platform&view=pipelines&section=stale_tasks,24,1,0
operations-platform-pipelines-decisions,Operations / Platform / Super Admin / Pipelines / Decisions,Operations,desktop,9.2,ok,screenshots/desktop/operations-platform-pipelines-decisions.jpg,https://bneineviimacademy.org/operations?workspace=platform&view=pipelines&section=decisions,24,1,0
operations-platform-tasks-overview,Operations / Platform / Super Admin / Tasks / Overview,Operations,desktop,9.2,ok,screenshots/desktop/operations-platform-tasks-overview.jpg,https://bneineviimacademy.org/operations?workspace=platform&view=tasks&section=overview,30,1,0
operations-platform-tasks-decisions,Operations / Platform / Super Admin / Tasks / Decisions,Operations,desktop,9.2,ok,screenshots/desktop/operations-platform-tasks-decisions.jpg,https://bneineviimacademy.org/operations?workspace=platform&view=tasks&section=decisions,30,1,0
operations-platform-tasks-mine,Operations / Platform / Super Admin / Tasks / Mine,Operations,desktop,9.2,ok,screenshots/desktop/operations-platform-tasks-mine.jpg,https://bneineviimacademy.org/operations?workspace=platform&view=tasks&section=mine,30,1,0
operations-platform-tasks-schedule,Operations / Platform / Super Admin / Tasks / Schedule,Operations,desktop,9.2,ok,screenshots/desktop/operations-platform-tasks-schedule.jpg,https://bneineviimacademy.org/operations?workspace=platform&view=tasks&section=schedule,30,1,0
operations-platform-tasks-research,Operations / Platform / Super Admin / Tasks / Research,Operations,desktop,9.2,ok,screenshots/desktop/operations-platform-tasks-research.jpg,https://bneineviimacademy.org/operations?workspace=platform&view=tasks&section=research,30,1,0
operations-platform-tasks-changelog,Operations / Platform / Super Admin / Tasks / Changelog,Operations,desktop,9.2,ok,screenshots/desktop/operations-platform-tasks-changelog.jpg,https://bneineviimacademy.org/operations?workspace=platform&view=tasks&section=changelog,30,1,0
operations-platform-tasks-done,Operations / Platform / Super Admin / Tasks / Done,Operations,desktop,9.2,ok,screenshots/desktop/operations-platform-tasks-done.jpg,https://bneineviimacademy.org/operations?workspace=platform&view=tasks&section=done,30,1,0
operations-platform-students-overview,Operations / Platform / Super Admin / Students / Overview,Operations,desktop,9.2,ok,screenshots/desktop/operations-platform-students-overview.jpg,https://bneineviimacademy.org/operations?workspace=platform&view=students&section=overview,31,1,0
operations-platform-students-list,Operations / Platform / Super Admin / Students / List,Operations,desktop,9.2,ok,screenshots/desktop/operations-platform-students-list.jpg,https://bneineviimacademy.org/operations?workspace=platform&view=students&section=list,31,1,0
operations-platform-students-group_goal,Operations / Platform / Super Admin / Students / Group Goal,Operations,desktop,9.2,ok,screenshots/desktop/operations-platform-students-group_goal.jpg,https://bneineviimacademy.org/operations?workspace=platform&view=students&section=group_goal,31,1,0
operations-platform-students-goal_board,Operations / Platform / Super Admin / Students / Goal Board,Operations,desktop,9.2,ok,screenshots/desktop/operations-platform-students-goal_board.jpg,https://bneineviimacademy.org/operations?workspace=platform&view=students&section=goal_board,31,1,0
operations-platform-students-assignments,Operations / Platform / Super Admin / Students / Assignments,Operations,desktop,9.2,ok,screenshots/desktop/operations-platform-students-assignments.jpg,https://bneineviimacademy.org/operations?workspace=platform&view=students&section=assignments,31,1,0
operations-platform-students-questions,Operations / Platform / Super Admin / Students / Questions,Operations,desktop,9.2,ok,screenshots/desktop/operations-platform-students-questions.jpg,https://bneineviimacademy.org/operations?workspace=platform&view=students&section=questions,31,1,0
operations-platform-students-documents,Operations / Platform / Super Admin / Students / Documents,Operations,desktop,9.2,ok,screenshots/desktop/operations-platform-students-documents.jpg,https://bneineviimacademy.org/operations?workspace=platform&view=students&section=documents,31,1,0
operations-platform-students-portal_links,Operations / Platform / Super Admin / Students / Portal Links,Operations,desktop,9.2,ok,screenshots/desktop/operations-platform-students-portal_links.jpg,https://bneineviimacademy.org/operations?workspace=platform&view=students&section=portal_links,31,1,0
operations-platform-students-tablet_access,Operations / Platform / Super Admin / Students / Tablet Access,Operations,desktop,9.2,ok,screenshots/desktop/operations-platform-students-tablet_access.jpg,https://bneineviimacademy.org/operations?workspace=platform&view=students&section=tablet_access,31,1,0
operations-platform-students-profile,Operations / Platform / Super Admin / Students / Profile,Operations,desktop,9.2,ok,screenshots/desktop/operations-platform-students-profile.jpg,https://bneineviimacademy.org/operations?workspace=platform&view=students&section=profile,31,1,0
operations-platform-students-parent_family,Operations / Platform / Super Admin / Students / Parent Family,Operations,desktop,9.2,ok,screenshots/desktop/operations-platform-students-parent_family.jpg,https://bneineviimacademy.org/operations?workspace=platform&view=students&section=parent_family,31,1,0
operations-platform-students-analysis,Operations / Platform / Super Admin / Students / Analysis,Operations,desktop,9.2,ok,screenshots/desktop/operations-platform-students-analysis.jpg,https://bneineviimacademy.org/operations?workspace=platform&view=students&section=analysis,31,1,0
operations-platform-students-meetings,Operations / Platform / Super Admin / Students / Meetings,Operations,desktop,9.2,ok,screenshots/desktop/operations-platform-students-meetings.jpg,https://bneineviimacademy.org/operations?workspace=platform&view=students&section=meetings,31,1,0
operations-platform-students-bot_settings,Operations / Platform / Super Admin / Students / Bot Settings,Operations,desktop,9.2,ok,screenshots/desktop/operations-platform-students-bot_settings.jpg,https://bneineviimacademy.org/operations?workspace=platform&view=students&section=bot_settings,31,1,0
operations-platform-students-activity,Operations / Platform / Super Admin / Students / Activity,Operations,desktop,9.2,ok,screenshots/desktop/operations-platform-students-activity.jpg,https://bneineviimacademy.org/operations?workspace=platform&view=students&section=activity,21,1,0
operations-platform-students-next_year_login,Operations / Platform / Super Admin / Students / Next Year Login,Operations,desktop,8.8,ok,screenshots/desktop/operations-platform-students-next_year_login.jpg,https://bneineviimacademy.org/operations?workspace=platform&view=students&section=next_year_login,31,1,0
operations-platform-contacts-overview,Operations / Platform / Super Admin / Contacts / Overview,Operations,desktop,9.2,ok,screenshots/desktop/operations-platform-contacts-overview.jpg,https://bneineviimacademy.org/operations?workspace=platform&view=contacts&section=overview,31,1,0
operations-platform-contacts-interested_parents,Operations / Platform / Super Admin / Contacts / Interested Parents,Operations,desktop,9.2,ok,screenshots/desktop/operations-platform-contacts-interested_parents.jpg,https://bneineviimacademy.org/operations?workspace=platform&view=contacts&section=interested_parents,31,1,0
operations-platform-contacts-parents,Operations / Platform / Super Admin / Contacts / Parents,Operations,desktop,9.2,ok,screenshots/desktop/operations-platform-contacts-parents.jpg,https://bneineviimacademy.org/operations?workspace=platform&view=contacts&section=parents,31,1,0
operations-platform-contacts-people,Operations / Platform / Super Admin / Contacts / People,Operations,desktop,9.2,ok,screenshots/desktop/operations-platform-contacts-people.jpg,https://bneineviimacademy.org/operations?workspace=platform&view=contacts&section=people,31,1,0
operations-platform-contacts-contacts,Operations / Platform / Super Admin / Contacts / Contacts,Operations,desktop,9.2,ok,screenshots/desktop/operations-platform-contacts-contacts.jpg,https://bneineviimacademy.org/operations?workspace=platform&view=contacts&section=contacts,31,1,0
operations-platform-contacts-notes,Operations / Platform / Super Admin / Contacts / Notes,Operations,desktop,9.2,ok,screenshots/desktop/operations-platform-contacts-notes.jpg,https://bneineviimacademy.org/operations?workspace=platform&view=contacts&section=notes,31,1,0
operations-platform-contacts-students,Operations / Platform / Super Admin / Contacts / Students,Operations,desktop,9.2,ok,screenshots/desktop/operations-platform-contacts-students.jpg,https://bneineviimacademy.org/operations?workspace=platform&view=contacts&section=students,31,1,0
operations-platform-contacts-intake,Operations / Platform / Super Admin / Contacts / Intake,Operations,desktop,9.2,ok,screenshots/desktop/operations-platform-contacts-intake.jpg,https://bneineviimacademy.org/operations?workspace=platform&view=contacts&section=intake,31,1,0
operations-platform-contacts-follow_up,Operations / Platform / Super Admin / Contacts / Follow Up,Operations,desktop,9.2,ok,screenshots/desktop/operations-platform-contacts-follow_up.jpg,https://bneineviimacademy.org/operations?workspace=platform&view=contacts&section=follow_up,31,1,0
operations-platform-contacts-tags,Operations / Platform / Super Admin / Contacts / Tags,Operations,desktop,9.2,ok,screenshots/desktop/operations-platform-contacts-tags.jpg,https://bneineviimacademy.org/operations?workspace=platform&view=contacts&section=tags,31,1,0
operations-platform-content-library,Operations / Platform / Super Admin / Content / Library,Operations,desktop,9.2,ok,screenshots/desktop/operations-platform-content-library.jpg,https://bneineviimacademy.org/operations?workspace=platform&view=content&section=library,31,1,0
operations-platform-content-meetings,Operations / Platform / Super Admin / Content / Meetings,Operations,desktop,9.2,ok,screenshots/desktop/operations-platform-content-meetings.jpg,https://bneineviimacademy.org/operations?workspace=platform&view=content&section=meetings,31,1,0
operations-platform-content-research,Operations / Platform / Super Admin / Content / Research,Operations,desktop,9.2,ok,screenshots/desktop/operations-platform-content-research.jpg,https://bneineviimacademy.org/operations?workspace=platform&view=content&section=research,31,1,0
operations-platform-content-selected,Operations / Platform / Super Admin / Content / Selected,Operations,desktop,9.2,ok,screenshots/desktop/operations-platform-content-selected.jpg,https://bneineviimacademy.org/operations?workspace=platform&view=content&section=selected,31,1,0
operations-platform-content-repurpose,Operations / Platform / Super Admin / Content / Repurpose,Operations,desktop,9.2,ok,screenshots/desktop/operations-platform-content-repurpose.jpg,https://bneineviimacademy.org/operations?workspace=platform&view=content&section=repurpose,31,1,0
operations-platform-content-newsletter,Operations / Platform / Super Admin / Content / Newsletter,Operations,desktop,9.2,ok,screenshots/desktop/operations-platform-content-newsletter.jpg,https://bneineviimacademy.org/operations?workspace=platform&view=content&section=newsletter,31,1,0
operations-platform-content-prompts,Operations / Platform / Super Admin / Content / Prompts,Operations,desktop,9.2,ok,screenshots/desktop/operations-platform-content-prompts.jpg,https://bneineviimacademy.org/operations?workspace=platform&view=content&section=prompts,31,1,0
operations-platform-content-bundles,Operations / Platform / Super Admin / Content / Bundles,Operations,desktop,9.2,ok,screenshots/desktop/operations-platform-content-bundles.jpg,https://bneineviimacademy.org/operations?workspace=platform&view=content&section=bundles,31,1,0
operations-platform-calendar-overview,Operations / Platform / Super Admin / Calendar / Overview,Operations,desktop,9.2,ok,screenshots/desktop/operations-platform-calendar-overview.jpg,https://bneineviimacademy.org/operations?workspace=platform&view=calendar&section=overview,29,1,0
operations-platform-calendar-week,Operations / Platform / Super Admin / Calendar / Week,Operations,desktop,9.2,ok,screenshots/desktop/operations-platform-calendar-week.jpg,https://bneineviimacademy.org/operations?workspace=platform&view=calendar&section=week,25,1,0
operations-platform-calendar-month,Operations / Platform / Super Admin / Calendar / Month,Operations,desktop,9.2,ok,screenshots/desktop/operations-platform-calendar-month.jpg,https://bneineviimacademy.org/operations?workspace=platform&view=calendar&section=month,25,1,0
operations-platform-calendar-classes,Operations / Platform / Super Admin / Calendar / Classes,Operations,desktop,9.2,ok,screenshots/desktop/operations-platform-calendar-classes.jpg,https://bneineviimacademy.org/operations?workspace=platform&view=calendar&section=classes,25,1,0
operations-platform-calendar-students,Operations / Platform / Super Admin / Calendar / Students,Operations,desktop,9.2,ok,screenshots/desktop/operations-platform-calendar-students.jpg,https://bneineviimacademy.org/operations?workspace=platform&view=calendar&section=students,25,1,0
operations-platform-calendar-provider,Operations / Platform / Super Admin / Calendar / Provider,Operations,desktop,9.2,ok,screenshots/desktop/operations-platform-calendar-provider.jpg,https://bneineviimacademy.org/operations?workspace=platform&view=calendar&section=provider,25,1,0
operations-platform-calendar-google_sync,Operations / Platform / Super Admin / Calendar / Google Sync,Operations,desktop,9.2,ok,screenshots/desktop/operations-platform-calendar-google_sync.jpg,https://bneineviimacademy.org/operations?workspace=platform&view=calendar&section=google_sync,25,1,0
operations-platform-calendar-settings,Operations / Platform / Super Admin / Calendar / Settings,Operations,desktop,9.2,ok,screenshots/desktop/operations-platform-calendar-settings.jpg,https://bneineviimacademy.org/operations?workspace=platform&view=calendar&section=settings,25,1,0
operations-platform-service_providers-overview,Operations / Platform / Super Admin / Service Providers / Overview,Operations,desktop,8.6,ok,screenshots/desktop/operations-platform-service_providers-overview.jpg,https://bneineviimacademy.org/operations?workspace=platform&view=service_providers&section=overview,34,1,0
operations-platform-service_providers-directory,Operations / Platform / Super Admin / Service Providers / Directory,Operations,desktop,8.6,ok,screenshots/desktop/operations-platform-service_providers-directory.jpg,https://bneineviimacademy.org/operations?workspace=platform&view=service_providers&section=directory,30,1,0
operations-platform-service_providers-workspaces,Operations / Platform / Super Admin / Service Providers / Workspaces,Operations,desktop,7,ok,screenshots/desktop/operations-platform-service_providers-workspaces.jpg,https://bneineviimacademy.org/operations?workspace=platform&view=service_providers&section=workspaces,75,16,0
operations-platform-service_providers-commercial,Operations / Platform / Super Admin / Service Providers / Commercial,Operations,desktop,9.2,ok,screenshots/desktop/operations-platform-service_providers-commercial.jpg,https://bneineviimacademy.org/operations?workspace=platform&view=service_providers&section=commercial,34,1,0
operations-platform-service_providers-plans,Operations / Platform / Super Admin / Service Providers / Plans,Operations,desktop,9.2,ok,screenshots/desktop/operations-platform-service_providers-plans.jpg,https://bneineviimacademy.org/operations?workspace=platform&view=service_providers&section=plans,30,1,0
operations-platform-service_providers-onboarding,Operations / Platform / Super Admin / Service Providers / Onboarding,Operations,desktop,9.2,ok,screenshots/desktop/operations-platform-service_providers-onboarding.jpg,https://bneineviimacademy.org/operations?workspace=platform&view=service_providers&section=onboarding,30,1,0
operations-platform-service_providers-access_checklist,Operations / Platform / Super Admin / Service Providers / Access Checklist,Operations,desktop,9.2,ok,screenshots/desktop/operations-platform-service_providers-access_checklist.jpg,https://bneineviimacademy.org/operations?workspace=platform&view=service_providers&section=access_checklist,30,1,0
operations-platform-service_providers-integration_audit,Operations / Platform / Super Admin / Service Providers / Integration Audit,Operations,desktop,9.2,ok,screenshots/desktop/operations-platform-service_providers-integration_audit.jpg,https://bneineviimacademy.org/operations?workspace=platform&view=service_providers&section=integration_audit,30,1,0
operations-platform-service_providers-communities,Operations / Platform / Super Admin / Service Providers / Communities,Operations,desktop,9.2,ok,screenshots/desktop/operations-platform-service_providers-communities.jpg,https://bneineviimacademy.org/operations?workspace=platform&view=service_providers&section=communities,31,1,1
operations-platform-service_providers-content,Operations / Platform / Super Admin / Service Providers / Content,Operations,desktop,9.2,ok,screenshots/desktop/operations-platform-service_providers-content.jpg,https://bneineviimacademy.org/operations?workspace=platform&view=service_providers&section=content,31,2,0
operations-platform-service_providers-marketing,Operations / Platform / Super Admin / Service Providers / Marketing,Operations,desktop,9.2,ok,screenshots/desktop/operations-platform-service_providers-marketing.jpg,https://bneineviimacademy.org/operations?workspace=platform&view=service_providers&section=marketing,31,1,1
operations-platform-service_providers-leads,Operations / Platform / Super Admin / Service Providers / Leads,Operations,desktop,9.2,ok,screenshots/desktop/operations-platform-service_providers-leads.jpg,https://bneineviimacademy.org/operations?workspace=platform&view=service_providers&section=leads,37,1,1
operations-platform-service_providers-communications,Operations / Platform / Super Admin / Service Providers / Communications,Operations,desktop,9.2,ok,screenshots/desktop/operations-platform-service_providers-communications.jpg,https://bneineviimacademy.org/operations?workspace=platform&view=service_providers&section=communications,30,1,0
operations-platform-service_providers-settings,Operations / Platform / Super Admin / Service Providers / Settings,Operations,desktop,8.3,ok,screenshots/desktop/operations-platform-service_providers-settings.jpg,https://bneineviimacademy.org/operations?workspace=platform&view=service_providers&section=settings,51,1,0
operations-platform-communications-overview,Operations / Platform / Super Admin / Communications / Overview,Operations,desktop,8.6,ok,screenshots/desktop/operations-platform-communications-overview.jpg,https://bneineviimacademy.org/operations?workspace=platform&view=communications&section=overview,30,1,0
operations-platform-communications-parents,Operations / Platform / Super Admin / Communications / Parents,Operations,desktop,8.6,ok,screenshots/desktop/operations-platform-communications-parents.jpg,https://bneineviimacademy.org/operations?workspace=platform&view=communications&section=parents,26,1,0
operations-platform-communications-students,Operations / Platform / Super Admin / Communications / Students,Operations,desktop,9.2,ok,screenshots/desktop/operations-platform-communications-students.jpg,https://bneineviimacademy.org/operations?workspace=platform&view=communications&section=students,26,1,0
operations-platform-communications-providers,Operations / Platform / Super Admin / Communications / Providers,Operations,desktop,9.2,ok,screenshots/desktop/operations-platform-communications-providers.jpg,https://bneineviimacademy.org/operations?workspace=platform&view=communications&section=providers,26,1,0
operations-platform-communications-internal,Operations / Platform / Super Admin / Communications / Internal,Operations,desktop,9.2,ok,screenshots/desktop/operations-platform-communications-internal.jpg,https://bneineviimacademy.org/operations?workspace=platform&view=communications&section=internal,26,1,0
operations-platform-communications-whatsapp,Operations / Platform / Super Admin / Communications / Whatsapp,Operations,desktop,9.2,ok,screenshots/desktop/operations-platform-communications-whatsapp.jpg,https://bneineviimacademy.org/operations?workspace=platform&view=communications&section=whatsapp,26,1,0
operations-platform-communications-email,Operations / Platform / Super Admin / Communications / Email,Operations,desktop,8.6,ok,screenshots/desktop/operations-platform-communications-email.jpg,https://bneineviimacademy.org/operations?workspace=platform&view=communications&section=email,26,1,0
operations-platform-communications-bots,Operations / Platform / Super Admin / Communications / Bots,Operations,desktop,9.2,ok,screenshots/desktop/operations-platform-communications-bots.jpg,https://bneineviimacademy.org/operations?workspace=platform&view=communications&section=bots,27,1,1
operations-platform-communications-templates,Operations / Platform / Super Admin / Communications / Templates,Operations,desktop,9.2,ok,screenshots/desktop/operations-platform-communications-templates.jpg,https://bneineviimacademy.org/operations?workspace=platform&view=communications&section=templates,27,1,1
operations-platform-communications-settings,Operations / Platform / Super Admin / Communications / Settings,Operations,desktop,9.2,ok,screenshots/desktop/operations-platform-communications-settings.jpg,https://bneineviimacademy.org/operations?workspace=platform&view=communications&section=settings,27,1,1
operations-platform-internal_dialogue-overview,Operations / Platform / Super Admin / Internal Dialogue / Overview,Operations,desktop,9.2,ok,screenshots/desktop/operations-platform-internal_dialogue-overview.jpg,https://bneineviimacademy.org/operations?workspace=platform&view=internal_dialogue&section=overview,28,1,0
operations-platform-internal_dialogue-shloimie_rabbi,Operations / Platform / Super Admin / Internal Dialogue / Shloimie Rabbi,Operations,desktop,9.2,ok,screenshots/desktop/operations-platform-internal_dialogue-shloimie_rabbi.jpg,https://bneineviimacademy.org/operations?workspace=platform&view=internal_dialogue&section=shloimie_rabbi,24,1,0
operations-platform-internal_dialogue-meeting_notes,Operations / Platform / Super Admin / Internal Dialogue / Meeting Notes,Operations,desktop,9.2,ok,screenshots/desktop/operations-platform-internal_dialogue-meeting_notes.jpg,https://bneineviimacademy.org/operations?workspace=platform&view=internal_dialogue&section=meeting_notes,24,1,0
operations-platform-internal_dialogue-uploads,Operations / Platform / Super Admin / Internal Dialogue / Uploads,Operations,desktop,9.2,ok,screenshots/desktop/operations-platform-internal_dialogue-uploads.jpg,https://bneineviimacademy.org/operations?workspace=platform&view=internal_dialogue&section=uploads,24,1,0
operations-platform-internal_dialogue-decisions,Operations / Platform / Super Admin / Internal Dialogue / Decisions,Operations,desktop,9.2,ok,screenshots/desktop/operations-platform-internal_dialogue-decisions.jpg,https://bneineviimacademy.org/operations?workspace=platform&view=internal_dialogue&section=decisions,24,1,0
operations-platform-internal_dialogue-support,Operations / Platform / Super Admin / Internal Dialogue / Support,Operations,desktop,9.2,ok,screenshots/desktop/operations-platform-internal_dialogue-support.jpg,https://bneineviimacademy.org/operations?workspace=platform&view=internal_dialogue&section=support,24,1,0
operations-platform-internal_dialogue-activity,Operations / Platform / Super Admin / Internal Dialogue / Activity,Operations,desktop,9.2,ok,screenshots/desktop/operations-platform-internal_dialogue-activity.jpg,https://bneineviimacademy.org/operations?workspace=platform&view=internal_dialogue&section=activity,24,1,0
operations-platform-accounting-overview,Operations / Platform / Super Admin / Accounting / Overview,Operations,desktop,9.2,ok,screenshots/desktop/operations-platform-accounting-overview.jpg,https://bneineviimacademy.org/operations?workspace=platform&view=accounting&section=overview,31,1,0
operations-platform-accounting-payments,Operations / Platform / Super Admin / Accounting / Payments,Operations,desktop,9.2,ok,screenshots/desktop/operations-platform-accounting-payments.jpg,https://bneineviimacademy.org/operations?workspace=platform&view=accounting&section=payments,31,1,0
operations-platform-accounting-open,Operations / Platform / Super Admin / Accounting / Open,Operations,desktop,9.2,ok,screenshots/desktop/operations-platform-accounting-open.jpg,https://bneineviimacademy.org/operations?workspace=platform&view=accounting&section=open,31,1,0
operations-platform-accounting-paid,Operations / Platform / Super Admin / Accounting / Paid,Operations,desktop,9.2,ok,screenshots/desktop/operations-platform-accounting-paid.jpg,https://bneineviimacademy.org/operations?workspace=platform&view=accounting&section=paid,31,1,0
operations-platform-accounting-needs_signup,Operations / Platform / Super Admin / Accounting / Needs Signup,Operations,desktop,9.2,ok,screenshots/desktop/operations-platform-accounting-needs_signup.jpg,https://bneineviimacademy.org/operations?workspace=platform&view=accounting&section=needs_signup,31,1,0
operations-platform-accounting-exceptions,Operations / Platform / Super Admin / Accounting / Exceptions,Operations,desktop,9.2,ok,screenshots/desktop/operations-platform-accounting-exceptions.jpg,https://bneineviimacademy.org/operations?workspace=platform&view=accounting&section=exceptions,31,1,0
operations-platform-api_usage-overview,Operations / Platform / Super Admin / Api Usage / Overview,Operations,desktop,9.2,ok,screenshots/desktop/operations-platform-api_usage-overview.jpg,https://bneineviimacademy.org/operations?workspace=platform&view=api_usage&section=overview,25,1,0
operations-platform-api_usage-workspace,Operations / Platform / Super Admin / Api Usage / Workspace,Operations,desktop,9.2,ok,screenshots/desktop/operations-platform-api_usage-workspace.jpg,https://bneineviimacademy.org/operations?workspace=platform&view=api_usage&section=workspace,26,1,1
operations-platform-api_usage-parent,Operations / Platform / Super Admin / Api Usage / Parent,Operations,desktop,9.2,ok,screenshots/desktop/operations-platform-api_usage-parent.jpg,https://bneineviimacademy.org/operations?workspace=platform&view=api_usage&section=parent,26,1,1
operations-platform-api_usage-student,Operations / Platform / Super Admin / Api Usage / Student,Operations,desktop,9.2,ok,screenshots/desktop/operations-platform-api_usage-student.jpg,https://bneineviimacademy.org/operations?workspace=platform&view=api_usage&section=student,26,1,1
operations-platform-api_usage-provider,Operations / Platform / Super Admin / Api Usage / Provider,Operations,desktop,9.2,ok,screenshots/desktop/operations-platform-api_usage-provider.jpg,https://bneineviimacademy.org/operations?workspace=platform&view=api_usage&section=provider,26,1,1
operations-platform-api_usage-bot,Operations / Platform / Super Admin / Api Usage / Bot,Operations,desktop,9.2,ok,screenshots/desktop/operations-platform-api_usage-bot.jpg,https://bneineviimacademy.org/operations?workspace=platform&view=api_usage&section=bot,26,1,1
operations-platform-api_usage-errors,Operations / Platform / Super Admin / Api Usage / Errors,Operations,desktop,9.2,ok,screenshots/desktop/operations-platform-api_usage-errors.jpg,https://bneineviimacademy.org/operations?workspace=platform&view=api_usage&section=errors,25,1,0
operations-platform-api_usage-budgets,Operations / Platform / Super Admin / Api Usage / Budgets,Operations,desktop,9.2,ok,screenshots/desktop/operations-platform-api_usage-budgets.jpg,https://bneineviimacademy.org/operations?workspace=platform&view=api_usage&section=budgets,26,1,1
operations-platform-api_usage-settings,Operations / Platform / Super Admin / Api Usage / Settings,Operations,desktop,9.2,ok,screenshots/desktop/operations-platform-api_usage-settings.jpg,https://bneineviimacademy.org/operations?workspace=platform&view=api_usage&section=settings,26,1,1
operations-platform-admin-overview,Operations / Platform / Super Admin / Admin / Overview,Operations,desktop,9.2,ok,screenshots/desktop/operations-platform-admin-overview.jpg,https://bneineviimacademy.org/operations?workspace=platform&view=admin&section=overview,42,1,0
operations-platform-admin-users,Operations / Platform / Super Admin / Admin / Users,Operations,desktop,9.2,ok,screenshots/desktop/operations-platform-admin-users.jpg,https://bneineviimacademy.org/operations?workspace=platform&view=admin&section=users,24,1,0
operations-platform-admin-roles,Operations / Platform / Super Admin / Admin / Roles,Operations,desktop,9.2,ok,screenshots/desktop/operations-platform-admin-roles.jpg,https://bneineviimacademy.org/operations?workspace=platform&view=admin&section=roles,25,1,1
operations-platform-admin-workspaces,Operations / Platform / Super Admin / Admin / Workspaces,Operations,desktop,9.2,ok,screenshots/desktop/operations-platform-admin-workspaces.jpg,https://bneineviimacademy.org/operations?workspace=platform&view=admin&section=workspaces,24,1,0
operations-platform-admin-invitations,Operations / Platform / Super Admin / Admin / Invitations,Operations,desktop,9.2,ok,screenshots/desktop/operations-platform-admin-invitations.jpg,https://bneineviimacademy.org/operations?workspace=platform&view=admin&section=invitations,25,1,1
operations-platform-admin-tickets,Operations / Platform / Super Admin / Admin / Tickets,Operations,desktop,9.2,ok,screenshots/desktop/operations-platform-admin-tickets.jpg,https://bneineviimacademy.org/operations?workspace=platform&view=admin&section=tickets,42,1,0
operations-platform-admin-messages,Operations / Platform / Super Admin / Admin / Messages,Operations,desktop,9.2,ok,screenshots/desktop/operations-platform-admin-messages.jpg,https://bneineviimacademy.org/operations?workspace=platform&view=admin&section=messages,25,1,1
operations-platform-admin-settings,Operations / Platform / Super Admin / Admin / Settings,Operations,desktop,9.2,ok,screenshots/desktop/operations-platform-admin-settings.jpg,https://bneineviimacademy.org/operations?workspace=platform&view=admin&section=settings,25,1,1
operations-platform-settings-profile,Operations / Platform / Super Admin / Settings / Profile,Operations,desktop,9.2,ok,screenshots/desktop/operations-platform-settings-profile.jpg,https://bneineviimacademy.org/operations?workspace=platform&view=settings&section=profile,43,1,0
operations-platform-settings-workspace,Operations / Platform / Super Admin / Settings / Workspace,Operations,desktop,9.2,ok,screenshots/desktop/operations-platform-settings-workspace.jpg,https://bneineviimacademy.org/operations?workspace=platform&view=settings&section=workspace,43,1,0
operations-platform-settings-branding,Operations / Platform / Super Admin / Settings / Branding,Operations,desktop,9.2,ok,screenshots/desktop/operations-platform-settings-branding.jpg,https://bneineviimacademy.org/operations?workspace=platform&view=settings&section=branding,43,1,0
operations-platform-settings-language,Operations / Platform / Super Admin / Settings / Language,Operations,desktop,9.2,ok,screenshots/desktop/operations-platform-settings-language.jpg,https://bneineviimacademy.org/operations?workspace=platform&view=settings&section=language,43,1,0
operations-platform-settings-users_roles,Operations / Platform / Super Admin / Settings / Users Roles,Operations,desktop,9.2,ok,screenshots/desktop/operations-platform-settings-users_roles.jpg,https://bneineviimacademy.org/operations?workspace=platform&view=settings&section=users_roles,43,1,0
operations-platform-settings-email_identities,Operations / Platform / Super Admin / Settings / Email Identities,Operations,desktop,9.2,ok,screenshots/desktop/operations-platform-settings-email_identities.jpg,https://bneineviimacademy.org/operations?workspace=platform&view=settings&section=email_identities,49,1,0
operations-platform-settings-whatsapp,Operations / Platform / Super Admin / Settings / Whatsapp,Operations,desktop,9.2,ok,screenshots/desktop/operations-platform-settings-whatsapp.jpg,https://bneineviimacademy.org/operations?workspace=platform&view=settings&section=whatsapp,49,1,0
operations-platform-settings-social_accounts,Operations / Platform / Super Admin / Settings / Social Accounts,Operations,desktop,9.2,ok,screenshots/desktop/operations-platform-settings-social_accounts.jpg,https://bneineviimacademy.org/operations?workspace=platform&view=settings&section=social_accounts,49,1,0
operations-platform-settings-calendar,Operations / Platform / Super Admin / Settings / Calendar,Operations,desktop,9.2,ok,screenshots/desktop/operations-platform-settings-calendar.jpg,https://bneineviimacademy.org/operations?workspace=platform&view=settings&section=calendar,46,1,0
operations-platform-settings-google_classroom,Operations / Platform / Super Admin / Settings / Google Classroom,Operations,desktop,9.2,ok,screenshots/desktop/operations-platform-settings-google_classroom.jpg,https://bneineviimacademy.org/operations?workspace=platform&view=settings&section=google_classroom,46,1,0
operations-platform-settings-parent_portal,Operations / Platform / Super Admin / Settings / Parent Portal,Operations,desktop,9.2,ok,screenshots/desktop/operations-platform-settings-parent_portal.jpg,https://bneineviimacademy.org/operations?workspace=platform&view=settings&section=parent_portal,43,1,0
operations-platform-settings-student_portal,Operations / Platform / Super Admin / Settings / Student Portal,Operations,desktop,9.2,ok,screenshots/desktop/operations-platform-settings-student_portal.jpg,https://bneineviimacademy.org/operations?workspace=platform&view=settings&section=student_portal,43,1,0
operations-platform-settings-provider_portal,Operations / Platform / Super Admin / Settings / Provider Portal,Operations,desktop,9.2,ok,screenshots/desktop/operations-platform-settings-provider_portal.jpg,https://bneineviimacademy.org/operations?workspace=platform&view=settings&section=provider_portal,43,1,0
operations-platform-settings-provider_index,Operations / Platform / Super Admin / Settings / Provider Index,Operations,desktop,9.2,ok,screenshots/desktop/operations-platform-settings-provider_index.jpg,https://bneineviimacademy.org/operations?workspace=platform&view=settings&section=provider_index,43,1,0
operations-platform-settings-provider_plans,Operations / Platform / Super Admin / Settings / Provider Plans,Operations,desktop,9.2,ok,screenshots/desktop/operations-platform-settings-provider_plans.jpg,https://bneineviimacademy.org/operations?workspace=platform&view=settings&section=provider_plans,43,1,0
operations-platform-settings-provider_entitlements,Operations / Platform / Super Admin / Settings / Provider Entitlements,Operations,desktop,9.2,ok,screenshots/desktop/operations-platform-settings-provider_entitlements.jpg,https://bneineviimacademy.org/operations?workspace=platform&view=settings&section=provider_entitlements,47,1,0
operations-platform-settings-provider_onboarding,Operations / Platform / Super Admin / Settings / Provider Onboarding,Operations,desktop,9.2,ok,screenshots/desktop/operations-platform-settings-provider_onboarding.jpg,https://bneineviimacademy.org/operations?workspace=platform&view=settings&section=provider_onboarding,43,1,0
operations-platform-settings-commercial_models,Operations / Platform / Super Admin / Settings / Commercial Models,Operations,desktop,9.2,ok,screenshots/desktop/operations-platform-settings-commercial_models.jpg,https://bneineviimacademy.org/operations?workspace=platform&view=settings&section=commercial_models,43,1,0
operations-platform-settings-bot_permissions,Operations / Platform / Super Admin / Settings / Bot Permissions,Operations,desktop,9.2,ok,screenshots/desktop/operations-platform-settings-bot_permissions.jpg,https://bneineviimacademy.org/operations?workspace=platform&view=settings&section=bot_permissions,43,1,0
operations-platform-settings-api_limits,Operations / Platform / Super Admin / Settings / Api Limits,Operations,desktop,9.2,ok,screenshots/desktop/operations-platform-settings-api_limits.jpg,https://bneineviimacademy.org/operations?workspace=platform&view=settings&section=api_limits,43,1,0
operations-platform-settings-communications,Operations / Platform / Super Admin / Settings / Communications,Operations,desktop,9.2,ok,screenshots/desktop/operations-platform-settings-communications.jpg,https://bneineviimacademy.org/operations?workspace=platform&view=settings&section=communications,43,1,0
operations-platform-settings-integrations,Operations / Platform / Super Admin / Settings / Integrations,Operations,desktop,7.6,ok,screenshots/desktop/operations-platform-settings-integrations.jpg,https://bneineviimacademy.org/operations?workspace=platform&view=settings&section=integrations,73,1,0
operations-platform-settings-payment_links,Operations / Platform / Super Admin / Settings / Payment Links,Operations,desktop,9.2,ok,screenshots/desktop/operations-platform-settings-payment_links.jpg,https://bneineviimacademy.org/operations?workspace=platform&view=settings&section=payment_links,43,1,0
operations-platform-settings-external_apps,Operations / Platform / Super Admin / Settings / External Apps,Operations,desktop,9.2,ok,screenshots/desktop/operations-platform-settings-external_apps.jpg,https://bneineviimacademy.org/operations?workspace=platform&view=settings&section=external_apps,43,1,0
operations-platform-settings-billing,Operations / Platform / Super Admin / Settings / Billing,Operations,desktop,9.2,ok,screenshots/desktop/operations-platform-settings-billing.jpg,https://bneineviimacademy.org/operations?workspace=platform&view=settings&section=billing,43,1,0
operations-platform-settings-automations,Operations / Platform / Super Admin / Settings / Automations,Operations,desktop,9.2,ok,screenshots/desktop/operations-platform-settings-automations.jpg,https://bneineviimacademy.org/operations?workspace=platform&view=settings&section=automations,43,1,0
operations-platform-settings-danger,Operations / Platform / Super Admin / Settings / Danger,Operations,desktop,9.2,ok,screenshots/desktop/operations-platform-settings-danger.jpg,https://bneineviimacademy.org/operations?workspace=platform&view=settings&section=danger,43,1,0
operations-bna-dashboard-overview,Operations / BNA School Workspace / Dashboard / Overview,Operations,desktop,9.2,ok,screenshots/desktop/operations-bna-dashboard-overview.jpg,https://bneineviimacademy.org/operations?workspace=bna&view=dashboard&section=overview,33,1,0
operations-bna-dashboard-activity,Operations / BNA School Workspace / Dashboard / Activity,Operations,desktop,9.2,ok,screenshots/desktop/operations-bna-dashboard-activity.jpg,https://bneineviimacademy.org/operations?workspace=bna&view=dashboard&section=activity,23,1,0
operations-bna-dashboard-alerts,Operations / BNA School Workspace / Dashboard / Alerts,Operations,desktop,9.2,ok,screenshots/desktop/operations-bna-dashboard-alerts.jpg,https://bneineviimacademy.org/operations?workspace=bna&view=dashboard&section=alerts,27,1,0
operations-bna-dashboard-today,Operations / BNA School Workspace / Dashboard / Today,Operations,desktop,9.2,ok,screenshots/desktop/operations-bna-dashboard-today.jpg,https://bneineviimacademy.org/operations?workspace=bna&view=dashboard&section=today,23,1,0
operations-bna-dashboard-updates,Operations / BNA School Workspace / Dashboard / Updates,Operations,desktop,9.2,ok,screenshots/desktop/operations-bna-dashboard-updates.jpg,https://bneineviimacademy.org/operations?workspace=bna&view=dashboard&section=updates,23,1,0
operations-bna-pipelines-overview,Operations / BNA School Workspace / Pipelines / Overview,Operations,desktop,9.2,ok,screenshots/desktop/operations-bna-pipelines-overview.jpg,https://bneineviimacademy.org/operations?workspace=bna&view=pipelines&section=overview,30,1,0
operations-bna-pipelines-bna_enrollment,Operations / BNA School Workspace / Pipelines / Bna Enrollment,Operations,desktop,9.2,ok,screenshots/desktop/operations-bna-pipelines-bna_enrollment.jpg,https://bneineviimacademy.org/operations?workspace=bna&view=pipelines&section=bna_enrollment,26,1,0
operations-bna-pipelines-provider_class,Operations / BNA School Workspace / Pipelines / Provider Class,Operations,desktop,9.2,ok,screenshots/desktop/operations-bna-pipelines-provider_class.jpg,https://bneineviimacademy.org/operations?workspace=bna&view=pipelines&section=provider_class,26,1,0
operations-bna-pipelines-provider_onboarding,Operations / BNA School Workspace / Pipelines / Provider Onboarding,Operations,desktop,9.2,ok,screenshots/desktop/operations-bna-pipelines-provider_onboarding.jpg,https://bneineviimacademy.org/operations?workspace=bna&view=pipelines&section=provider_onboarding,26,1,0
operations-bna-pipelines-participants,Operations / BNA School Workspace / Pipelines / Participants,Operations,desktop,9.2,ok,screenshots/desktop/operations-bna-pipelines-participants.jpg,https://bneineviimacademy.org/operations?workspace=bna&view=pipelines&section=participants,26,1,0
operations-bna-pipelines-stale_tasks,Operations / BNA School Workspace / Pipelines / Stale Tasks,Operations,desktop,9.2,ok,screenshots/desktop/operations-bna-pipelines-stale_tasks.jpg,https://bneineviimacademy.org/operations?workspace=bna&view=pipelines&section=stale_tasks,26,1,0
operations-bna-pipelines-decisions,Operations / BNA School Workspace / Pipelines / Decisions,Operations,desktop,9.2,ok,screenshots/desktop/operations-bna-pipelines-decisions.jpg,https://bneineviimacademy.org/operations?workspace=bna&view=pipelines&section=decisions,26,1,0
operations-bna-tasks-overview,Operations / BNA School Workspace / Tasks / Overview,Operations,desktop,9.2,ok,screenshots/desktop/operations-bna-tasks-overview.jpg,https://bneineviimacademy.org/operations?workspace=bna&view=tasks&section=overview,32,1,0
operations-bna-tasks-decisions,Operations / BNA School Workspace / Tasks / Decisions,Operations,desktop,9.2,ok,screenshots/desktop/operations-bna-tasks-decisions.jpg,https://bneineviimacademy.org/operations?workspace=bna&view=tasks&section=decisions,32,1,0
operations-bna-tasks-mine,Operations / BNA School Workspace / Tasks / Mine,Operations,desktop,9.2,ok,screenshots/desktop/operations-bna-tasks-mine.jpg,https://bneineviimacademy.org/operations?workspace=bna&view=tasks&section=mine,32,1,0
operations-bna-tasks-schedule,Operations / BNA School Workspace / Tasks / Schedule,Operations,desktop,9.2,ok,screenshots/desktop/operations-bna-tasks-schedule.jpg,https://bneineviimacademy.org/operations?workspace=bna&view=tasks&section=schedule,32,1,0
operations-bna-tasks-research,Operations / BNA School Workspace / Tasks / Research,Operations,desktop,9.2,ok,screenshots/desktop/operations-bna-tasks-research.jpg,https://bneineviimacademy.org/operations?workspace=bna&view=tasks&section=research,32,1,0
operations-bna-tasks-changelog,Operations / BNA School Workspace / Tasks / Changelog,Operations,desktop,9.2,ok,screenshots/desktop/operations-bna-tasks-changelog.jpg,https://bneineviimacademy.org/operations?workspace=bna&view=tasks&section=changelog,32,1,0
operations-bna-tasks-done,Operations / BNA School Workspace / Tasks / Done,Operations,desktop,9.2,ok,screenshots/desktop/operations-bna-tasks-done.jpg,https://bneineviimacademy.org/operations?workspace=bna&view=tasks&section=done,32,1,0
operations-bna-students-overview,Operations / BNA School Workspace / Students / Overview,Operations,desktop,9.2,ok,screenshots/desktop/operations-bna-students-overview.jpg,https://bneineviimacademy.org/operations?workspace=bna&view=students&section=overview,40,1,0
operations-bna-students-list,Operations / BNA School Workspace / Students / List,Operations,desktop,9.2,ok,screenshots/desktop/operations-bna-students-list.jpg,https://bneineviimacademy.org/operations?workspace=bna&view=students&section=list,40,1,0
operations-bna-students-group_goal,Operations / BNA School Workspace / Students / Group Goal,Operations,desktop,9.2,ok,screenshots/desktop/operations-bna-students-group_goal.jpg,https://bneineviimacademy.org/operations?workspace=bna&view=students&section=group_goal,51,1,0
operations-bna-students-goal_board,Operations / BNA School Workspace / Students / Goal Board,Operations,desktop,9.2,ok,screenshots/desktop/operations-bna-students-goal_board.jpg,https://bneineviimacademy.org/operations?workspace=bna&view=students&section=goal_board,51,1,0
operations-bna-students-assignments,Operations / BNA School Workspace / Students / Assignments,Operations,desktop,8.5,ok,screenshots/desktop/operations-bna-students-assignments.jpg,https://bneineviimacademy.org/operations?workspace=bna&view=students&section=assignments,57,1,0
operations-bna-students-questions,Operations / BNA School Workspace / Students / Questions,Operations,desktop,9.2,ok,screenshots/desktop/operations-bna-students-questions.jpg,https://bneineviimacademy.org/operations?workspace=bna&view=students&section=questions,52,1,0
operations-bna-students-documents,Operations / BNA School Workspace / Students / Documents,Operations,desktop,9.2,ok,screenshots/desktop/operations-bna-students-documents.jpg,https://bneineviimacademy.org/operations?workspace=bna&view=students&section=documents,51,1,0
operations-bna-students-portal_links,Operations / BNA School Workspace / Students / Portal Links,Operations,desktop,9.2,ok,screenshots/desktop/operations-bna-students-portal_links.jpg,https://bneineviimacademy.org/operations?workspace=bna&view=students&section=portal_links,51,1,0
operations-bna-students-tablet_access,Operations / BNA School Workspace / Students / Tablet Access,Operations,desktop,9.2,ok,screenshots/desktop/operations-bna-students-tablet_access.jpg,https://bneineviimacademy.org/operations?workspace=bna&view=students&section=tablet_access,51,1,0
operations-bna-students-profile,Operations / BNA School Workspace / Students / Profile,Operations,desktop,9.2,ok,screenshots/desktop/operations-bna-students-profile.jpg,https://bneineviimacademy.org/operations?workspace=bna&view=students&section=profile,51,1,0
operations-bna-students-parent_family,Operations / BNA School Workspace / Students / Parent Family,Operations,desktop,9.2,ok,screenshots/desktop/operations-bna-students-parent_family.jpg,https://bneineviimacademy.org/operations?workspace=bna&view=students&section=parent_family,51,1,0
operations-bna-students-analysis,Operations / BNA School Workspace / Students / Analysis,Operations,desktop,9.2,ok,screenshots/desktop/operations-bna-students-analysis.jpg,https://bneineviimacademy.org/operations?workspace=bna&view=students&section=analysis,51,1,0
operations-bna-students-meetings,Operations / BNA School Workspace / Students / Meetings,Operations,desktop,9.2,ok,screenshots/desktop/operations-bna-students-meetings.jpg,https://bneineviimacademy.org/operations?workspace=bna&view=students&section=meetings,51,1,0
operations-bna-students-bot_settings,Operations / BNA School Workspace / Students / Bot Settings,Operations,desktop,9.2,ok,screenshots/desktop/operations-bna-students-bot_settings.jpg,https://bneineviimacademy.org/operations?workspace=bna&view=students&section=bot_settings,51,1,0
operations-bna-students-activity,Operations / BNA School Workspace / Students / Activity,Operations,desktop,9.2,ok,screenshots/desktop/operations-bna-students-activity.jpg,https://bneineviimacademy.org/operations?workspace=bna&view=students&section=activity,51,1,0
operations-bna-students-next_year_login,Operations / BNA School Workspace / Students / Next Year Login,Operations,desktop,8.8,ok,screenshots/desktop/operations-bna-students-next_year_login.jpg,https://bneineviimacademy.org/operations?workspace=bna&view=students&section=next_year_login,36,1,0
operations-bna-contacts-overview,Operations / BNA School Workspace / Contacts / Overview,Operations,desktop,9.2,ok,screenshots/desktop/operations-bna-contacts-overview.jpg,https://bneineviimacademy.org/operations?workspace=bna&view=contacts&section=overview,42,1,0
operations-bna-contacts-interested_parents,Operations / BNA School Workspace / Contacts / Interested Parents,Operations,desktop,9.2,ok,screenshots/desktop/operations-bna-contacts-interested_parents.jpg,https://bneineviimacademy.org/operations?workspace=bna&view=contacts&section=interested_parents,41,1,0
operations-bna-contacts-parents,Operations / BNA School Workspace / Contacts / Parents,Operations,desktop,9.2,ok,screenshots/desktop/operations-bna-contacts-parents.jpg,https://bneineviimacademy.org/operations?workspace=bna&view=contacts&section=parents,42,1,0
operations-bna-contacts-people,Operations / BNA School Workspace / Contacts / People,Operations,desktop,8.6,ok,screenshots/desktop/operations-bna-contacts-people.jpg,https://bneineviimacademy.org/operations?workspace=bna&view=contacts&section=people,46,1,0
operations-bna-contacts-contacts,Operations / BNA School Workspace / Contacts / Contacts,Operations,desktop,9.2,ok,screenshots/desktop/operations-bna-contacts-contacts.jpg,https://bneineviimacademy.org/operations?workspace=bna&view=contacts&section=contacts,42,1,0
operations-bna-contacts-notes,Operations / BNA School Workspace / Contacts / Notes,Operations,desktop,9.2,ok,screenshots/desktop/operations-bna-contacts-notes.jpg,https://bneineviimacademy.org/operations?workspace=bna&view=contacts&section=notes,42,1,0
operations-bna-contacts-students,Operations / BNA School Workspace / Contacts / Students,Operations,desktop,9.2,ok,screenshots/desktop/operations-bna-contacts-students.jpg,https://bneineviimacademy.org/operations?workspace=bna&view=contacts&section=students,42,1,0
operations-bna-contacts-intake,Operations / BNA School Workspace / Contacts / Intake,Operations,desktop,9.2,ok,screenshots/desktop/operations-bna-contacts-intake.jpg,https://bneineviimacademy.org/operations?workspace=bna&view=contacts&section=intake,42,1,0
operations-bna-contacts-follow_up,Operations / BNA School Workspace / Contacts / Follow Up,Operations,desktop,9.2,ok,screenshots/desktop/operations-bna-contacts-follow_up.jpg,https://bneineviimacademy.org/operations?workspace=bna&view=contacts&section=follow_up,42,1,0
operations-bna-contacts-tags,Operations / BNA School Workspace / Contacts / Tags,Operations,desktop,9.2,ok,screenshots/desktop/operations-bna-contacts-tags.jpg,https://bneineviimacademy.org/operations?workspace=bna&view=contacts&section=tags,42,1,0
operations-bna-content-library,Operations / BNA School Workspace / Content / Library,Operations,desktop,7.4,ok,screenshots/desktop/operations-bna-content-library.jpg,https://bneineviimacademy.org/operations?workspace=bna&view=content&section=library,75,39,0
operations-bna-content-meetings,Operations / BNA School Workspace / Content / Meetings,Operations,desktop,9.2,ok,screenshots/desktop/operations-bna-content-meetings.jpg,https://bneineviimacademy.org/operations?workspace=bna&view=content&section=meetings,32,6,0
operations-bna-content-research,Operations / BNA School Workspace / Content / Research,Operations,desktop,7.4,ok,screenshots/desktop/operations-bna-content-research.jpg,https://bneineviimacademy.org/operations?workspace=bna&view=content&section=research,110,37,0
operations-bna-content-selected,Operations / BNA School Workspace / Content / Selected,Operations,desktop,9.2,ok,screenshots/desktop/operations-bna-content-selected.jpg,https://bneineviimacademy.org/operations?workspace=bna&view=content&section=selected,33,1,0
operations-bna-content-repurpose,Operations / BNA School Workspace / Content / Repurpose,Operations,desktop,7.4,ok,screenshots/desktop/operations-bna-content-repurpose.jpg,https://bneineviimacademy.org/operations?workspace=bna&view=content&section=repurpose,75,39,0
operations-bna-content-newsletter,Operations / BNA School Workspace / Content / Newsletter,Operations,desktop,9.2,ok,screenshots/desktop/operations-bna-content-newsletter.jpg,https://bneineviimacademy.org/operations?workspace=bna&view=content&section=newsletter,29,1,1
operations-bna-content-prompts,Operations / BNA School Workspace / Content / Prompts,Operations,desktop,9.2,ok,screenshots/desktop/operations-bna-content-prompts.jpg,https://bneineviimacademy.org/operations?workspace=bna&view=content&section=prompts,38,1,0
operations-bna-content-bundles,Operations / BNA School Workspace / Content / Bundles,Operations,desktop,9.2,ok,screenshots/desktop/operations-bna-content-bundles.jpg,https://bneineviimacademy.org/operations?workspace=bna&view=content&section=bundles,29,1,1
operations-bna-calendar-overview,Operations / BNA School Workspace / Calendar / Overview,Operations,desktop,9.2,ok,screenshots/desktop/operations-bna-calendar-overview.jpg,https://bneineviimacademy.org/operations?workspace=bna&view=calendar&section=overview,31,1,0
operations-bna-calendar-week,Operations / BNA School Workspace / Calendar / Week,Operations,desktop,9.2,ok,screenshots/desktop/operations-bna-calendar-week.jpg,https://bneineviimacademy.org/operations?workspace=bna&view=calendar&section=week,27,1,0
operations-bna-calendar-month,Operations / BNA School Workspace / Calendar / Month,Operations,desktop,9.2,ok,screenshots/desktop/operations-bna-calendar-month.jpg,https://bneineviimacademy.org/operations?workspace=bna&view=calendar&section=month,27,1,0
operations-bna-calendar-classes,Operations / BNA School Workspace / Calendar / Classes,Operations,desktop,9.2,ok,screenshots/desktop/operations-bna-calendar-classes.jpg,https://bneineviimacademy.org/operations?workspace=bna&view=calendar&section=classes,27,1,0
operations-bna-calendar-students,Operations / BNA School Workspace / Calendar / Students,Operations,desktop,9.2,ok,screenshots/desktop/operations-bna-calendar-students.jpg,https://bneineviimacademy.org/operations?workspace=bna&view=calendar&section=students,27,1,0
operations-bna-calendar-provider,Operations / BNA School Workspace / Calendar / Provider,Operations,desktop,9.2,ok,screenshots/desktop/operations-bna-calendar-provider.jpg,https://bneineviimacademy.org/operations?workspace=bna&view=calendar&section=provider,27,1,0
operations-bna-calendar-google_sync,Operations / BNA School Workspace / Calendar / Google Sync,Operations,desktop,9.2,ok,screenshots/desktop/operations-bna-calendar-google_sync.jpg,https://bneineviimacademy.org/operations?workspace=bna&view=calendar&section=google_sync,27,1,0
operations-bna-calendar-settings,Operations / BNA School Workspace / Calendar / Settings,Operations,desktop,9.2,ok,screenshots/desktop/operations-bna-calendar-settings.jpg,https://bneineviimacademy.org/operations?workspace=bna&view=calendar&section=settings,27,1,0
operations-bna-service_providers-overview,Operations / BNA School Workspace / Service Providers / Overview,Operations,desktop,8.6,ok,screenshots/desktop/operations-bna-service_providers-overview.jpg,https://bneineviimacademy.org/operations?workspace=bna&view=service_providers&section=overview,36,1,0
operations-bna-service_providers-directory,Operations / BNA School Workspace / Service Providers / Directory,Operations,desktop,8.6,ok,screenshots/desktop/operations-bna-service_providers-directory.jpg,https://bneineviimacademy.org/operations?workspace=bna&view=service_providers&section=directory,32,1,0
operations-bna-service_providers-workspaces,Operations / BNA School Workspace / Service Providers / Workspaces,Operations,desktop,7,ok,screenshots/desktop/operations-bna-service_providers-workspaces.jpg,https://bneineviimacademy.org/operations?workspace=bna&view=service_providers&section=workspaces,77,16,0
operations-bna-service_providers-commercial,Operations / BNA School Workspace / Service Providers / Commercial,Operations,desktop,9.2,ok,screenshots/desktop/operations-bna-service_providers-commercial.jpg,https://bneineviimacademy.org/operations?workspace=bna&view=service_providers&section=commercial,36,1,0
operations-bna-service_providers-plans,Operations / BNA School Workspace / Service Providers / Plans,Operations,desktop,9.2,ok,screenshots/desktop/operations-bna-service_providers-plans.jpg,https://bneineviimacademy.org/operations?workspace=bna&view=service_providers&section=plans,32,1,0
operations-bna-service_providers-onboarding,Operations / BNA School Workspace / Service Providers / Onboarding,Operations,desktop,9.2,ok,screenshots/desktop/operations-bna-service_providers-onboarding.jpg,https://bneineviimacademy.org/operations?workspace=bna&view=service_providers&section=onboarding,32,1,0
operations-bna-service_providers-access_checklist,Operations / BNA School Workspace / Service Providers / Access Checklist,Operations,desktop,9.2,ok,screenshots/desktop/operations-bna-service_providers-access_checklist.jpg,https://bneineviimacademy.org/operations?workspace=bna&view=service_providers&section=access_checklist,32,1,0
operations-bna-service_providers-integration_audit,Operations / BNA School Workspace / Service Providers / Integration Audit,Operations,desktop,9.2,ok,screenshots/desktop/operations-bna-service_providers-integration_audit.jpg,https://bneineviimacademy.org/operations?workspace=bna&view=service_providers&section=integration_audit,32,1,0
operations-bna-service_providers-communities,Operations / BNA School Workspace / Service Providers / Communities,Operations,desktop,9.2,ok,screenshots/desktop/operations-bna-service_providers-communities.jpg,https://bneineviimacademy.org/operations?workspace=bna&view=service_providers&section=communities,33,1,1
operations-bna-service_providers-content,Operations / BNA School Workspace / Service Providers / Content,Operations,desktop,9.2,ok,screenshots/desktop/operations-bna-service_providers-content.jpg,https://bneineviimacademy.org/operations?workspace=bna&view=service_providers&section=content,33,2,0
operations-bna-service_providers-marketing,Operations / BNA School Workspace / Service Providers / Marketing,Operations,desktop,9.2,ok,screenshots/desktop/operations-bna-service_providers-marketing.jpg,https://bneineviimacademy.org/operations?workspace=bna&view=service_providers&section=marketing,33,1,1
operations-bna-service_providers-leads,Operations / BNA School Workspace / Service Providers / Leads,Operations,desktop,9.2,ok,screenshots/desktop/operations-bna-service_providers-leads.jpg,https://bneineviimacademy.org/operations?workspace=bna&view=service_providers&section=leads,32,1,0
operations-bna-service_providers-communications,Operations / BNA School Workspace / Service Providers / Communications,Operations,desktop,9.2,ok,screenshots/desktop/operations-bna-service_providers-communications.jpg,https://bneineviimacademy.org/operations?workspace=bna&view=service_providers&section=communications,32,1,0
operations-bna-service_providers-settings,Operations / BNA School Workspace / Service Providers / Settings,Operations,desktop,9.2,ok,screenshots/desktop/operations-bna-service_providers-settings.jpg,https://bneineviimacademy.org/operations?workspace=bna&view=service_providers&section=settings,41,1,0
operations-bna-communications-overview,Operations / BNA School Workspace / Communications / Overview,Operations,desktop,8.6,ok,screenshots/desktop/operations-bna-communications-overview.jpg,https://bneineviimacademy.org/operations?workspace=bna&view=communications&section=overview,32,1,0
operations-bna-communications-parents,Operations / BNA School Workspace / Communications / Parents,Operations,desktop,8.6,ok,screenshots/desktop/operations-bna-communications-parents.jpg,https://bneineviimacademy.org/operations?workspace=bna&view=communications&section=parents,28,1,0
operations-bna-communications-students,Operations / BNA School Workspace / Communications / Students,Operations,desktop,9.2,ok,screenshots/desktop/operations-bna-communications-students.jpg,https://bneineviimacademy.org/operations?workspace=bna&view=communications&section=students,28,1,0
operations-bna-communications-providers,Operations / BNA School Workspace / Communications / Providers,Operations,desktop,9.2,ok,screenshots/desktop/operations-bna-communications-providers.jpg,https://bneineviimacademy.org/operations?workspace=bna&view=communications&section=providers,28,1,0
operations-bna-communications-internal,Operations / BNA School Workspace / Communications / Internal,Operations,desktop,9.2,ok,screenshots/desktop/operations-bna-communications-internal.jpg,https://bneineviimacademy.org/operations?workspace=bna&view=communications&section=internal,28,1,0
operations-bna-communications-whatsapp,Operations / BNA School Workspace / Communications / Whatsapp,Operations,desktop,9.2,ok,screenshots/desktop/operations-bna-communications-whatsapp.jpg,https://bneineviimacademy.org/operations?workspace=bna&view=communications&section=whatsapp,28,1,0
operations-bna-communications-email,Operations / BNA School Workspace / Communications / Email,Operations,desktop,8.6,ok,screenshots/desktop/operations-bna-communications-email.jpg,https://bneineviimacademy.org/operations?workspace=bna&view=communications&section=email,28,1,0
operations-bna-communications-bots,Operations / BNA School Workspace / Communications / Bots,Operations,desktop,9.2,ok,screenshots/desktop/operations-bna-communications-bots.jpg,https://bneineviimacademy.org/operations?workspace=bna&view=communications&section=bots,29,1,1
operations-bna-communications-templates,Operations / BNA School Workspace / Communications / Templates,Operations,desktop,9.2,ok,screenshots/desktop/operations-bna-communications-templates.jpg,https://bneineviimacademy.org/operations?workspace=bna&view=communications&section=templates,29,1,1
operations-bna-communications-settings,Operations / BNA School Workspace / Communications / Settings,Operations,desktop,9.2,ok,screenshots/desktop/operations-bna-communications-settings.jpg,https://bneineviimacademy.org/operations?workspace=bna&view=communications&section=settings,29,1,1
operations-bna-internal_dialogue-overview,Operations / BNA School Workspace / Internal Dialogue / Overview,Operations,desktop,9.2,ok,screenshots/desktop/operations-bna-internal_dialogue-overview.jpg,https://bneineviimacademy.org/operations?workspace=bna&view=internal_dialogue&section=overview,33,1,0
operations-bna-internal_dialogue-shloimie_rabbi,Operations / BNA School Workspace / Internal Dialogue / Shloimie Rabbi,Operations,desktop,9.2,ok,screenshots/desktop/operations-bna-internal_dialogue-shloimie_rabbi.jpg,https://bneineviimacademy.org/operations?workspace=bna&view=internal_dialogue&section=shloimie_rabbi,33,1,0
operations-bna-internal_dialogue-meeting_notes,Operations / BNA School Workspace / Internal Dialogue / Meeting Notes,Operations,desktop,9.2,ok,screenshots/desktop/operations-bna-internal_dialogue-meeting_notes.jpg,https://bneineviimacademy.org/operations?workspace=bna&view=internal_dialogue&section=meeting_notes,33,1,0
operations-bna-internal_dialogue-uploads,Operations / BNA School Workspace / Internal Dialogue / Uploads,Operations,desktop,9.2,ok,screenshots/desktop/operations-bna-internal_dialogue-uploads.jpg,https://bneineviimacademy.org/operations?workspace=bna&view=internal_dialogue&section=uploads,33,1,0
operations-bna-internal_dialogue-decisions,Operations / BNA School Workspace / Internal Dialogue / Decisions,Operations,desktop,9.2,ok,screenshots/desktop/operations-bna-internal_dialogue-decisions.jpg,https://bneineviimacademy.org/operations?workspace=bna&view=internal_dialogue&section=decisions,33,1,0
operations-bna-internal_dialogue-support,Operations / BNA School Workspace / Internal Dialogue / Support,Operations,desktop,9.2,ok,screenshots/desktop/operations-bna-internal_dialogue-support.jpg,https://bneineviimacademy.org/operations?workspace=bna&view=internal_dialogue&section=support,33,1,0
operations-bna-internal_dialogue-activity,Operations / BNA School Workspace / Internal Dialogue / Activity,Operations,desktop,9.2,ok,screenshots/desktop/operations-bna-internal_dialogue-activity.jpg,https://bneineviimacademy.org/operations?workspace=bna&view=internal_dialogue&section=activity,23,1,0
operations-bna-accounting-overview,Operations / BNA School Workspace / Accounting / Overview,Operations,desktop,9.2,ok,screenshots/desktop/operations-bna-accounting-overview.jpg,https://bneineviimacademy.org/operations?workspace=bna&view=accounting&section=overview,40,1,0
operations-bna-accounting-payments,Operations / BNA School Workspace / Accounting / Payments,Operations,desktop,9.2,ok,screenshots/desktop/operations-bna-accounting-payments.jpg,https://bneineviimacademy.org/operations?workspace=bna&view=accounting&section=payments,32,1,0
operations-bna-accounting-open,Operations / BNA School Workspace / Accounting / Open,Operations,desktop,9.2,ok,screenshots/desktop/operations-bna-accounting-open.jpg,https://bneineviimacademy.org/operations?workspace=bna&view=accounting&section=open,32,1,0
operations-bna-accounting-paid,Operations / BNA School Workspace / Accounting / Paid,Operations,desktop,9.2,ok,screenshots/desktop/operations-bna-accounting-paid.jpg,https://bneineviimacademy.org/operations?workspace=bna&view=accounting&section=paid,32,1,0
operations-bna-accounting-needs_signup,Operations / BNA School Workspace / Accounting / Needs Signup,Operations,desktop,9.2,ok,screenshots/desktop/operations-bna-accounting-needs_signup.jpg,https://bneineviimacademy.org/operations?workspace=bna&view=accounting&section=needs_signup,32,1,0
operations-bna-accounting-exceptions,Operations / BNA School Workspace / Accounting / Exceptions,Operations,desktop,9.2,ok,screenshots/desktop/operations-bna-accounting-exceptions.jpg,https://bneineviimacademy.org/operations?workspace=bna&view=accounting&section=exceptions,32,1,0
operations-bna-api_usage-overview,Operations / BNA School Workspace / Api Usage / Overview,Operations,desktop,9.2,ok,screenshots/desktop/operations-bna-api_usage-overview.jpg,https://bneineviimacademy.org/operations?workspace=bna&view=api_usage&section=overview,27,1,0
operations-bna-api_usage-workspace,Operations / BNA School Workspace / Api Usage / Workspace,Operations,desktop,9.2,ok,screenshots/desktop/operations-bna-api_usage-workspace.jpg,https://bneineviimacademy.org/operations?workspace=bna&view=api_usage&section=workspace,28,1,1
operations-bna-api_usage-parent,Operations / BNA School Workspace / Api Usage / Parent,Operations,desktop,9.2,ok,screenshots/desktop/operations-bna-api_usage-parent.jpg,https://bneineviimacademy.org/operations?workspace=bna&view=api_usage&section=parent,28,1,1
operations-bna-api_usage-student,Operations / BNA School Workspace / Api Usage / Student,Operations,desktop,9.2,ok,screenshots/desktop/operations-bna-api_usage-student.jpg,https://bneineviimacademy.org/operations?workspace=bna&view=api_usage&section=student,28,1,1
operations-bna-api_usage-provider,Operations / BNA School Workspace / Api Usage / Provider,Operations,desktop,9.2,ok,screenshots/desktop/operations-bna-api_usage-provider.jpg,https://bneineviimacademy.org/operations?workspace=bna&view=api_usage&section=provider,28,1,1
operations-bna-api_usage-bot,Operations / BNA School Workspace / Api Usage / Bot,Operations,desktop,9.2,ok,screenshots/desktop/operations-bna-api_usage-bot.jpg,https://bneineviimacademy.org/operations?workspace=bna&view=api_usage&section=bot,28,1,1
operations-bna-api_usage-errors,Operations / BNA School Workspace / Api Usage / Errors,Operations,desktop,9.2,ok,screenshots/desktop/operations-bna-api_usage-errors.jpg,https://bneineviimacademy.org/operations?workspace=bna&view=api_usage&section=errors,27,1,0
operations-bna-api_usage-budgets,Operations / BNA School Workspace / Api Usage / Budgets,Operations,desktop,9.2,ok,screenshots/desktop/operations-bna-api_usage-budgets.jpg,https://bneineviimacademy.org/operations?workspace=bna&view=api_usage&section=budgets,28,1,1
operations-bna-api_usage-settings,Operations / BNA School Workspace / Api Usage / Settings,Operations,desktop,9.2,ok,screenshots/desktop/operations-bna-api_usage-settings.jpg,https://bneineviimacademy.org/operations?workspace=bna&view=api_usage&section=settings,28,1,1
operations-bna-admin-overview,Operations / BNA School Workspace / Admin / Overview,Operations,desktop,9.2,ok,screenshots/desktop/operations-bna-admin-overview.jpg,https://bneineviimacademy.org/operations?workspace=bna&view=admin&section=overview,33,1,0
operations-bna-admin-users,Operations / BNA School Workspace / Admin / Users,Operations,desktop,9.2,ok,screenshots/desktop/operations-bna-admin-users.jpg,https://bneineviimacademy.org/operations?workspace=bna&view=admin&section=users,33,1,0
operations-bna-admin-roles,Operations / BNA School Workspace / Admin / Roles,Operations,desktop,9.2,ok,screenshots/desktop/operations-bna-admin-roles.jpg,https://bneineviimacademy.org/operations?workspace=bna&view=admin&section=roles,33,1,0
operations-bna-admin-workspaces,Operations / BNA School Workspace / Admin / Workspaces,Operations,desktop,9.2,ok,screenshots/desktop/operations-bna-admin-workspaces.jpg,https://bneineviimacademy.org/operations?workspace=bna&view=admin&section=workspaces,33,1,0
operations-bna-admin-invitations,Operations / BNA School Workspace / Admin / Invitations,Operations,desktop,9.2,ok,screenshots/desktop/operations-bna-admin-invitations.jpg,https://bneineviimacademy.org/operations?workspace=bna&view=admin&section=invitations,33,1,0
operations-bna-admin-tickets,Operations / BNA School Workspace / Admin / Tickets,Operations,desktop,9.2,ok,screenshots/desktop/operations-bna-admin-tickets.jpg,https://bneineviimacademy.org/operations?workspace=bna&view=admin&section=tickets,33,1,0
operations-bna-admin-messages,Operations / BNA School Workspace / Admin / Messages,Operations,desktop,9.2,ok,screenshots/desktop/operations-bna-admin-messages.jpg,https://bneineviimacademy.org/operations?workspace=bna&view=admin&section=messages,33,1,0
operations-bna-admin-settings,Operations / BNA School Workspace / Admin / Settings,Operations,desktop,9.2,ok,screenshots/desktop/operations-bna-admin-settings.jpg,https://bneineviimacademy.org/operations?workspace=bna&view=admin&section=settings,33,1,0
operations-bna-settings-profile,Operations / BNA School Workspace / Settings / Profile,Operations,desktop,9.2,ok,screenshots/desktop/operations-bna-settings-profile.jpg,https://bneineviimacademy.org/operations?workspace=bna&view=settings&section=profile,45,1,0
operations-bna-settings-workspace,Operations / BNA School Workspace / Settings / Workspace,Operations,desktop,9.2,ok,screenshots/desktop/operations-bna-settings-workspace.jpg,https://bneineviimacademy.org/operations?workspace=bna&view=settings&section=workspace,45,1,0
operations-bna-settings-branding,Operations / BNA School Workspace / Settings / Branding,Operations,desktop,9.2,ok,screenshots/desktop/operations-bna-settings-branding.jpg,https://bneineviimacademy.org/operations?workspace=bna&view=settings&section=branding,45,1,0
operations-bna-settings-language,Operations / BNA School Workspace / Settings / Language,Operations,desktop,9.2,ok,screenshots/desktop/operations-bna-settings-language.jpg,https://bneineviimacademy.org/operations?workspace=bna&view=settings&section=language,45,1,0
operations-bna-settings-users_roles,Operations / BNA School Workspace / Settings / Users Roles,Operations,desktop,9.2,ok,screenshots/desktop/operations-bna-settings-users_roles.jpg,https://bneineviimacademy.org/operations?workspace=bna&view=settings&section=users_roles,45,1,0
operations-bna-settings-email_identities,Operations / BNA School Workspace / Settings / Email Identities,Operations,desktop,9.2,ok,screenshots/desktop/operations-bna-settings-email_identities.jpg,https://bneineviimacademy.org/operations?workspace=bna&view=settings&section=email_identities,48,1,0
operations-bna-settings-whatsapp,Operations / BNA School Workspace / Settings / Whatsapp,Operations,desktop,9.2,ok,screenshots/desktop/operations-bna-settings-whatsapp.jpg,https://bneineviimacademy.org/operations?workspace=bna&view=settings&section=whatsapp,48,1,0
operations-bna-settings-social_accounts,Operations / BNA School Workspace / Settings / Social Accounts,Operations,desktop,9.2,ok,screenshots/desktop/operations-bna-settings-social_accounts.jpg,https://bneineviimacademy.org/operations?workspace=bna&view=settings&section=social_accounts,48,1,0
operations-bna-settings-calendar,Operations / BNA School Workspace / Settings / Calendar,Operations,desktop,9.2,ok,screenshots/desktop/operations-bna-settings-calendar.jpg,https://bneineviimacademy.org/operations?workspace=bna&view=settings&section=calendar,48,1,0
operations-bna-settings-google_classroom,Operations / BNA School Workspace / Settings / Google Classroom,Operations,desktop,9.2,ok,screenshots/desktop/operations-bna-settings-google_classroom.jpg,https://bneineviimacademy.org/operations?workspace=bna&view=settings&section=google_classroom,48,1,0
operations-bna-settings-parent_portal,Operations / BNA School Workspace / Settings / Parent Portal,Operations,desktop,9.2,ok,screenshots/desktop/operations-bna-settings-parent_portal.jpg,https://bneineviimacademy.org/operations?workspace=bna&view=settings&section=parent_portal,45,1,0
operations-bna-settings-student_portal,Operations / BNA School Workspace / Settings / Student Portal,Operations,desktop,9.2,ok,screenshots/desktop/operations-bna-settings-student_portal.jpg,https://bneineviimacademy.org/operations?workspace=bna&view=settings&section=student_portal,45,1,0
operations-bna-settings-provider_portal,Operations / BNA School Workspace / Settings / Provider Portal,Operations,desktop,9.2,ok,screenshots/desktop/operations-bna-settings-provider_portal.jpg,https://bneineviimacademy.org/operations?workspace=bna&view=settings&section=provider_portal,45,1,0
operations-bna-settings-provider_index,Operations / BNA School Workspace / Settings / Provider Index,Operations,desktop,9.2,ok,screenshots/desktop/operations-bna-settings-provider_index.jpg,https://bneineviimacademy.org/operations?workspace=bna&view=settings&section=provider_index,45,1,0
operations-bna-settings-provider_plans,Operations / BNA School Workspace / Settings / Provider Plans,Operations,desktop,9.2,ok,screenshots/desktop/operations-bna-settings-provider_plans.jpg,https://bneineviimacademy.org/operations?workspace=bna&view=settings&section=provider_plans,45,1,0
operations-bna-settings-provider_entitlements,Operations / BNA School Workspace / Settings / Provider Entitlements,Operations,desktop,9.2,ok,screenshots/desktop/operations-bna-settings-provider_entitlements.jpg,https://bneineviimacademy.org/operations?workspace=bna&view=settings&section=provider_entitlements,49,1,0
operations-bna-settings-provider_onboarding,Operations / BNA School Workspace / Settings / Provider Onboarding,Operations,desktop,9.2,ok,screenshots/desktop/operations-bna-settings-provider_onboarding.jpg,https://bneineviimacademy.org/operations?workspace=bna&view=settings&section=provider_onboarding,45,1,0
operations-bna-settings-commercial_models,Operations / BNA School Workspace / Settings / Commercial Models,Operations,desktop,9.2,ok,screenshots/desktop/operations-bna-settings-commercial_models.jpg,https://bneineviimacademy.org/operations?workspace=bna&view=settings&section=commercial_models,45,1,0
operations-bna-settings-bot_permissions,Operations / BNA School Workspace / Settings / Bot Permissions,Operations,desktop,9.2,ok,screenshots/desktop/operations-bna-settings-bot_permissions.jpg,https://bneineviimacademy.org/operations?workspace=bna&view=settings&section=bot_permissions,45,1,0
operations-bna-settings-api_limits,Operations / BNA School Workspace / Settings / Api Limits,Operations,desktop,9.2,ok,screenshots/desktop/operations-bna-settings-api_limits.jpg,https://bneineviimacademy.org/operations?workspace=bna&view=settings&section=api_limits,45,1,0
operations-bna-settings-communications,Operations / BNA School Workspace / Settings / Communications,Operations,desktop,9.2,ok,screenshots/desktop/operations-bna-settings-communications.jpg,https://bneineviimacademy.org/operations?workspace=bna&view=settings&section=communications,45,1,0
operations-bna-settings-integrations,Operations / BNA School Workspace / Settings / Integrations,Operations,desktop,7.6,ok,screenshots/desktop/operations-bna-settings-integrations.jpg,https://bneineviimacademy.org/operations?workspace=bna&view=settings&section=integrations,60,1,0
operations-bna-settings-payment_links,Operations / BNA School Workspace / Settings / Payment Links,Operations,desktop,9.2,ok,screenshots/desktop/operations-bna-settings-payment_links.jpg,https://bneineviimacademy.org/operations?workspace=bna&view=settings&section=payment_links,45,1,0
operations-bna-settings-external_apps,Operations / BNA School Workspace / Settings / External Apps,Operations,desktop,9.2,ok,screenshots/desktop/operations-bna-settings-external_apps.jpg,https://bneineviimacademy.org/operations?workspace=bna&view=settings&section=external_apps,45,1,0
operations-bna-settings-billing,Operations / BNA School Workspace / Settings / Billing,Operations,desktop,9.2,ok,screenshots/desktop/operations-bna-settings-billing.jpg,https://bneineviimacademy.org/operations?workspace=bna&view=settings&section=billing,45,1,0
operations-bna-settings-automations,Operations / BNA School Workspace / Settings / Automations,Operations,desktop,9.2,ok,screenshots/desktop/operations-bna-settings-automations.jpg,https://bneineviimacademy.org/operations?workspace=bna&view=settings&section=automations,45,1,0
operations-bna-settings-danger,Operations / BNA School Workspace / Settings / Danger,Operations,desktop,9.2,ok,screenshots/desktop/operations-bna-settings-danger.jpg,https://bneineviimacademy.org/operations?workspace=bna&view=settings&section=danger,45,1,0
operations-rabbi_sheller_provider-dashboard-overview,Operations / Rabbi Sheller Provider Workspace / Dashboard / Overview,Operations,desktop,9.2,ok,screenshots/desktop/operations-rabbi_sheller_provider-dashboard-overview.jpg,https://bneineviimacademy.org/operations?workspace=rabbi_sheller_provider&view=dashboard&section=overview,31,1,0
operations-rabbi_sheller_provider-dashboard-activity,Operations / Rabbi Sheller Provider Workspace / Dashboard / Activity,Operations,desktop,9.2,ok,screenshots/desktop/operations-rabbi_sheller_provider-dashboard-activity.jpg,https://bneineviimacademy.org/operations?workspace=rabbi_sheller_provider&view=dashboard&section=activity,21,1,0
operations-rabbi_sheller_provider-dashboard-alerts,Operations / Rabbi Sheller Provider Workspace / Dashboard / Alerts,Operations,desktop,9.2,ok,screenshots/desktop/operations-rabbi_sheller_provider-dashboard-alerts.jpg,https://bneineviimacademy.org/operations?workspace=rabbi_sheller_provider&view=dashboard&section=alerts,25,1,0
operations-rabbi_sheller_provider-dashboard-today,Operations / Rabbi Sheller Provider Workspace / Dashboard / Today,Operations,desktop,9.2,ok,screenshots/desktop/operations-rabbi_sheller_provider-dashboard-today.jpg,https://bneineviimacademy.org/operations?workspace=rabbi_sheller_provider&view=dashboard&section=today,21,1,0
operations-rabbi_sheller_provider-dashboard-updates,Operations / Rabbi Sheller Provider Workspace / Dashboard / Updates,Operations,desktop,9.2,ok,screenshots/desktop/operations-rabbi_sheller_provider-dashboard-updates.jpg,https://bneineviimacademy.org/operations?workspace=rabbi_sheller_provider&view=dashboard&section=updates,21,1,0
operations-rabbi_sheller_provider-pipelines-overview,Operations / Rabbi Sheller Provider Workspace / Pipelines / Overview,Operations,desktop,9.2,ok,screenshots/desktop/operations-rabbi_sheller_provider-pipelines-overview.jpg,https://bneineviimacademy.org/operations?workspace=rabbi_sheller_provider&view=pipelines&section=overview,28,1,0
operations-rabbi_sheller_provider-pipelines-bna_enrollment,Operations / Rabbi Sheller Provider Workspace / Pipelines / Bna Enrollment,Operations,desktop,9.2,ok,screenshots/desktop/operations-rabbi_sheller_provider-pipelines-bna_enrollment.jpg,https://bneineviimacademy.org/operations?workspace=rabbi_sheller_provider&view=pipelines&section=bna_enrollment,24,1,0
operations-rabbi_sheller_provider-pipelines-provider_class,Operations / Rabbi Sheller Provider Workspace / Pipelines / Provider Class,Operations,desktop,9.2,ok,screenshots/desktop/operations-rabbi_sheller_provider-pipelines-provider_class.jpg,https://bneineviimacademy.org/operations?workspace=rabbi_sheller_provider&view=pipelines&section=provider_class,24,1,0
operations-rabbi_sheller_provider-pipelines-provider_onboarding,Operations / Rabbi Sheller Provider Workspace / Pipelines / Provider Onboarding,Operations,desktop,9.2,ok,screenshots/desktop/operations-rabbi_sheller_provider-pipelines-provider_onboarding.jpg,https://bneineviimacademy.org/operations?workspace=rabbi_sheller_provider&view=pipelines&section=provider_onboarding,24,1,0
operations-rabbi_sheller_provider-pipelines-participants,Operations / Rabbi Sheller Provider Workspace / Pipelines / Participants,Operations,desktop,9.2,ok,screenshots/desktop/operations-rabbi_sheller_provider-pipelines-participants.jpg,https://bneineviimacademy.org/operations?workspace=rabbi_sheller_provider&view=pipelines&section=participants,24,1,0
operations-rabbi_sheller_provider-pipelines-stale_tasks,Operations / Rabbi Sheller Provider Workspace / Pipelines / Stale Tasks,Operations,desktop,9.2,ok,screenshots/desktop/operations-rabbi_sheller_provider-pipelines-stale_tasks.jpg,https://bneineviimacademy.org/operations?workspace=rabbi_sheller_provider&view=pipelines&section=stale_tasks,24,1,0
operations-rabbi_sheller_provider-pipelines-decisions,Operations / Rabbi Sheller Provider Workspace / Pipelines / Decisions,Operations,desktop,9.2,ok,screenshots/desktop/operations-rabbi_sheller_provider-pipelines-decisions.jpg,https://bneineviimacademy.org/operations?workspace=rabbi_sheller_provider&view=pipelines&section=decisions,24,1,0
operations-rabbi_sheller_provider-tasks-overview,Operations / Rabbi Sheller Provider Workspace / Tasks / Overview,Operations,desktop,9.2,ok,screenshots/desktop/operations-rabbi_sheller_provider-tasks-overview.jpg,https://bneineviimacademy.org/operations?workspace=rabbi_sheller_provider&view=tasks&section=overview,30,1,0
operations-rabbi_sheller_provider-tasks-decisions,Operations / Rabbi Sheller Provider Workspace / Tasks / Decisions,Operations,desktop,9.2,ok,screenshots/desktop/operations-rabbi_sheller_provider-tasks-decisions.jpg,https://bneineviimacademy.org/operations?workspace=rabbi_sheller_provider&view=tasks&section=decisions,30,1,0
operations-rabbi_sheller_provider-tasks-mine,Operations / Rabbi Sheller Provider Workspace / Tasks / Mine,Operations,desktop,9.2,ok,screenshots/desktop/operations-rabbi_sheller_provider-tasks-mine.jpg,https://bneineviimacademy.org/operations?workspace=rabbi_sheller_provider&view=tasks&section=mine,30,1,0
operations-rabbi_sheller_provider-tasks-schedule,Operations / Rabbi Sheller Provider Workspace / Tasks / Schedule,Operations,desktop,9.2,ok,screenshots/desktop/operations-rabbi_sheller_provider-tasks-schedule.jpg,https://bneineviimacademy.org/operations?workspace=rabbi_sheller_provider&view=tasks&section=schedule,30,1,0
operations-rabbi_sheller_provider-tasks-research,Operations / Rabbi Sheller Provider Workspace / Tasks / Research,Operations,desktop,9.2,ok,screenshots/desktop/operations-rabbi_sheller_provider-tasks-research.jpg,https://bneineviimacademy.org/operations?workspace=rabbi_sheller_provider&view=tasks&section=research,30,1,0
operations-rabbi_sheller_provider-tasks-changelog,Operations / Rabbi Sheller Provider Workspace / Tasks / Changelog,Operations,desktop,9.2,ok,screenshots/desktop/operations-rabbi_sheller_provider-tasks-changelog.jpg,https://bneineviimacademy.org/operations?workspace=rabbi_sheller_provider&view=tasks&section=changelog,30,1,0
operations-rabbi_sheller_provider-tasks-done,Operations / Rabbi Sheller Provider Workspace / Tasks / Done,Operations,desktop,9.2,ok,screenshots/desktop/operations-rabbi_sheller_provider-tasks-done.jpg,https://bneineviimacademy.org/operations?workspace=rabbi_sheller_provider&view=tasks&section=done,30,1,0
operations-rabbi_sheller_provider-students-overview,Operations / Rabbi Sheller Provider Workspace / Students / Overview,Operations,desktop,9.2,ok,screenshots/desktop/operations-rabbi_sheller_provider-students-overview.jpg,https://bneineviimacademy.org/operations?workspace=rabbi_sheller_provider&view=students&section=overview,31,1,0
operations-rabbi_sheller_provider-students-list,Operations / Rabbi Sheller Provider Workspace / Students / List,Operations,desktop,9.2,ok,screenshots/desktop/operations-rabbi_sheller_provider-students-list.jpg,https://bneineviimacademy.org/operations?workspace=rabbi_sheller_provider&view=students&section=list,31,1,0
operations-rabbi_sheller_provider-students-group_goal,Operations / Rabbi Sheller Provider Workspace / Students / Group Goal,Operations,desktop,9.2,ok,screenshots/desktop/operations-rabbi_sheller_provider-students-group_goal.jpg,https://bneineviimacademy.org/operations?workspace=rabbi_sheller_provider&view=students&section=group_goal,31,1,0
operations-rabbi_sheller_provider-students-goal_board,Operations / Rabbi Sheller Provider Workspace / Students / Goal Board,Operations,desktop,9.2,ok,screenshots/desktop/operations-rabbi_sheller_provider-students-goal_board.jpg,https://bneineviimacademy.org/operations?workspace=rabbi_sheller_provider&view=students&section=goal_board,31,1,0
operations-rabbi_sheller_provider-students-assignments,Operations / Rabbi Sheller Provider Workspace / Students / Assignments,Operations,desktop,9.2,ok,screenshots/desktop/operations-rabbi_sheller_provider-students-assignments.jpg,https://bneineviimacademy.org/operations?workspace=rabbi_sheller_provider&view=students&section=assignments,31,1,0
operations-rabbi_sheller_provider-students-questions,Operations / Rabbi Sheller Provider Workspace / Students / Questions,Operations,desktop,9.2,ok,screenshots/desktop/operations-rabbi_sheller_provider-students-questions.jpg,https://bneineviimacademy.org/operations?workspace=rabbi_sheller_provider&view=students&section=questions,31,1,0
operations-rabbi_sheller_provider-students-documents,Operations / Rabbi Sheller Provider Workspace / Students / Documents,Operations,desktop,9.2,ok,screenshots/desktop/operations-rabbi_sheller_provider-students-documents.jpg,https://bneineviimacademy.org/operations?workspace=rabbi_sheller_provider&view=students&section=documents,31,1,0
operations-rabbi_sheller_provider-students-portal_links,Operations / Rabbi Sheller Provider Workspace / Students / Portal Links,Operations,desktop,9.2,ok,screenshots/desktop/operations-rabbi_sheller_provider-students-portal_links.jpg,https://bneineviimacademy.org/operations?workspace=rabbi_sheller_provider&view=students&section=portal_links,31,1,0
operations-rabbi_sheller_provider-students-tablet_access,Operations / Rabbi Sheller Provider Workspace / Students / Tablet Access,Operations,desktop,9.2,ok,screenshots/desktop/operations-rabbi_sheller_provider-students-tablet_access.jpg,https://bneineviimacademy.org/operations?workspace=rabbi_sheller_provider&view=students&section=tablet_access,31,1,0
operations-rabbi_sheller_provider-students-profile,Operations / Rabbi Sheller Provider Workspace / Students / Profile,Operations,desktop,9.2,ok,screenshots/desktop/operations-rabbi_sheller_provider-students-profile.jpg,https://bneineviimacademy.org/operations?workspace=rabbi_sheller_provider&view=students&section=profile,31,1,0
operations-rabbi_sheller_provider-students-parent_family,Operations / Rabbi Sheller Provider Workspace / Students / Parent Family,Operations,desktop,9.2,ok,screenshots/desktop/operations-rabbi_sheller_provider-students-parent_family.jpg,https://bneineviimacademy.org/operations?workspace=rabbi_sheller_provider&view=students&section=parent_family,31,1,0
operations-rabbi_sheller_provider-students-analysis,Operations / Rabbi Sheller Provider Workspace / Students / Analysis,Operations,desktop,9.2,ok,screenshots/desktop/operations-rabbi_sheller_provider-students-analysis.jpg,https://bneineviimacademy.org/operations?workspace=rabbi_sheller_provider&view=students&section=analysis,31,1,0
operations-rabbi_sheller_provider-students-meetings,Operations / Rabbi Sheller Provider Workspace / Students / Meetings,Operations,desktop,9.2,ok,screenshots/desktop/operations-rabbi_sheller_provider-students-meetings.jpg,https://bneineviimacademy.org/operations?workspace=rabbi_sheller_provider&view=students&section=meetings,31,1,0
operations-rabbi_sheller_provider-students-bot_settings,Operations / Rabbi Sheller Provider Workspace / Students / Bot Settings,Operations,desktop,9.2,ok,screenshots/desktop/operations-rabbi_sheller_provider-students-bot_settings.jpg,https://bneineviimacademy.org/operations?workspace=rabbi_sheller_provider&view=students&section=bot_settings,31,1,0
operations-rabbi_sheller_provider-students-activity,Operations / Rabbi Sheller Provider Workspace / Students / Activity,Operations,desktop,9.2,ok,screenshots/desktop/operations-rabbi_sheller_provider-students-activity.jpg,https://bneineviimacademy.org/operations?workspace=rabbi_sheller_provider&view=students&section=activity,21,1,0
operations-rabbi_sheller_provider-students-next_year_login,Operations / Rabbi Sheller Provider Workspace / Students / Next Year Login,Operations,desktop,8.8,ok,screenshots/desktop/operations-rabbi_sheller_provider-students-next_year_login.jpg,https://bneineviimacademy.org/operations?workspace=rabbi_sheller_provider&view=students&section=next_year_login,31,1,0
operations-rabbi_sheller_provider-contacts-overview,Operations / Rabbi Sheller Provider Workspace / Contacts / Overview,Operations,desktop,9.2,ok,screenshots/desktop/operations-rabbi_sheller_provider-contacts-overview.jpg,https://bneineviimacademy.org/operations?workspace=rabbi_sheller_provider&view=contacts&section=overview,31,1,0
operations-rabbi_sheller_provider-contacts-interested_parents,Operations / Rabbi Sheller Provider Workspace / Contacts / Interested Parents,Operations,desktop,9.2,ok,screenshots/desktop/operations-rabbi_sheller_provider-contacts-interested_parents.jpg,https://bneineviimacademy.org/operations?workspace=rabbi_sheller_provider&view=contacts&section=interested_parents,31,1,0
operations-rabbi_sheller_provider-contacts-parents,Operations / Rabbi Sheller Provider Workspace / Contacts / Parents,Operations,desktop,9.2,ok,screenshots/desktop/operations-rabbi_sheller_provider-contacts-parents.jpg,https://bneineviimacademy.org/operations?workspace=rabbi_sheller_provider&view=contacts&section=parents,31,1,0
operations-rabbi_sheller_provider-contacts-people,Operations / Rabbi Sheller Provider Workspace / Contacts / People,Operations,desktop,9.2,ok,screenshots/desktop/operations-rabbi_sheller_provider-contacts-people.jpg,https://bneineviimacademy.org/operations?workspace=rabbi_sheller_provider&view=contacts&section=people,31,1,0
operations-rabbi_sheller_provider-contacts-contacts,Operations / Rabbi Sheller Provider Workspace / Contacts / Contacts,Operations,desktop,9.2,ok,screenshots/desktop/operations-rabbi_sheller_provider-contacts-contacts.jpg,https://bneineviimacademy.org/operations?workspace=rabbi_sheller_provider&view=contacts&section=contacts,31,1,0
operations-rabbi_sheller_provider-contacts-notes,Operations / Rabbi Sheller Provider Workspace / Contacts / Notes,Operations,desktop,9.2,ok,screenshots/desktop/operations-rabbi_sheller_provider-contacts-notes.jpg,https://bneineviimacademy.org/operations?workspace=rabbi_sheller_provider&view=contacts&section=notes,31,1,0
operations-rabbi_sheller_provider-contacts-students,Operations / Rabbi Sheller Provider Workspace / Contacts / Students,Operations,desktop,9.2,ok,screenshots/desktop/operations-rabbi_sheller_provider-contacts-students.jpg,https://bneineviimacademy.org/operations?workspace=rabbi_sheller_provider&view=contacts&section=students,31,1,0
operations-rabbi_sheller_provider-contacts-intake,Operations / Rabbi Sheller Provider Workspace / Contacts / Intake,Operations,desktop,9.2,ok,screenshots/desktop/operations-rabbi_sheller_provider-contacts-intake.jpg,https://bneineviimacademy.org/operations?workspace=rabbi_sheller_provider&view=contacts&section=intake,31,1,0
operations-rabbi_sheller_provider-contacts-follow_up,Operations / Rabbi Sheller Provider Workspace / Contacts / Follow Up,Operations,desktop,9.2,ok,screenshots/desktop/operations-rabbi_sheller_provider-contacts-follow_up.jpg,https://bneineviimacademy.org/operations?workspace=rabbi_sheller_provider&view=contacts&section=follow_up,31,1,0
operations-rabbi_sheller_provider-contacts-tags,Operations / Rabbi Sheller Provider Workspace / Contacts / Tags,Operations,desktop,9.2,ok,screenshots/desktop/operations-rabbi_sheller_provider-contacts-tags.jpg,https://bneineviimacademy.org/operations?workspace=rabbi_sheller_provider&view=contacts&section=tags,31,1,0
operations-rabbi_sheller_provider-content-library,Operations / Rabbi Sheller Provider Workspace / Content / Library,Operations,desktop,7.4,ok,screenshots/desktop/operations-rabbi_sheller_provider-content-library.jpg,https://bneineviimacademy.org/operations?workspace=rabbi_sheller_provider&view=content&section=library,73,39,0
operations-rabbi_sheller_provider-content-meetings,Operations / Rabbi Sheller Provider Workspace / Content / Meetings,Operations,desktop,9.2,ok,screenshots/desktop/operations-rabbi_sheller_provider-content-meetings.jpg,https://bneineviimacademy.org/operations?workspace=rabbi_sheller_provider&view=content&section=meetings,30,6,0
operations-rabbi_sheller_provider-content-research,Operations / Rabbi Sheller Provider Workspace / Content / Research,Operations,desktop,7.4,ok,screenshots/desktop/operations-rabbi_sheller_provider-content-research.jpg,https://bneineviimacademy.org/operations?workspace=rabbi_sheller_provider&view=content&section=research,108,37,0
operations-rabbi_sheller_provider-content-selected,Operations / Rabbi Sheller Provider Workspace / Content / Selected,Operations,desktop,9.2,ok,screenshots/desktop/operations-rabbi_sheller_provider-content-selected.jpg,https://bneineviimacademy.org/operations?workspace=rabbi_sheller_provider&view=content&section=selected,31,1,0
operations-rabbi_sheller_provider-content-repurpose,Operations / Rabbi Sheller Provider Workspace / Content / Repurpose,Operations,desktop,7.4,ok,screenshots/desktop/operations-rabbi_sheller_provider-content-repurpose.jpg,https://bneineviimacademy.org/operations?workspace=rabbi_sheller_provider&view=content&section=repurpose,73,39,0
operations-rabbi_sheller_provider-content-newsletter,Operations / Rabbi Sheller Provider Workspace / Content / Newsletter,Operations,desktop,9.2,ok,screenshots/desktop/operations-rabbi_sheller_provider-content-newsletter.jpg,https://bneineviimacademy.org/operations?workspace=rabbi_sheller_provider&view=content&section=newsletter,27,1,1
operations-rabbi_sheller_provider-content-prompts,Operations / Rabbi Sheller Provider Workspace / Content / Prompts,Operations,desktop,9.2,ok,screenshots/desktop/operations-rabbi_sheller_provider-content-prompts.jpg,https://bneineviimacademy.org/operations?workspace=rabbi_sheller_provider&view=content&section=prompts,36,1,0
operations-rabbi_sheller_provider-content-bundles,Operations / Rabbi Sheller Provider Workspace / Content / Bundles,Operations,desktop,9.2,ok,screenshots/desktop/operations-rabbi_sheller_provider-content-bundles.jpg,https://bneineviimacademy.org/operations?workspace=rabbi_sheller_provider&view=content&section=bundles,27,1,1
operations-rabbi_sheller_provider-calendar-overview,Operations / Rabbi Sheller Provider Workspace / Calendar / Overview,Operations,desktop,9.2,ok,screenshots/desktop/operations-rabbi_sheller_provider-calendar-overview.jpg,https://bneineviimacademy.org/operations?workspace=rabbi_sheller_provider&view=calendar&section=overview,29,1,0
operations-rabbi_sheller_provider-calendar-week,Operations / Rabbi Sheller Provider Workspace / Calendar / Week,Operations,desktop,9.2,ok,screenshots/desktop/operations-rabbi_sheller_provider-calendar-week.jpg,https://bneineviimacademy.org/operations?workspace=rabbi_sheller_provider&view=calendar&section=week,25,1,0
operations-rabbi_sheller_provider-calendar-month,Operations / Rabbi Sheller Provider Workspace / Calendar / Month,Operations,desktop,9.2,ok,screenshots/desktop/operations-rabbi_sheller_provider-calendar-month.jpg,https://bneineviimacademy.org/operations?workspace=rabbi_sheller_provider&view=calendar&section=month,25,1,0
operations-rabbi_sheller_provider-calendar-classes,Operations / Rabbi Sheller Provider Workspace / Calendar / Classes,Operations,desktop,9.2,ok,screenshots/desktop/operations-rabbi_sheller_provider-calendar-classes.jpg,https://bneineviimacademy.org/operations?workspace=rabbi_sheller_provider&view=calendar&section=classes,25,1,0
operations-rabbi_sheller_provider-calendar-students,Operations / Rabbi Sheller Provider Workspace / Calendar / Students,Operations,desktop,9.2,ok,screenshots/desktop/operations-rabbi_sheller_provider-calendar-students.jpg,https://bneineviimacademy.org/operations?workspace=rabbi_sheller_provider&view=calendar&section=students,25,1,0
operations-rabbi_sheller_provider-calendar-provider,Operations / Rabbi Sheller Provider Workspace / Calendar / Provider,Operations,desktop,9.2,ok,screenshots/desktop/operations-rabbi_sheller_provider-calendar-provider.jpg,https://bneineviimacademy.org/operations?workspace=rabbi_sheller_provider&view=calendar&section=provider,25,1,0
operations-rabbi_sheller_provider-calendar-google_sync,Operations / Rabbi Sheller Provider Workspace / Calendar / Google Sync,Operations,desktop,9.2,ok,screenshots/desktop/operations-rabbi_sheller_provider-calendar-google_sync.jpg,https://bneineviimacademy.org/operations?workspace=rabbi_sheller_provider&view=calendar&section=google_sync,25,1,0
operations-rabbi_sheller_provider-calendar-settings,Operations / Rabbi Sheller Provider Workspace / Calendar / Settings,Operations,desktop,9.2,ok,screenshots/desktop/operations-rabbi_sheller_provider-calendar-settings.jpg,https://bneineviimacademy.org/operations?workspace=rabbi_sheller_provider&view=calendar&section=settings,25,1,0
operations-rabbi_sheller_provider-service_providers-overview,Operations / Rabbi Sheller Provider Workspace / Service Providers / Overview,Operations,desktop,8.6,ok,screenshots/desktop/operations-rabbi_sheller_provider-service_providers-overview.jpg,https://bneineviimacademy.org/operations?workspace=rabbi_sheller_provider&view=service_providers&section=overview,34,1,0
operations-rabbi_sheller_provider-service_providers-directory,Operations / Rabbi Sheller Provider Workspace / Service Providers / Directory,Operations,desktop,8.6,ok,screenshots/desktop/operations-rabbi_sheller_provider-service_providers-directory.jpg,https://bneineviimacademy.org/operations?workspace=rabbi_sheller_provider&view=service_providers&section=directory,30,1,0
operations-rabbi_sheller_provider-service_providers-workspaces,Operations / Rabbi Sheller Provider Workspace / Service Providers / Workspaces,Operations,desktop,7,ok,screenshots/desktop/operations-rabbi_sheller_provider-service_providers-workspaces.jpg,https://bneineviimacademy.org/operations?workspace=rabbi_sheller_provider&view=service_providers&section=workspaces,75,16,0
operations-rabbi_sheller_provider-service_providers-commercial,Operations / Rabbi Sheller Provider Workspace / Service Providers / Commercial,Operations,desktop,9.2,ok,screenshots/desktop/operations-rabbi_sheller_provider-service_providers-commercial.jpg,https://bneineviimacademy.org/operations?workspace=rabbi_sheller_provider&view=service_providers&section=commercial,34,1,0
operations-rabbi_sheller_provider-service_providers-plans,Operations / Rabbi Sheller Provider Workspace / Service Providers / Plans,Operations,desktop,9.2,ok,screenshots/desktop/operations-rabbi_sheller_provider-service_providers-plans.jpg,https://bneineviimacademy.org/operations?workspace=rabbi_sheller_provider&view=service_providers&section=plans,30,1,0
operations-rabbi_sheller_provider-service_providers-onboarding,Operations / Rabbi Sheller Provider Workspace / Service Providers / Onboarding,Operations,desktop,9.2,ok,screenshots/desktop/operations-rabbi_sheller_provider-service_providers-onboarding.jpg,https://bneineviimacademy.org/operations?workspace=rabbi_sheller_provider&view=service_providers&section=onboarding,30,1,0
operations-rabbi_sheller_provider-service_providers-access_checklist,Operations / Rabbi Sheller Provider Workspace / Service Providers / Access Checklist,Operations,desktop,9.2,ok,screenshots/desktop/operations-rabbi_sheller_provider-service_providers-access_checklist.jpg,https://bneineviimacademy.org/operations?workspace=rabbi_sheller_provider&view=service_providers&section=access_checklist,30,1,0
operations-rabbi_sheller_provider-service_providers-integration_audit,Operations / Rabbi Sheller Provider Workspace / Service Providers / Integration Audit,Operations,desktop,9.2,ok,screenshots/desktop/operations-rabbi_sheller_provider-service_providers-integration_audit.jpg,https://bneineviimacademy.org/operations?workspace=rabbi_sheller_provider&view=service_providers&section=integration_audit,30,1,0
operations-rabbi_sheller_provider-service_providers-communities,Operations / Rabbi Sheller Provider Workspace / Service Providers / Communities,Operations,desktop,9.2,ok,screenshots/desktop/operations-rabbi_sheller_provider-service_providers-communities.jpg,https://bneineviimacademy.org/operations?workspace=rabbi_sheller_provider&view=service_providers&section=communities,31,1,1
operations-rabbi_sheller_provider-service_providers-content,Operations / Rabbi Sheller Provider Workspace / Service Providers / Content,Operations,desktop,9.2,ok,screenshots/desktop/operations-rabbi_sheller_provider-service_providers-content.jpg,https://bneineviimacademy.org/operations?workspace=rabbi_sheller_provider&view=service_providers&section=content,31,2,0
operations-rabbi_sheller_provider-service_providers-marketing,Operations / Rabbi Sheller Provider Workspace / Service Providers / Marketing,Operations,desktop,9.2,ok,screenshots/desktop/operations-rabbi_sheller_provider-service_providers-marketing.jpg,https://bneineviimacademy.org/operations?workspace=rabbi_sheller_provider&view=service_providers&section=marketing,31,1,1
operations-rabbi_sheller_provider-service_providers-leads,Operations / Rabbi Sheller Provider Workspace / Service Providers / Leads,Operations,desktop,9.2,ok,screenshots/desktop/operations-rabbi_sheller_provider-service_providers-leads.jpg,https://bneineviimacademy.org/operations?workspace=rabbi_sheller_provider&view=service_providers&section=leads,37,1,1
operations-rabbi_sheller_provider-service_providers-communications,Operations / Rabbi Sheller Provider Workspace / Service Providers / Communications,Operations,desktop,9.2,ok,screenshots/desktop/operations-rabbi_sheller_provider-service_providers-communications.jpg,https://bneineviimacademy.org/operations?workspace=rabbi_sheller_provider&view=service_providers&section=communications,30,1,0
operations-rabbi_sheller_provider-service_providers-settings,Operations / Rabbi Sheller Provider Workspace / Service Providers / Settings,Operations,desktop,9.2,ok,screenshots/desktop/operations-rabbi_sheller_provider-service_providers-settings.jpg,https://bneineviimacademy.org/operations?workspace=rabbi_sheller_provider&view=service_providers&section=settings,42,1,0
operations-rabbi_sheller_provider-communications-overview,Operations / Rabbi Sheller Provider Workspace / Communications / Overview,Operations,desktop,8.6,ok,screenshots/desktop/operations-rabbi_sheller_provider-communications-overview.jpg,https://bneineviimacademy.org/operations?workspace=rabbi_sheller_provider&view=communications&section=overview,30,1,0
operations-rabbi_sheller_provider-communications-parents,Operations / Rabbi Sheller Provider Workspace / Communications / Parents,Operations,desktop,8.6,ok,screenshots/desktop/operations-rabbi_sheller_provider-communications-parents.jpg,https://bneineviimacademy.org/operations?workspace=rabbi_sheller_provider&view=communications&section=parents,26,1,0
operations-rabbi_sheller_provider-communications-students,Operations / Rabbi Sheller Provider Workspace / Communications / Students,Operations,desktop,9.2,ok,screenshots/desktop/operations-rabbi_sheller_provider-communications-students.jpg,https://bneineviimacademy.org/operations?workspace=rabbi_sheller_provider&view=communications&section=students,26,1,0
operations-rabbi_sheller_provider-communications-providers,Operations / Rabbi Sheller Provider Workspace / Communications / Providers,Operations,desktop,9.2,ok,screenshots/desktop/operations-rabbi_sheller_provider-communications-providers.jpg,https://bneineviimacademy.org/operations?workspace=rabbi_sheller_provider&view=communications&section=providers,26,1,0
operations-rabbi_sheller_provider-communications-internal,Operations / Rabbi Sheller Provider Workspace / Communications / Internal,Operations,desktop,9.2,ok,screenshots/desktop/operations-rabbi_sheller_provider-communications-internal.jpg,https://bneineviimacademy.org/operations?workspace=rabbi_sheller_provider&view=communications&section=internal,26,1,0
operations-rabbi_sheller_provider-communications-whatsapp,Operations / Rabbi Sheller Provider Workspace / Communications / Whatsapp,Operations,desktop,9.2,ok,screenshots/desktop/operations-rabbi_sheller_provider-communications-whatsapp.jpg,https://bneineviimacademy.org/operations?workspace=rabbi_sheller_provider&view=communications&section=whatsapp,26,1,0
operations-rabbi_sheller_provider-communications-email,Operations / Rabbi Sheller Provider Workspace / Communications / Email,Operations,desktop,8.6,ok,screenshots/desktop/operations-rabbi_sheller_provider-communications-email.jpg,https://bneineviimacademy.org/operations?workspace=rabbi_sheller_provider&view=communications&section=email,26,1,0
operations-rabbi_sheller_provider-communications-bots,Operations / Rabbi Sheller Provider Workspace / Communications / Bots,Operations,desktop,9.2,ok,screenshots/desktop/operations-rabbi_sheller_provider-communications-bots.jpg,https://bneineviimacademy.org/operations?workspace=rabbi_sheller_provider&view=communications&section=bots,27,1,1
operations-rabbi_sheller_provider-communications-templates,Operations / Rabbi Sheller Provider Workspace / Communications / Templates,Operations,desktop,9.2,ok,screenshots/desktop/operations-rabbi_sheller_provider-communications-templates.jpg,https://bneineviimacademy.org/operations?workspace=rabbi_sheller_provider&view=communications&section=templates,27,1,1
operations-rabbi_sheller_provider-communications-settings,Operations / Rabbi Sheller Provider Workspace / Communications / Settings,Operations,desktop,9.2,ok,screenshots/desktop/operations-rabbi_sheller_provider-communications-settings.jpg,https://bneineviimacademy.org/operations?workspace=rabbi_sheller_provider&view=communications&section=settings,27,1,1
operations-rabbi_sheller_provider-internal_dialogue-overview,Operations / Rabbi Sheller Provider Workspace / Internal Dialogue / Overview,Operations,desktop,9.2,ok,screenshots/desktop/operations-rabbi_sheller_provider-internal_dialogue-overview.jpg,https://bneineviimacademy.org/operations?workspace=rabbi_sheller_provider&view=internal_dialogue&section=overview,28,1,0
operations-rabbi_sheller_provider-internal_dialogue-shloimie_rabbi,Operations / Rabbi Sheller Provider Workspace / Internal Dialogue / Shloimie Rabbi,Operations,desktop,9.2,ok,screenshots/desktop/operations-rabbi_sheller_provider-internal_dialogue-shloimie_rabbi.jpg,https://bneineviimacademy.org/operations?workspace=rabbi_sheller_provider&view=internal_dialogue&section=shloimie_rabbi,24,1,0
operations-rabbi_sheller_provider-internal_dialogue-meeting_notes,Operations / Rabbi Sheller Provider Workspace / Internal Dialogue / Meeting Notes,Operations,desktop,9.2,ok,screenshots/desktop/operations-rabbi_sheller_provider-internal_dialogue-meeting_notes.jpg,https://bneineviimacademy.org/operations?workspace=rabbi_sheller_provider&view=internal_dialogue&section=meeting_notes,24,1,0
operations-rabbi_sheller_provider-internal_dialogue-uploads,Operations / Rabbi Sheller Provider Workspace / Internal Dialogue / Uploads,Operations,desktop,9.2,ok,screenshots/desktop/operations-rabbi_sheller_provider-internal_dialogue-uploads.jpg,https://bneineviimacademy.org/operations?workspace=rabbi_sheller_provider&view=internal_dialogue&section=uploads,24,1,0
operations-rabbi_sheller_provider-internal_dialogue-decisions,Operations / Rabbi Sheller Provider Workspace / Internal Dialogue / Decisions,Operations,desktop,9.2,ok,screenshots/desktop/operations-rabbi_sheller_provider-internal_dialogue-decisions.jpg,https://bneineviimacademy.org/operations?workspace=rabbi_sheller_provider&view=internal_dialogue&section=decisions,24,1,0
operations-rabbi_sheller_provider-internal_dialogue-support,Operations / Rabbi Sheller Provider Workspace / Internal Dialogue / Support,Operations,desktop,9.2,ok,screenshots/desktop/operations-rabbi_sheller_provider-internal_dialogue-support.jpg,https://bneineviimacademy.org/operations?workspace=rabbi_sheller_provider&view=internal_dialogue&section=support,24,1,0
operations-rabbi_sheller_provider-internal_dialogue-activity,Operations / Rabbi Sheller Provider Workspace / Internal Dialogue / Activity,Operations,desktop,9.2,ok,screenshots/desktop/operations-rabbi_sheller_provider-internal_dialogue-activity.jpg,https://bneineviimacademy.org/operations?workspace=rabbi_sheller_provider&view=internal_dialogue&section=activity,24,1,0
operations-rabbi_sheller_provider-accounting-overview,Operations / Rabbi Sheller Provider Workspace / Accounting / Overview,Operations,desktop,9.2,ok,screenshots/desktop/operations-rabbi_sheller_provider-accounting-overview.jpg,https://bneineviimacademy.org/operations?workspace=rabbi_sheller_provider&view=accounting&section=overview,31,1,0
operations-rabbi_sheller_provider-accounting-payments,Operations / Rabbi Sheller Provider Workspace / Accounting / Payments,Operations,desktop,9.2,ok,screenshots/desktop/operations-rabbi_sheller_provider-accounting-payments.jpg,https://bneineviimacademy.org/operations?workspace=rabbi_sheller_provider&view=accounting&section=payments,31,1,0
operations-rabbi_sheller_provider-accounting-open,Operations / Rabbi Sheller Provider Workspace / Accounting / Open,Operations,desktop,9.2,ok,screenshots/desktop/operations-rabbi_sheller_provider-accounting-open.jpg,https://bneineviimacademy.org/operations?workspace=rabbi_sheller_provider&view=accounting&section=open,31,1,0
operations-rabbi_sheller_provider-accounting-paid,Operations / Rabbi Sheller Provider Workspace / Accounting / Paid,Operations,desktop,9.2,ok,screenshots/desktop/operations-rabbi_sheller_provider-accounting-paid.jpg,https://bneineviimacademy.org/operations?workspace=rabbi_sheller_provider&view=accounting&section=paid,31,1,0
operations-rabbi_sheller_provider-accounting-needs_signup,Operations / Rabbi Sheller Provider Workspace / Accounting / Needs Signup,Operations,desktop,9.2,ok,screenshots/desktop/operations-rabbi_sheller_provider-accounting-needs_signup.jpg,https://bneineviimacademy.org/operations?workspace=rabbi_sheller_provider&view=accounting&section=needs_signup,31,1,0
operations-rabbi_sheller_provider-accounting-exceptions,Operations / Rabbi Sheller Provider Workspace / Accounting / Exceptions,Operations,desktop,9.2,ok,screenshots/desktop/operations-rabbi_sheller_provider-accounting-exceptions.jpg,https://bneineviimacademy.org/operations?workspace=rabbi_sheller_provider&view=accounting&section=exceptions,31,1,0
operations-rabbi_sheller_provider-api_usage-overview,Operations / Rabbi Sheller Provider Workspace / Api Usage / Overview,Operations,desktop,9.2,ok,screenshots/desktop/operations-rabbi_sheller_provider-api_usage-overview.jpg,https://bneineviimacademy.org/operations?workspace=rabbi_sheller_provider&view=api_usage&section=overview,25,1,0
operations-rabbi_sheller_provider-api_usage-workspace,Operations / Rabbi Sheller Provider Workspace / Api Usage / Workspace,Operations,desktop,9.2,ok,screenshots/desktop/operations-rabbi_sheller_provider-api_usage-workspace.jpg,https://bneineviimacademy.org/operations?workspace=rabbi_sheller_provider&view=api_usage&section=workspace,26,1,1
operations-rabbi_sheller_provider-api_usage-parent,Operations / Rabbi Sheller Provider Workspace / Api Usage / Parent,Operations,desktop,9.2,ok,screenshots/desktop/operations-rabbi_sheller_provider-api_usage-parent.jpg,https://bneineviimacademy.org/operations?workspace=rabbi_sheller_provider&view=api_usage&section=parent,26,1,1
operations-rabbi_sheller_provider-api_usage-student,Operations / Rabbi Sheller Provider Workspace / Api Usage / Student,Operations,desktop,9.2,ok,screenshots/desktop/operations-rabbi_sheller_provider-api_usage-student.jpg,https://bneineviimacademy.org/operations?workspace=rabbi_sheller_provider&view=api_usage&section=student,26,1,1
operations-rabbi_sheller_provider-api_usage-provider,Operations / Rabbi Sheller Provider Workspace / Api Usage / Provider,Operations,desktop,9.2,ok,screenshots/desktop/operations-rabbi_sheller_provider-api_usage-provider.jpg,https://bneineviimacademy.org/operations?workspace=rabbi_sheller_provider&view=api_usage&section=provider,26,1,1
operations-rabbi_sheller_provider-api_usage-bot,Operations / Rabbi Sheller Provider Workspace / Api Usage / Bot,Operations,desktop,9.2,ok,screenshots/desktop/operations-rabbi_sheller_provider-api_usage-bot.jpg,https://bneineviimacademy.org/operations?workspace=rabbi_sheller_provider&view=api_usage&section=bot,26,1,1
operations-rabbi_sheller_provider-api_usage-errors,Operations / Rabbi Sheller Provider Workspace / Api Usage / Errors,Operations,desktop,9.2,ok,screenshots/desktop/operations-rabbi_sheller_provider-api_usage-errors.jpg,https://bneineviimacademy.org/operations?workspace=rabbi_sheller_provider&view=api_usage&section=errors,25,1,0
operations-rabbi_sheller_provider-api_usage-budgets,Operations / Rabbi Sheller Provider Workspace / Api Usage / Budgets,Operations,desktop,9.2,ok,screenshots/desktop/operations-rabbi_sheller_provider-api_usage-budgets.jpg,https://bneineviimacademy.org/operations?workspace=rabbi_sheller_provider&view=api_usage&section=budgets,26,1,1
operations-rabbi_sheller_provider-api_usage-settings,Operations / Rabbi Sheller Provider Workspace / Api Usage / Settings,Operations,desktop,9.2,ok,screenshots/desktop/operations-rabbi_sheller_provider-api_usage-settings.jpg,https://bneineviimacademy.org/operations?workspace=rabbi_sheller_provider&view=api_usage&section=settings,26,1,1
operations-rabbi_sheller_provider-admin-overview,Operations / Rabbi Sheller Provider Workspace / Admin / Overview,Operations,desktop,9.2,ok,screenshots/desktop/operations-rabbi_sheller_provider-admin-overview.jpg,https://bneineviimacademy.org/operations?workspace=rabbi_sheller_provider&view=admin&section=overview,31,1,0
operations-rabbi_sheller_provider-admin-users,Operations / Rabbi Sheller Provider Workspace / Admin / Users,Operations,desktop,9.2,ok,screenshots/desktop/operations-rabbi_sheller_provider-admin-users.jpg,https://bneineviimacademy.org/operations?workspace=rabbi_sheller_provider&view=admin&section=users,31,1,0
operations-rabbi_sheller_provider-admin-roles,Operations / Rabbi Sheller Provider Workspace / Admin / Roles,Operations,desktop,9.2,ok,screenshots/desktop/operations-rabbi_sheller_provider-admin-roles.jpg,https://bneineviimacademy.org/operations?workspace=rabbi_sheller_provider&view=admin&section=roles,31,1,0
operations-rabbi_sheller_provider-admin-workspaces,Operations / Rabbi Sheller Provider Workspace / Admin / Workspaces,Operations,desktop,9.2,ok,screenshots/desktop/operations-rabbi_sheller_provider-admin-workspaces.jpg,https://bneineviimacademy.org/operations?workspace=rabbi_sheller_provider&view=admin&section=workspaces,31,1,0
operations-rabbi_sheller_provider-admin-invitations,Operations / Rabbi Sheller Provider Workspace / Admin / Invitations,Operations,desktop,9.2,ok,screenshots/desktop/operations-rabbi_sheller_provider-admin-invitations.jpg,https://bneineviimacademy.org/operations?workspace=rabbi_sheller_provider&view=admin&section=invitations,31,1,0
operations-rabbi_sheller_provider-admin-tickets,Operations / Rabbi Sheller Provider Workspace / Admin / Tickets,Operations,desktop,9.2,ok,screenshots/desktop/operations-rabbi_sheller_provider-admin-tickets.jpg,https://bneineviimacademy.org/operations?workspace=rabbi_sheller_provider&view=admin&section=tickets,31,1,0
operations-rabbi_sheller_provider-admin-messages,Operations / Rabbi Sheller Provider Workspace / Admin / Messages,Operations,desktop,9.2,ok,screenshots/desktop/operations-rabbi_sheller_provider-admin-messages.jpg,https://bneineviimacademy.org/operations?workspace=rabbi_sheller_provider&view=admin&section=messages,31,1,0
operations-rabbi_sheller_provider-admin-settings,Operations / Rabbi Sheller Provider Workspace / Admin / Settings,Operations,desktop,9.2,ok,screenshots/desktop/operations-rabbi_sheller_provider-admin-settings.jpg,https://bneineviimacademy.org/operations?workspace=rabbi_sheller_provider&view=admin&section=settings,31,1,0
operations-rabbi_sheller_provider-settings-profile,Operations / Rabbi Sheller Provider Workspace / Settings / Profile,Operations,desktop,9.2,ok,screenshots/desktop/operations-rabbi_sheller_provider-settings-profile.jpg,https://bneineviimacademy.org/operations?workspace=rabbi_sheller_provider&view=settings&section=profile,43,1,0
operations-rabbi_sheller_provider-settings-workspace,Operations / Rabbi Sheller Provider Workspace / Settings / Workspace,Operations,desktop,9.2,ok,screenshots/desktop/operations-rabbi_sheller_provider-settings-workspace.jpg,https://bneineviimacademy.org/operations?workspace=rabbi_sheller_provider&view=settings&section=workspace,43,1,0
operations-rabbi_sheller_provider-settings-branding,Operations / Rabbi Sheller Provider Workspace / Settings / Branding,Operations,desktop,9.2,ok,screenshots/desktop/operations-rabbi_sheller_provider-settings-branding.jpg,https://bneineviimacademy.org/operations?workspace=rabbi_sheller_provider&view=settings&section=branding,43,1,0
operations-rabbi_sheller_provider-settings-language,Operations / Rabbi Sheller Provider Workspace / Settings / Language,Operations,desktop,9.2,ok,screenshots/desktop/operations-rabbi_sheller_provider-settings-language.jpg,https://bneineviimacademy.org/operations?workspace=rabbi_sheller_provider&view=settings&section=language,43,1,0
operations-rabbi_sheller_provider-settings-users_roles,Operations / Rabbi Sheller Provider Workspace / Settings / Users Roles,Operations,desktop,9.2,ok,screenshots/desktop/operations-rabbi_sheller_provider-settings-users_roles.jpg,https://bneineviimacademy.org/operations?workspace=rabbi_sheller_provider&view=settings&section=users_roles,43,1,0
operations-rabbi_sheller_provider-settings-email_identities,Operations / Rabbi Sheller Provider Workspace / Settings / Email Identities,Operations,desktop,9.2,ok,screenshots/desktop/operations-rabbi_sheller_provider-settings-email_identities.jpg,https://bneineviimacademy.org/operations?workspace=rabbi_sheller_provider&view=settings&section=email_identities,46,1,0
operations-rabbi_sheller_provider-settings-whatsapp,Operations / Rabbi Sheller Provider Workspace / Settings / Whatsapp,Operations,desktop,9.2,ok,screenshots/desktop/operations-rabbi_sheller_provider-settings-whatsapp.jpg,https://bneineviimacademy.org/operations?workspace=rabbi_sheller_provider&view=settings&section=whatsapp,46,1,0
operations-rabbi_sheller_provider-settings-social_accounts,Operations / Rabbi Sheller Provider Workspace / Settings / Social Accounts,Operations,desktop,9.2,ok,screenshots/desktop/operations-rabbi_sheller_provider-settings-social_accounts.jpg,https://bneineviimacademy.org/operations?workspace=rabbi_sheller_provider&view=settings&section=social_accounts,46,1,0
operations-rabbi_sheller_provider-settings-calendar,Operations / Rabbi Sheller Provider Workspace / Settings / Calendar,Operations,desktop,9.2,ok,screenshots/desktop/operations-rabbi_sheller_provider-settings-calendar.jpg,https://bneineviimacademy.org/operations?workspace=rabbi_sheller_provider&view=settings&section=calendar,43,1,0
operations-rabbi_sheller_provider-settings-google_classroom,Operations / Rabbi Sheller Provider Workspace / Settings / Google Classroom,Operations,desktop,9.2,ok,screenshots/desktop/operations-rabbi_sheller_provider-settings-google_classroom.jpg,https://bneineviimacademy.org/operations?workspace=rabbi_sheller_provider&view=settings&section=google_classroom,43,1,0
operations-rabbi_sheller_provider-settings-parent_portal,Operations / Rabbi Sheller Provider Workspace / Settings / Parent Portal,Operations,desktop,9.2,ok,screenshots/desktop/operations-rabbi_sheller_provider-settings-parent_portal.jpg,https://bneineviimacademy.org/operations?workspace=rabbi_sheller_provider&view=settings&section=parent_portal,43,1,0
operations-rabbi_sheller_provider-settings-student_portal,Operations / Rabbi Sheller Provider Workspace / Settings / Student Portal,Operations,desktop,9.2,ok,screenshots/desktop/operations-rabbi_sheller_provider-settings-student_portal.jpg,https://bneineviimacademy.org/operations?workspace=rabbi_sheller_provider&view=settings&section=student_portal,43,1,0
operations-rabbi_sheller_provider-settings-provider_portal,Operations / Rabbi Sheller Provider Workspace / Settings / Provider Portal,Operations,desktop,9.2,ok,screenshots/desktop/operations-rabbi_sheller_provider-settings-provider_portal.jpg,https://bneineviimacademy.org/operations?workspace=rabbi_sheller_provider&view=settings&section=provider_portal,43,1,0
operations-rabbi_sheller_provider-settings-provider_index,Operations / Rabbi Sheller Provider Workspace / Settings / Provider Index,Operations,desktop,9.2,ok,screenshots/desktop/operations-rabbi_sheller_provider-settings-provider_index.jpg,https://bneineviimacademy.org/operations?workspace=rabbi_sheller_provider&view=settings&section=provider_index,43,1,0
operations-rabbi_sheller_provider-settings-provider_plans,Operations / Rabbi Sheller Provider Workspace / Settings / Provider Plans,Operations,desktop,9.2,ok,screenshots/desktop/operations-rabbi_sheller_provider-settings-provider_plans.jpg,https://bneineviimacademy.org/operations?workspace=rabbi_sheller_provider&view=settings&section=provider_plans,43,1,0
operations-rabbi_sheller_provider-settings-provider_entitlements,Operations / Rabbi Sheller Provider Workspace / Settings / Provider Entitlements,Operations,desktop,9.2,ok,screenshots/desktop/operations-rabbi_sheller_provider-settings-provider_entitlements.jpg,https://bneineviimacademy.org/operations?workspace=rabbi_sheller_provider&view=settings&section=provider_entitlements,47,1,0
operations-rabbi_sheller_provider-settings-provider_onboarding,Operations / Rabbi Sheller Provider Workspace / Settings / Provider Onboarding,Operations,desktop,9.2,ok,screenshots/desktop/operations-rabbi_sheller_provider-settings-provider_onboarding.jpg,https://bneineviimacademy.org/operations?workspace=rabbi_sheller_provider&view=settings&section=provider_onboarding,43,1,0
operations-rabbi_sheller_provider-settings-commercial_models,Operations / Rabbi Sheller Provider Workspace / Settings / Commercial Models,Operations,desktop,9.2,ok,screenshots/desktop/operations-rabbi_sheller_provider-settings-commercial_models.jpg,https://bneineviimacademy.org/operations?workspace=rabbi_sheller_provider&view=settings&section=commercial_models,43,1,0
operations-rabbi_sheller_provider-settings-bot_permissions,Operations / Rabbi Sheller Provider Workspace / Settings / Bot Permissions,Operations,desktop,9.2,ok,screenshots/desktop/operations-rabbi_sheller_provider-settings-bot_permissions.jpg,https://bneineviimacademy.org/operations?workspace=rabbi_sheller_provider&view=settings&section=bot_permissions,43,1,0
operations-rabbi_sheller_provider-settings-api_limits,Operations / Rabbi Sheller Provider Workspace / Settings / Api Limits,Operations,desktop,9.2,ok,screenshots/desktop/operations-rabbi_sheller_provider-settings-api_limits.jpg,https://bneineviimacademy.org/operations?workspace=rabbi_sheller_provider&view=settings&section=api_limits,43,1,0
operations-rabbi_sheller_provider-settings-communications,Operations / Rabbi Sheller Provider Workspace / Settings / Communications,Operations,desktop,9.2,ok,screenshots/desktop/operations-rabbi_sheller_provider-settings-communications.jpg,https://bneineviimacademy.org/operations?workspace=rabbi_sheller_provider&view=settings&section=communications,43,1,0
operations-rabbi_sheller_provider-settings-integrations,Operations / Rabbi Sheller Provider Workspace / Settings / Integrations,Operations,desktop,9.2,ok,screenshots/desktop/operations-rabbi_sheller_provider-settings-integrations.jpg,https://bneineviimacademy.org/operations?workspace=rabbi_sheller_provider&view=settings&section=integrations,55,1,0
operations-rabbi_sheller_provider-settings-payment_links,Operations / Rabbi Sheller Provider Workspace / Settings / Payment Links,Operations,desktop,9.2,ok,screenshots/desktop/operations-rabbi_sheller_provider-settings-payment_links.jpg,https://bneineviimacademy.org/operations?workspace=rabbi_sheller_provider&view=settings&section=payment_links,43,1,0
operations-rabbi_sheller_provider-settings-external_apps,Operations / Rabbi Sheller Provider Workspace / Settings / External Apps,Operations,desktop,9.2,ok,screenshots/desktop/operations-rabbi_sheller_provider-settings-external_apps.jpg,https://bneineviimacademy.org/operations?workspace=rabbi_sheller_provider&view=settings&section=external_apps,43,1,0
operations-rabbi_sheller_provider-settings-billing,Operations / Rabbi Sheller Provider Workspace / Settings / Billing,Operations,desktop,9.2,ok,screenshots/desktop/operations-rabbi_sheller_provider-settings-billing.jpg,https://bneineviimacademy.org/operations?workspace=rabbi_sheller_provider&view=settings&section=billing,43,1,0
operations-rabbi_sheller_provider-settings-automations,Operations / Rabbi Sheller Provider Workspace / Settings / Automations,Operations,desktop,9.2,ok,screenshots/desktop/operations-rabbi_sheller_provider-settings-automations.jpg,https://bneineviimacademy.org/operations?workspace=rabbi_sheller_provider&view=settings&section=automations,43,1,0
operations-rabbi_sheller_provider-settings-danger,Operations / Rabbi Sheller Provider Workspace / Settings / Danger,Operations,desktop,9.2,ok,screenshots/desktop/operations-rabbi_sheller_provider-settings-danger.jpg,https://bneineviimacademy.org/operations?workspace=rabbi_sheller_provider&view=settings&section=danger,43,1,0
public-home,Public Site Home,Public Website,mobile,7.1,ok,screenshots/mobile/public-home.jpg,https://bneineviimacademy.org/,20,24,0
public-home-he,Public Site Home Hebrew Route,Public Website,mobile,7.1,ok,screenshots/mobile/public-home-he.jpg,https://bneineviimacademy.org/he,18,12,0
public-blog,Blog,Public Website,mobile,7.9,ok,screenshots/mobile/public-blog.jpg,https://bneineviimacademy.org/blog,11,40,0
public-blog-he,Blog Hebrew Route,Public Website,mobile,8.5,ok,screenshots/mobile/public-blog-he.jpg,https://bneineviimacademy.org/he/blog,8,16,0
public-faq,FAQ,Public Website,mobile,9.2,ok,screenshots/mobile/public-faq.jpg,https://bneineviimacademy.org/faq,1,4,0
public-faq-he,FAQ Hebrew Route,Public Website,mobile,9.2,ok,screenshots/mobile/public-faq-he.jpg,https://bneineviimacademy.org/he/faq,1,4,0
public-signup,Signup English,Public Website,mobile,9.2,ok,screenshots/mobile/public-signup.jpg,https://bneineviimacademy.org/signup.html,7,3,0
public-signup-he,Signup Hebrew,Public Website,mobile,9.2,ok,screenshots/mobile/public-signup-he.jpg,https://bneineviimacademy.org/signup-he.html,7,3,0
public-signup-thank-you,Signup Thank You,Public Website,mobile,9.2,ok,screenshots/mobile/public-signup-thank-you.jpg,https://bneineviimacademy.org/signup-thank-you.html,1,1,0
public-parent-handbook,Parent Handbook,Public Website,mobile,8.5,ok,screenshots/mobile/public-parent-handbook.jpg,https://bneineviimacademy.org/documents/parent-handbook.html,1,2,1
operations-login,Operations Login,Auth / Login,mobile,8.8,ok,screenshots/mobile/operations-login.jpg,https://bneineviimacademy.org/operations-login.html,1,0,0
parent-login,Parent Portal Login,Parent Portal,mobile,8.8,ok,screenshots/mobile/parent-login.jpg,https://bneineviimacademy.org/parent,4,0,0
student-login,Student Workspace Login,Student Workspace,mobile,8.1,ok,screenshots/mobile/student-login.jpg,https://bneineviimacademy.org/student,3,0,0
provider-login,Provider Portal Login,Provider Portal,mobile,8.8,ok,screenshots/mobile/provider-login.jpg,https://bneineviimacademy.org/provider,1,0,0
provider-join,Provider Join / Onboarding,Provider Onboarding,mobile,9.2,ok,screenshots/mobile/provider-join.jpg,https://bneineviimacademy.org/providers/join,3,1,0
parent-login-hebrew,Parent Portal Login - Hebrew,Parent Portal,mobile,8.8,ok,screenshots/mobile/parent-login-hebrew.jpg,https://bneineviimacademy.org/parent,4,0,0
parent-password-reset,Parent Portal Password Reset Request,Parent Portal,mobile,9.2,ok,screenshots/mobile/parent-password-reset.jpg,https://bneineviimacademy.org/parent,4,0,0
student-login-hebrew,Student Workspace Login - Hebrew,Student Workspace,mobile,8.1,ok,screenshots/mobile/student-login-hebrew.jpg,https://bneineviimacademy.org/student,3,0,0
provider-join-filled-draft,Provider Join Form Filled Draft,Provider Onboarding,mobile,9.2,ok,screenshots/mobile/provider-join-filled-draft.jpg,https://bneineviimacademy.org/providers/join,3,1,0
operations-platform-dashboard-overview,Operations / Platform / Super Admin / Dashboard / Overview,Operations,mobile,8.5,ok,screenshots/mobile/operations-platform-dashboard-overview.jpg,https://bneineviimacademy.org/operations?workspace=platform&view=dashboard&section=overview,11,0,0
operations-platform-dashboard-activity,Operations / Platform / Super Admin / Dashboard / Activity,Operations,mobile,9.2,ok,screenshots/mobile/operations-platform-dashboard-activity.jpg,https://bneineviimacademy.org/operations?workspace=platform&view=dashboard&section=activity,1,0,0
operations-platform-dashboard-alerts,Operations / Platform / Super Admin / Dashboard / Alerts,Operations,mobile,9.2,ok,screenshots/mobile/operations-platform-dashboard-alerts.jpg,https://bneineviimacademy.org/operations?workspace=platform&view=dashboard&section=alerts,5,0,0
operations-platform-dashboard-today,Operations / Platform / Super Admin / Dashboard / Today,Operations,mobile,9.2,ok,screenshots/mobile/operations-platform-dashboard-today.jpg,https://bneineviimacademy.org/operations?workspace=platform&view=dashboard&section=today,1,0,0
operations-platform-dashboard-updates,Operations / Platform / Super Admin / Dashboard / Updates,Operations,mobile,9.2,ok,screenshots/mobile/operations-platform-dashboard-updates.jpg,https://bneineviimacademy.org/operations?workspace=platform&view=dashboard&section=updates,1,0,0
operations-platform-pipelines-overview,Operations / Platform / Super Admin / Pipelines / Overview,Operations,mobile,9.2,ok,screenshots/mobile/operations-platform-pipelines-overview.jpg,https://bneineviimacademy.org/operations?workspace=platform&view=pipelines&section=overview,6,0,0
operations-platform-pipelines-bna_enrollment,Operations / Platform / Super Admin / Pipelines / Bna Enrollment,Operations,mobile,9.2,ok,screenshots/mobile/operations-platform-pipelines-bna_enrollment.jpg,https://bneineviimacademy.org/operations?workspace=platform&view=pipelines&section=bna_enrollment,2,0,0
operations-platform-pipelines-provider_class,Operations / Platform / Super Admin / Pipelines / Provider Class,Operations,mobile,8.5,ok,screenshots/mobile/operations-platform-pipelines-provider_class.jpg,https://bneineviimacademy.org/operations?workspace=platform&view=pipelines&section=provider_class,2,0,0
operations-platform-pipelines-provider_onboarding,Operations / Platform / Super Admin / Pipelines / Provider Onboarding,Operations,mobile,8.5,ok,screenshots/mobile/operations-platform-pipelines-provider_onboarding.jpg,https://bneineviimacademy.org/operations?workspace=platform&view=pipelines&section=provider_onboarding,2,0,0
operations-platform-pipelines-participants,Operations / Platform / Super Admin / Pipelines / Participants,Operations,mobile,7.9,ok,screenshots/mobile/operations-platform-pipelines-participants.jpg,https://bneineviimacademy.org/operations?workspace=platform&view=pipelines&section=participants,30,0,13
operations-platform-pipelines-stale_tasks,Operations / Platform / Super Admin / Pipelines / Stale Tasks,Operations,mobile,9.2,ok,screenshots/mobile/operations-platform-pipelines-stale_tasks.jpg,https://bneineviimacademy.org/operations?workspace=platform&view=pipelines&section=stale_tasks,2,0,0
operations-platform-pipelines-decisions,Operations / Platform / Super Admin / Pipelines / Decisions,Operations,mobile,9.2,ok,screenshots/mobile/operations-platform-pipelines-decisions.jpg,https://bneineviimacademy.org/operations?workspace=platform&view=pipelines&section=decisions,2,0,0
operations-platform-tasks-overview,Operations / Platform / Super Admin / Tasks / Overview,Operations,mobile,9.2,ok,screenshots/mobile/operations-platform-tasks-overview.jpg,https://bneineviimacademy.org/operations?workspace=platform&view=tasks&section=overview,8,0,0
operations-platform-tasks-decisions,Operations / Platform / Super Admin / Tasks / Decisions,Operations,mobile,9.2,ok,screenshots/mobile/operations-platform-tasks-decisions.jpg,https://bneineviimacademy.org/operations?workspace=platform&view=tasks&section=decisions,8,0,0
operations-platform-tasks-mine,Operations / Platform / Super Admin / Tasks / Mine,Operations,mobile,9.2,ok,screenshots/mobile/operations-platform-tasks-mine.jpg,https://bneineviimacademy.org/operations?workspace=platform&view=tasks&section=mine,8,0,0
operations-platform-tasks-schedule,Operations / Platform / Super Admin / Tasks / Schedule,Operations,mobile,9.2,ok,screenshots/mobile/operations-platform-tasks-schedule.jpg,https://bneineviimacademy.org/operations?workspace=platform&view=tasks&section=schedule,8,0,0
operations-platform-tasks-research,Operations / Platform / Super Admin / Tasks / Research,Operations,mobile,9.2,ok,screenshots/mobile/operations-platform-tasks-research.jpg,https://bneineviimacademy.org/operations?workspace=platform&view=tasks&section=research,8,0,0
operations-platform-tasks-changelog,Operations / Platform / Super Admin / Tasks / Changelog,Operations,mobile,9.2,ok,screenshots/mobile/operations-platform-tasks-changelog.jpg,https://bneineviimacademy.org/operations?workspace=platform&view=tasks&section=changelog,8,0,0
operations-platform-tasks-done,Operations / Platform / Super Admin / Tasks / Done,Operations,mobile,9.2,ok,screenshots/mobile/operations-platform-tasks-done.jpg,https://bneineviimacademy.org/operations?workspace=platform&view=tasks&section=done,8,0,0
operations-platform-students-overview,Operations / Platform / Super Admin / Students / Overview,Operations,mobile,8.5,ok,screenshots/mobile/operations-platform-students-overview.jpg,https://bneineviimacademy.org/operations?workspace=platform&view=students&section=overview,11,0,0
operations-platform-students-list,Operations / Platform / Super Admin / Students / List,Operations,mobile,8.5,ok,screenshots/mobile/operations-platform-students-list.jpg,https://bneineviimacademy.org/operations?workspace=platform&view=students&section=list,11,0,0
operations-platform-students-group_goal,Operations / Platform / Super Admin / Students / Group Goal,Operations,mobile,8.5,ok,screenshots/mobile/operations-platform-students-group_goal.jpg,https://bneineviimacademy.org/operations?workspace=platform&view=students&section=group_goal,11,0,0
operations-platform-students-goal_board,Operations / Platform / Super Admin / Students / Goal Board,Operations,mobile,8.5,ok,screenshots/mobile/operations-platform-students-goal_board.jpg,https://bneineviimacademy.org/operations?workspace=platform&view=students&section=goal_board,11,0,0
operations-platform-students-assignments,Operations / Platform / Super Admin / Students / Assignments,Operations,mobile,8.5,ok,screenshots/mobile/operations-platform-students-assignments.jpg,https://bneineviimacademy.org/operations?workspace=platform&view=students&section=assignments,11,0,0
operations-platform-students-questions,Operations / Platform / Super Admin / Students / Questions,Operations,mobile,8.5,ok,screenshots/mobile/operations-platform-students-questions.jpg,https://bneineviimacademy.org/operations?workspace=platform&view=students&section=questions,11,0,0
operations-platform-students-documents,Operations / Platform / Super Admin / Students / Documents,Operations,mobile,8.5,ok,screenshots/mobile/operations-platform-students-documents.jpg,https://bneineviimacademy.org/operations?workspace=platform&view=students&section=documents,11,0,0
operations-platform-students-portal_links,Operations / Platform / Super Admin / Students / Portal Links,Operations,mobile,8.5,ok,screenshots/mobile/operations-platform-students-portal_links.jpg,https://bneineviimacademy.org/operations?workspace=platform&view=students&section=portal_links,11,0,0
operations-platform-students-tablet_access,Operations / Platform / Super Admin / Students / Tablet Access,Operations,mobile,8.5,ok,screenshots/mobile/operations-platform-students-tablet_access.jpg,https://bneineviimacademy.org/operations?workspace=platform&view=students&section=tablet_access,11,0,0
operations-platform-students-profile,Operations / Platform / Super Admin / Students / Profile,Operations,mobile,8.5,ok,screenshots/mobile/operations-platform-students-profile.jpg,https://bneineviimacademy.org/operations?workspace=platform&view=students&section=profile,11,0,0
operations-platform-students-parent_family,Operations / Platform / Super Admin / Students / Parent Family,Operations,mobile,8.5,ok,screenshots/mobile/operations-platform-students-parent_family.jpg,https://bneineviimacademy.org/operations?workspace=platform&view=students&section=parent_family,11,0,0
operations-platform-students-analysis,Operations / Platform / Super Admin / Students / Analysis,Operations,mobile,8.5,ok,screenshots/mobile/operations-platform-students-analysis.jpg,https://bneineviimacademy.org/operations?workspace=platform&view=students&section=analysis,11,0,0
operations-platform-students-meetings,Operations / Platform / Super Admin / Students / Meetings,Operations,mobile,8.5,ok,screenshots/mobile/operations-platform-students-meetings.jpg,https://bneineviimacademy.org/operations?workspace=platform&view=students&section=meetings,11,0,0
operations-platform-students-bot_settings,Operations / Platform / Super Admin / Students / Bot Settings,Operations,mobile,8.5,ok,screenshots/mobile/operations-platform-students-bot_settings.jpg,https://bneineviimacademy.org/operations?workspace=platform&view=students&section=bot_settings,11,0,0
operations-platform-students-activity,Operations / Platform / Super Admin / Students / Activity,Operations,mobile,9.2,ok,screenshots/mobile/operations-platform-students-activity.jpg,https://bneineviimacademy.org/operations?workspace=platform&view=students&section=activity,1,0,0
operations-platform-students-next_year_login,Operations / Platform / Super Admin / Students / Next Year Login,Operations,mobile,8.1,ok,screenshots/mobile/operations-platform-students-next_year_login.jpg,https://bneineviimacademy.org/operations?workspace=platform&view=students&section=next_year_login,11,0,0
operations-platform-contacts-overview,Operations / Platform / Super Admin / Contacts / Overview,Operations,mobile,8.5,ok,screenshots/mobile/operations-platform-contacts-overview.jpg,https://bneineviimacademy.org/operations?workspace=platform&view=contacts&section=overview,11,0,0
operations-platform-contacts-interested_parents,Operations / Platform / Super Admin / Contacts / Interested Parents,Operations,mobile,8.5,ok,screenshots/mobile/operations-platform-contacts-interested_parents.jpg,https://bneineviimacademy.org/operations?workspace=platform&view=contacts&section=interested_parents,11,0,0
operations-platform-contacts-parents,Operations / Platform / Super Admin / Contacts / Parents,Operations,mobile,8.5,ok,screenshots/mobile/operations-platform-contacts-parents.jpg,https://bneineviimacademy.org/operations?workspace=platform&view=contacts&section=parents,11,0,0
operations-platform-contacts-people,Operations / Platform / Super Admin / Contacts / People,Operations,mobile,8.5,ok,screenshots/mobile/operations-platform-contacts-people.jpg,https://bneineviimacademy.org/operations?workspace=platform&view=contacts&section=people,11,0,0
operations-platform-contacts-contacts,Operations / Platform / Super Admin / Contacts / Contacts,Operations,mobile,8.5,ok,screenshots/mobile/operations-platform-contacts-contacts.jpg,https://bneineviimacademy.org/operations?workspace=platform&view=contacts&section=contacts,11,0,0
operations-platform-contacts-notes,Operations / Platform / Super Admin / Contacts / Notes,Operations,mobile,8.5,ok,screenshots/mobile/operations-platform-contacts-notes.jpg,https://bneineviimacademy.org/operations?workspace=platform&view=contacts&section=notes,11,0,0
operations-platform-contacts-students,Operations / Platform / Super Admin / Contacts / Students,Operations,mobile,8.5,ok,screenshots/mobile/operations-platform-contacts-students.jpg,https://bneineviimacademy.org/operations?workspace=platform&view=contacts&section=students,11,0,0
operations-platform-contacts-intake,Operations / Platform / Super Admin / Contacts / Intake,Operations,mobile,8.5,ok,screenshots/mobile/operations-platform-contacts-intake.jpg,https://bneineviimacademy.org/operations?workspace=platform&view=contacts&section=intake,11,0,0
operations-platform-contacts-follow_up,Operations / Platform / Super Admin / Contacts / Follow Up,Operations,mobile,8.5,ok,screenshots/mobile/operations-platform-contacts-follow_up.jpg,https://bneineviimacademy.org/operations?workspace=platform&view=contacts&section=follow_up,11,0,0
operations-platform-contacts-tags,Operations / Platform / Super Admin / Contacts / Tags,Operations,mobile,8.5,ok,screenshots/mobile/operations-platform-contacts-tags.jpg,https://bneineviimacademy.org/operations?workspace=platform&view=contacts&section=tags,11,0,0
operations-platform-content-library,Operations / Platform / Super Admin / Content / Library,Operations,mobile,8.5,ok,screenshots/mobile/operations-platform-content-library.jpg,https://bneineviimacademy.org/operations?workspace=platform&view=content&section=library,11,0,0
operations-platform-content-meetings,Operations / Platform / Super Admin / Content / Meetings,Operations,mobile,8.5,ok,screenshots/mobile/operations-platform-content-meetings.jpg,https://bneineviimacademy.org/operations?workspace=platform&view=content&section=meetings,11,0,0
operations-platform-content-research,Operations / Platform / Super Admin / Content / Research,Operations,mobile,8.5,ok,screenshots/mobile/operations-platform-content-research.jpg,https://bneineviimacademy.org/operations?workspace=platform&view=content&section=research,11,0,0
operations-platform-content-selected,Operations / Platform / Super Admin / Content / Selected,Operations,mobile,8.5,ok,screenshots/mobile/operations-platform-content-selected.jpg,https://bneineviimacademy.org/operations?workspace=platform&view=content&section=selected,11,0,0
operations-platform-content-repurpose,Operations / Platform / Super Admin / Content / Repurpose,Operations,mobile,8.5,ok,screenshots/mobile/operations-platform-content-repurpose.jpg,https://bneineviimacademy.org/operations?workspace=platform&view=content&section=repurpose,11,0,0
operations-platform-content-newsletter,Operations / Platform / Super Admin / Content / Newsletter,Operations,mobile,8.5,ok,screenshots/mobile/operations-platform-content-newsletter.jpg,https://bneineviimacademy.org/operations?workspace=platform&view=content&section=newsletter,11,0,0
operations-platform-content-prompts,Operations / Platform / Super Admin / Content / Prompts,Operations,mobile,8.5,ok,screenshots/mobile/operations-platform-content-prompts.jpg,https://bneineviimacademy.org/operations?workspace=platform&view=content&section=prompts,11,0,0
operations-platform-content-bundles,Operations / Platform / Super Admin / Content / Bundles,Operations,mobile,8.5,ok,screenshots/mobile/operations-platform-content-bundles.jpg,https://bneineviimacademy.org/operations?workspace=platform&view=content&section=bundles,11,0,0
operations-platform-calendar-overview,Operations / Platform / Super Admin / Calendar / Overview,Operations,mobile,9.2,ok,screenshots/mobile/operations-platform-calendar-overview.jpg,https://bneineviimacademy.org/operations?workspace=platform&view=calendar&section=overview,6,0,0
operations-platform-calendar-week,Operations / Platform / Super Admin / Calendar / Week,Operations,mobile,9.2,ok,screenshots/mobile/operations-platform-calendar-week.jpg,https://bneineviimacademy.org/operations?workspace=platform&view=calendar&section=week,2,0,0
operations-platform-calendar-month,Operations / Platform / Super Admin / Calendar / Month,Operations,mobile,9.2,ok,screenshots/mobile/operations-platform-calendar-month.jpg,https://bneineviimacademy.org/operations?workspace=platform&view=calendar&section=month,2,0,0
operations-platform-calendar-classes,Operations / Platform / Super Admin / Calendar / Classes,Operations,mobile,9.2,ok,screenshots/mobile/operations-platform-calendar-classes.jpg,https://bneineviimacademy.org/operations?workspace=platform&view=calendar&section=classes,2,0,0
operations-platform-calendar-students,Operations / Platform / Super Admin / Calendar / Students,Operations,mobile,9.2,ok,screenshots/mobile/operations-platform-calendar-students.jpg,https://bneineviimacademy.org/operations?workspace=platform&view=calendar&section=students,2,0,0
operations-platform-calendar-provider,Operations / Platform / Super Admin / Calendar / Provider,Operations,mobile,9.2,ok,screenshots/mobile/operations-platform-calendar-provider.jpg,https://bneineviimacademy.org/operations?workspace=platform&view=calendar&section=provider,2,0,0
operations-platform-calendar-google_sync,Operations / Platform / Super Admin / Calendar / Google Sync,Operations,mobile,9.2,ok,screenshots/mobile/operations-platform-calendar-google_sync.jpg,https://bneineviimacademy.org/operations?workspace=platform&view=calendar&section=google_sync,2,0,0
operations-platform-calendar-settings,Operations / Platform / Super Admin / Calendar / Settings,Operations,mobile,9.2,ok,screenshots/mobile/operations-platform-calendar-settings.jpg,https://bneineviimacademy.org/operations?workspace=platform&view=calendar&section=settings,2,0,0
operations-platform-service_providers-overview,Operations / Platform / Super Admin / Service Providers / Overview,Operations,mobile,9.2,ok,screenshots/mobile/operations-platform-service_providers-overview.jpg,https://bneineviimacademy.org/operations?workspace=platform&view=service_providers&section=overview,5,0,0
operations-platform-service_providers-directory,Operations / Platform / Super Admin / Service Providers / Directory,Operations,mobile,8.5,ok,screenshots/mobile/operations-platform-service_providers-directory.jpg,https://bneineviimacademy.org/operations?workspace=platform&view=service_providers&section=directory,1,0,0
operations-platform-service_providers-workspaces,Operations / Platform / Super Admin / Service Providers / Workspaces,Operations,mobile,8.5,ok,screenshots/mobile/operations-platform-service_providers-workspaces.jpg,https://bneineviimacademy.org/operations?workspace=platform&view=service_providers&section=workspaces,1,0,0
operations-platform-service_providers-commercial,Operations / Platform / Super Admin / Service Providers / Commercial,Operations,mobile,8.5,ok,screenshots/mobile/operations-platform-service_providers-commercial.jpg,https://bneineviimacademy.org/operations?workspace=platform&view=service_providers&section=commercial,1,0,0
operations-platform-service_providers-plans,Operations / Platform / Super Admin / Service Providers / Plans,Operations,mobile,8.5,ok,screenshots/mobile/operations-platform-service_providers-plans.jpg,https://bneineviimacademy.org/operations?workspace=platform&view=service_providers&section=plans,1,0,0
operations-platform-service_providers-onboarding,Operations / Platform / Super Admin / Service Providers / Onboarding,Operations,mobile,8.5,ok,screenshots/mobile/operations-platform-service_providers-onboarding.jpg,https://bneineviimacademy.org/operations?workspace=platform&view=service_providers&section=onboarding,1,0,0
operations-platform-service_providers-access_checklist,Operations / Platform / Super Admin / Service Providers / Access Checklist,Operations,mobile,8.5,ok,screenshots/mobile/operations-platform-service_providers-access_checklist.jpg,https://bneineviimacademy.org/operations?workspace=platform&view=service_providers&section=access_checklist,1,0,0
operations-platform-service_providers-integration_audit,Operations / Platform / Super Admin / Service Providers / Integration Audit,Operations,mobile,8.5,ok,screenshots/mobile/operations-platform-service_providers-integration_audit.jpg,https://bneineviimacademy.org/operations?workspace=platform&view=service_providers&section=integration_audit,1,0,0
operations-platform-service_providers-communities,Operations / Platform / Super Admin / Service Providers / Communities,Operations,mobile,8.5,ok,screenshots/mobile/operations-platform-service_providers-communities.jpg,https://bneineviimacademy.org/operations?workspace=platform&view=service_providers&section=communities,2,0,1
operations-platform-service_providers-content,Operations / Platform / Super Admin / Service Providers / Content,Operations,mobile,8.5,ok,screenshots/mobile/operations-platform-service_providers-content.jpg,https://bneineviimacademy.org/operations?workspace=platform&view=service_providers&section=content,1,0,0
operations-platform-service_providers-marketing,Operations / Platform / Super Admin / Service Providers / Marketing,Operations,mobile,8.5,ok,screenshots/mobile/operations-platform-service_providers-marketing.jpg,https://bneineviimacademy.org/operations?workspace=platform&view=service_providers&section=marketing,2,0,1
operations-platform-service_providers-leads,Operations / Platform / Super Admin / Service Providers / Leads,Operations,mobile,8.5,ok,screenshots/mobile/operations-platform-service_providers-leads.jpg,https://bneineviimacademy.org/operations?workspace=platform&view=service_providers&section=leads,1,0,0
operations-platform-service_providers-communications,Operations / Platform / Super Admin / Service Providers / Communications,Operations,mobile,8.5,ok,screenshots/mobile/operations-platform-service_providers-communications.jpg,https://bneineviimacademy.org/operations?workspace=platform&view=service_providers&section=communications,1,0,0
operations-platform-service_providers-settings,Operations / Platform / Super Admin / Service Providers / Settings,Operations,mobile,9.2,ok,screenshots/mobile/operations-platform-service_providers-settings.jpg,https://bneineviimacademy.org/operations?workspace=platform&view=service_providers&section=settings,1,0,0
operations-platform-communications-overview,Operations / Platform / Super Admin / Communications / Overview,Operations,mobile,8.6,ok,screenshots/mobile/operations-platform-communications-overview.jpg,https://bneineviimacademy.org/operations?workspace=platform&view=communications&section=overview,5,0,0
operations-platform-communications-parents,Operations / Platform / Super Admin / Communications / Parents,Operations,mobile,7.9,ok,screenshots/mobile/operations-platform-communications-parents.jpg,https://bneineviimacademy.org/operations?workspace=platform&view=communications&section=parents,1,0,0
operations-platform-communications-students,Operations / Platform / Super Admin / Communications / Students,Operations,mobile,8.5,ok,screenshots/mobile/operations-platform-communications-students.jpg,https://bneineviimacademy.org/operations?workspace=platform&view=communications&section=students,1,0,0
operations-platform-communications-providers,Operations / Platform / Super Admin / Communications / Providers,Operations,mobile,8.5,ok,screenshots/mobile/operations-platform-communications-providers.jpg,https://bneineviimacademy.org/operations?workspace=platform&view=communications&section=providers,1,0,0
operations-platform-communications-internal,Operations / Platform / Super Admin / Communications / Internal,Operations,mobile,8.5,ok,screenshots/mobile/operations-platform-communications-internal.jpg,https://bneineviimacademy.org/operations?workspace=platform&view=communications&section=internal,1,0,0
operations-platform-communications-whatsapp,Operations / Platform / Super Admin / Communications / Whatsapp,Operations,mobile,8.5,ok,screenshots/mobile/operations-platform-communications-whatsapp.jpg,https://bneineviimacademy.org/operations?workspace=platform&view=communications&section=whatsapp,1,0,0
operations-platform-communications-email,Operations / Platform / Super Admin / Communications / Email,Operations,mobile,8.6,ok,screenshots/mobile/operations-platform-communications-email.jpg,https://bneineviimacademy.org/operations?workspace=platform&view=communications&section=email,1,0,0
operations-platform-communications-bots,Operations / Platform / Super Admin / Communications / Bots,Operations,mobile,8.5,ok,screenshots/mobile/operations-platform-communications-bots.jpg,https://bneineviimacademy.org/operations?workspace=platform&view=communications&section=bots,2,0,1
operations-platform-communications-templates,Operations / Platform / Super Admin / Communications / Templates,Operations,mobile,8.5,ok,screenshots/mobile/operations-platform-communications-templates.jpg,https://bneineviimacademy.org/operations?workspace=platform&view=communications&section=templates,2,0,1
operations-platform-communications-settings,Operations / Platform / Super Admin / Communications / Settings,Operations,mobile,8.5,ok,screenshots/mobile/operations-platform-communications-settings.jpg,https://bneineviimacademy.org/operations?workspace=platform&view=communications&section=settings,2,0,1
operations-platform-internal_dialogue-overview,Operations / Platform / Super Admin / Internal Dialogue / Overview,Operations,mobile,9.2,ok,screenshots/mobile/operations-platform-internal_dialogue-overview.jpg,https://bneineviimacademy.org/operations?workspace=platform&view=internal_dialogue&section=overview,6,0,0
operations-platform-internal_dialogue-shloimie_rabbi,Operations / Platform / Super Admin / Internal Dialogue / Shloimie Rabbi,Operations,mobile,8.5,ok,screenshots/mobile/operations-platform-internal_dialogue-shloimie_rabbi.jpg,https://bneineviimacademy.org/operations?workspace=platform&view=internal_dialogue&section=shloimie_rabbi,2,0,0
operations-platform-internal_dialogue-meeting_notes,Operations / Platform / Super Admin / Internal Dialogue / Meeting Notes,Operations,mobile,8.5,ok,screenshots/mobile/operations-platform-internal_dialogue-meeting_notes.jpg,https://bneineviimacademy.org/operations?workspace=platform&view=internal_dialogue&section=meeting_notes,2,0,0
operations-platform-internal_dialogue-uploads,Operations / Platform / Super Admin / Internal Dialogue / Uploads,Operations,mobile,8.5,ok,screenshots/mobile/operations-platform-internal_dialogue-uploads.jpg,https://bneineviimacademy.org/operations?workspace=platform&view=internal_dialogue&section=uploads,2,0,0
operations-platform-internal_dialogue-decisions,Operations / Platform / Super Admin / Internal Dialogue / Decisions,Operations,mobile,9.2,ok,screenshots/mobile/operations-platform-internal_dialogue-decisions.jpg,https://bneineviimacademy.org/operations?workspace=platform&view=internal_dialogue&section=decisions,2,0,0
operations-platform-internal_dialogue-support,Operations / Platform / Super Admin / Internal Dialogue / Support,Operations,mobile,8.5,ok,screenshots/mobile/operations-platform-internal_dialogue-support.jpg,https://bneineviimacademy.org/operations?workspace=platform&view=internal_dialogue&section=support,2,0,0
operations-platform-internal_dialogue-activity,Operations / Platform / Super Admin / Internal Dialogue / Activity,Operations,mobile,9.2,ok,screenshots/mobile/operations-platform-internal_dialogue-activity.jpg,https://bneineviimacademy.org/operations?workspace=platform&view=internal_dialogue&section=activity,2,0,0
operations-platform-accounting-overview,Operations / Platform / Super Admin / Accounting / Overview,Operations,mobile,8.5,ok,screenshots/mobile/operations-platform-accounting-overview.jpg,https://bneineviimacademy.org/operations?workspace=platform&view=accounting&section=overview,11,0,0
operations-platform-accounting-payments,Operations / Platform / Super Admin / Accounting / Payments,Operations,mobile,8.5,ok,screenshots/mobile/operations-platform-accounting-payments.jpg,https://bneineviimacademy.org/operations?workspace=platform&view=accounting&section=payments,11,0,0
operations-platform-accounting-open,Operations / Platform / Super Admin / Accounting / Open,Operations,mobile,8.5,ok,screenshots/mobile/operations-platform-accounting-open.jpg,https://bneineviimacademy.org/operations?workspace=platform&view=accounting&section=open,11,0,0
operations-platform-accounting-paid,Operations / Platform / Super Admin / Accounting / Paid,Operations,mobile,8.5,ok,screenshots/mobile/operations-platform-accounting-paid.jpg,https://bneineviimacademy.org/operations?workspace=platform&view=accounting&section=paid,11,0,0
operations-platform-accounting-needs_signup,Operations / Platform / Super Admin / Accounting / Needs Signup,Operations,mobile,8.5,ok,screenshots/mobile/operations-platform-accounting-needs_signup.jpg,https://bneineviimacademy.org/operations?workspace=platform&view=accounting&section=needs_signup,11,0,0
operations-platform-accounting-exceptions,Operations / Platform / Super Admin / Accounting / Exceptions,Operations,mobile,8.5,ok,screenshots/mobile/operations-platform-accounting-exceptions.jpg,https://bneineviimacademy.org/operations?workspace=platform&view=accounting&section=exceptions,11,0,0
operations-platform-api_usage-overview,Operations / Platform / Super Admin / Api Usage / Overview,Operations,mobile,9.2,ok,screenshots/mobile/operations-platform-api_usage-overview.jpg,https://bneineviimacademy.org/operations?workspace=platform&view=api_usage&section=overview,1,0,0
operations-platform-api_usage-workspace,Operations / Platform / Super Admin / Api Usage / Workspace,Operations,mobile,8.5,ok,screenshots/mobile/operations-platform-api_usage-workspace.jpg,https://bneineviimacademy.org/operations?workspace=platform&view=api_usage&section=workspace,2,0,1
operations-platform-api_usage-parent,Operations / Platform / Super Admin / Api Usage / Parent,Operations,mobile,8.5,ok,screenshots/mobile/operations-platform-api_usage-parent.jpg,https://bneineviimacademy.org/operations?workspace=platform&view=api_usage&section=parent,2,0,1
operations-platform-api_usage-student,Operations / Platform / Super Admin / Api Usage / Student,Operations,mobile,8.5,ok,screenshots/mobile/operations-platform-api_usage-student.jpg,https://bneineviimacademy.org/operations?workspace=platform&view=api_usage&section=student,2,0,1
operations-platform-api_usage-provider,Operations / Platform / Super Admin / Api Usage / Provider,Operations,mobile,8.5,ok,screenshots/mobile/operations-platform-api_usage-provider.jpg,https://bneineviimacademy.org/operations?workspace=platform&view=api_usage&section=provider,2,0,1
operations-platform-api_usage-bot,Operations / Platform / Super Admin / Api Usage / Bot,Operations,mobile,8.5,ok,screenshots/mobile/operations-platform-api_usage-bot.jpg,https://bneineviimacademy.org/operations?workspace=platform&view=api_usage&section=bot,2,0,1
operations-platform-api_usage-errors,Operations / Platform / Super Admin / Api Usage / Errors,Operations,mobile,9.2,ok,screenshots/mobile/operations-platform-api_usage-errors.jpg,https://bneineviimacademy.org/operations?workspace=platform&view=api_usage&section=errors,1,0,0
operations-platform-api_usage-budgets,Operations / Platform / Super Admin / Api Usage / Budgets,Operations,mobile,8.5,ok,screenshots/mobile/operations-platform-api_usage-budgets.jpg,https://bneineviimacademy.org/operations?workspace=platform&view=api_usage&section=budgets,2,0,1
operations-platform-api_usage-settings,Operations / Platform / Super Admin / Api Usage / Settings,Operations,mobile,8.5,ok,screenshots/mobile/operations-platform-api_usage-settings.jpg,https://bneineviimacademy.org/operations?workspace=platform&view=api_usage&section=settings,2,0,1
operations-platform-admin-overview,Operations / Platform / Super Admin / Admin / Overview,Operations,mobile,8.5,ok,screenshots/mobile/operations-platform-admin-overview.jpg,https://bneineviimacademy.org/operations?workspace=platform&view=admin&section=overview,19,0,0
operations-platform-admin-users,Operations / Platform / Super Admin / Admin / Users,Operations,mobile,9.2,ok,screenshots/mobile/operations-platform-admin-users.jpg,https://bneineviimacademy.org/operations?workspace=platform&view=admin&section=users,1,0,0
operations-platform-admin-roles,Operations / Platform / Super Admin / Admin / Roles,Operations,mobile,8.5,ok,screenshots/mobile/operations-platform-admin-roles.jpg,https://bneineviimacademy.org/operations?workspace=platform&view=admin&section=roles,2,0,1
operations-platform-admin-workspaces,Operations / Platform / Super Admin / Admin / Workspaces,Operations,mobile,9.2,ok,screenshots/mobile/operations-platform-admin-workspaces.jpg,https://bneineviimacademy.org/operations?workspace=platform&view=admin&section=workspaces,1,0,0
operations-platform-admin-invitations,Operations / Platform / Super Admin / Admin / Invitations,Operations,mobile,8.5,ok,screenshots/mobile/operations-platform-admin-invitations.jpg,https://bneineviimacademy.org/operations?workspace=platform&view=admin&section=invitations,2,0,1
operations-platform-admin-tickets,Operations / Platform / Super Admin / Admin / Tickets,Operations,mobile,8.5,ok,screenshots/mobile/operations-platform-admin-tickets.jpg,https://bneineviimacademy.org/operations?workspace=platform&view=admin&section=tickets,19,0,0
operations-platform-admin-messages,Operations / Platform / Super Admin / Admin / Messages,Operations,mobile,8.5,ok,screenshots/mobile/operations-platform-admin-messages.jpg,https://bneineviimacademy.org/operations?workspace=platform&view=admin&section=messages,2,0,1
operations-platform-admin-settings,Operations / Platform / Super Admin / Admin / Settings,Operations,mobile,8.5,ok,screenshots/mobile/operations-platform-admin-settings.jpg,https://bneineviimacademy.org/operations?workspace=platform&view=admin&section=settings,2,0,1
operations-platform-settings-profile,Operations / Platform / Super Admin / Settings / Profile,Operations,mobile,9.2,ok,screenshots/mobile/operations-platform-settings-profile.jpg,https://bneineviimacademy.org/operations?workspace=platform&view=settings&section=profile,1,0,0
operations-platform-settings-workspace,Operations / Platform / Super Admin / Settings / Workspace,Operations,mobile,8.5,ok,screenshots/mobile/operations-platform-settings-workspace.jpg,https://bneineviimacademy.org/operations?workspace=platform&view=settings&section=workspace,1,0,0
operations-platform-settings-branding,Operations / Platform / Super Admin / Settings / Branding,Operations,mobile,9.2,ok,screenshots/mobile/operations-platform-settings-branding.jpg,https://bneineviimacademy.org/operations?workspace=platform&view=settings&section=branding,1,0,0
operations-platform-settings-language,Operations / Platform / Super Admin / Settings / Language,Operations,mobile,9.2,ok,screenshots/mobile/operations-platform-settings-language.jpg,https://bneineviimacademy.org/operations?workspace=platform&view=settings&section=language,1,0,0
operations-platform-settings-users_roles,Operations / Platform / Super Admin / Settings / Users Roles,Operations,mobile,9.2,ok,screenshots/mobile/operations-platform-settings-users_roles.jpg,https://bneineviimacademy.org/operations?workspace=platform&view=settings&section=users_roles,1,0,0
operations-platform-settings-email_identities,Operations / Platform / Super Admin / Settings / Email Identities,Operations,mobile,8.5,ok,screenshots/mobile/operations-platform-settings-email_identities.jpg,https://bneineviimacademy.org/operations?workspace=platform&view=settings&section=email_identities,7,0,0
operations-platform-settings-whatsapp,Operations / Platform / Super Admin / Settings / Whatsapp,Operations,mobile,8.5,ok,screenshots/mobile/operations-platform-settings-whatsapp.jpg,https://bneineviimacademy.org/operations?workspace=platform&view=settings&section=whatsapp,7,0,0
operations-platform-settings-social_accounts,Operations / Platform / Super Admin / Settings / Social Accounts,Operations,mobile,8.5,ok,screenshots/mobile/operations-platform-settings-social_accounts.jpg,https://bneineviimacademy.org/operations?workspace=platform&view=settings&section=social_accounts,7,0,0
operations-platform-settings-calendar,Operations / Platform / Super Admin / Settings / Calendar,Operations,mobile,8.5,ok,screenshots/mobile/operations-platform-settings-calendar.jpg,https://bneineviimacademy.org/operations?workspace=platform&view=settings&section=calendar,4,0,0
operations-platform-settings-google_classroom,Operations / Platform / Super Admin / Settings / Google Classroom,Operations,mobile,8.5,ok,screenshots/mobile/operations-platform-settings-google_classroom.jpg,https://bneineviimacademy.org/operations?workspace=platform&view=settings&section=google_classroom,4,0,0
operations-platform-settings-parent_portal,Operations / Platform / Super Admin / Settings / Parent Portal,Operations,mobile,9.2,ok,screenshots/mobile/operations-platform-settings-parent_portal.jpg,https://bneineviimacademy.org/operations?workspace=platform&view=settings&section=parent_portal,1,0,0
operations-platform-settings-student_portal,Operations / Platform / Super Admin / Settings / Student Portal,Operations,mobile,9.2,ok,screenshots/mobile/operations-platform-settings-student_portal.jpg,https://bneineviimacademy.org/operations?workspace=platform&view=settings&section=student_portal,1,0,0
operations-platform-settings-provider_portal,Operations / Platform / Super Admin / Settings / Provider Portal,Operations,mobile,9.2,ok,screenshots/mobile/operations-platform-settings-provider_portal.jpg,https://bneineviimacademy.org/operations?workspace=platform&view=settings&section=provider_portal,1,0,0
operations-platform-settings-provider_index,Operations / Platform / Super Admin / Settings / Provider Index,Operations,mobile,8.5,ok,screenshots/mobile/operations-platform-settings-provider_index.jpg,https://bneineviimacademy.org/operations?workspace=platform&view=settings&section=provider_index,1,0,0
operations-platform-settings-provider_plans,Operations / Platform / Super Admin / Settings / Provider Plans,Operations,mobile,9.2,ok,screenshots/mobile/operations-platform-settings-provider_plans.jpg,https://bneineviimacademy.org/operations?workspace=platform&view=settings&section=provider_plans,1,0,0
operations-platform-settings-provider_entitlements,Operations / Platform / Super Admin / Settings / Provider Entitlements,Operations,mobile,8.5,ok,screenshots/mobile/operations-platform-settings-provider_entitlements.jpg,https://bneineviimacademy.org/operations?workspace=platform&view=settings&section=provider_entitlements,5,0,0
operations-platform-settings-provider_onboarding,Operations / Platform / Super Admin / Settings / Provider Onboarding,Operations,mobile,8.5,ok,screenshots/mobile/operations-platform-settings-provider_onboarding.jpg,https://bneineviimacademy.org/operations?workspace=platform&view=settings&section=provider_onboarding,1,0,0
operations-platform-settings-commercial_models,Operations / Platform / Super Admin / Settings / Commercial Models,Operations,mobile,8.5,ok,screenshots/mobile/operations-platform-settings-commercial_models.jpg,https://bneineviimacademy.org/operations?workspace=platform&view=settings&section=commercial_models,1,0,0
operations-platform-settings-bot_permissions,Operations / Platform / Super Admin / Settings / Bot Permissions,Operations,mobile,9.2,ok,screenshots/mobile/operations-platform-settings-bot_permissions.jpg,https://bneineviimacademy.org/operations?workspace=platform&view=settings&section=bot_permissions,1,0,0
operations-platform-settings-api_limits,Operations / Platform / Super Admin / Settings / Api Limits,Operations,mobile,9.2,ok,screenshots/mobile/operations-platform-settings-api_limits.jpg,https://bneineviimacademy.org/operations?workspace=platform&view=settings&section=api_limits,1,0,0
operations-platform-settings-communications,Operations / Platform / Super Admin / Settings / Communications,Operations,mobile,9.2,ok,screenshots/mobile/operations-platform-settings-communications.jpg,https://bneineviimacademy.org/operations?workspace=platform&view=settings&section=communications,1,0,0
operations-platform-settings-integrations,Operations / Platform / Super Admin / Settings / Integrations,Operations,mobile,7,ok,screenshots/mobile/operations-platform-settings-integrations.jpg,https://bneineviimacademy.org/operations?workspace=platform&view=settings&section=integrations,31,0,0
operations-platform-settings-payment_links,Operations / Platform / Super Admin / Settings / Payment Links,Operations,mobile,9.2,ok,screenshots/mobile/operations-platform-settings-payment_links.jpg,https://bneineviimacademy.org/operations?workspace=platform&view=settings&section=payment_links,1,0,0
operations-platform-settings-external_apps,Operations / Platform / Super Admin / Settings / External Apps,Operations,mobile,9.2,ok,screenshots/mobile/operations-platform-settings-external_apps.jpg,https://bneineviimacademy.org/operations?workspace=platform&view=settings&section=external_apps,1,0,0
operations-platform-settings-billing,Operations / Platform / Super Admin / Settings / Billing,Operations,mobile,8.5,ok,screenshots/mobile/operations-platform-settings-billing.jpg,https://bneineviimacademy.org/operations?workspace=platform&view=settings&section=billing,1,0,0
operations-platform-settings-automations,Operations / Platform / Super Admin / Settings / Automations,Operations,mobile,9.2,ok,screenshots/mobile/operations-platform-settings-automations.jpg,https://bneineviimacademy.org/operations?workspace=platform&view=settings&section=automations,1,0,0
operations-platform-settings-danger,Operations / Platform / Super Admin / Settings / Danger,Operations,mobile,9.2,ok,screenshots/mobile/operations-platform-settings-danger.jpg,https://bneineviimacademy.org/operations?workspace=platform&view=settings&section=danger,1,0,0
operations-platform-mobile-drawer-open,Operations / Platform / Super Admin / Mobile Navigation Drawer Open,Operations Chrome,mobile,8.2,ok,screenshots/mobile/operations-platform-mobile-drawer-open.jpg,https://bneineviimacademy.org/operations?workspace=platform&view=dashboard&section=overview,21,1,0
operations-bna-dashboard-overview,Operations / BNA School Workspace / Dashboard / Overview,Operations,mobile,8.5,ok,screenshots/mobile/operations-bna-dashboard-overview.jpg,https://bneineviimacademy.org/operations?workspace=bna&view=dashboard&section=overview,11,0,0
operations-bna-dashboard-activity,Operations / BNA School Workspace / Dashboard / Activity,Operations,mobile,9.2,ok,screenshots/mobile/operations-bna-dashboard-activity.jpg,https://bneineviimacademy.org/operations?workspace=bna&view=dashboard&section=activity,1,0,0
operations-bna-dashboard-alerts,Operations / BNA School Workspace / Dashboard / Alerts,Operations,mobile,9.2,ok,screenshots/mobile/operations-bna-dashboard-alerts.jpg,https://bneineviimacademy.org/operations?workspace=bna&view=dashboard&section=alerts,5,0,0
operations-bna-dashboard-today,Operations / BNA School Workspace / Dashboard / Today,Operations,mobile,9.2,ok,screenshots/mobile/operations-bna-dashboard-today.jpg,https://bneineviimacademy.org/operations?workspace=bna&view=dashboard&section=today,1,0,0
operations-bna-dashboard-updates,Operations / BNA School Workspace / Dashboard / Updates,Operations,mobile,9.2,ok,screenshots/mobile/operations-bna-dashboard-updates.jpg,https://bneineviimacademy.org/operations?workspace=bna&view=dashboard&section=updates,1,0,0
operations-bna-pipelines-overview,Operations / BNA School Workspace / Pipelines / Overview,Operations,mobile,9.2,ok,screenshots/mobile/operations-bna-pipelines-overview.jpg,https://bneineviimacademy.org/operations?workspace=bna&view=pipelines&section=overview,6,0,0
operations-bna-pipelines-bna_enrollment,Operations / BNA School Workspace / Pipelines / Bna Enrollment,Operations,mobile,9.2,ok,screenshots/mobile/operations-bna-pipelines-bna_enrollment.jpg,https://bneineviimacademy.org/operations?workspace=bna&view=pipelines&section=bna_enrollment,2,0,0
operations-bna-pipelines-provider_class,Operations / BNA School Workspace / Pipelines / Provider Class,Operations,mobile,8.5,ok,screenshots/mobile/operations-bna-pipelines-provider_class.jpg,https://bneineviimacademy.org/operations?workspace=bna&view=pipelines&section=provider_class,2,0,0
operations-bna-pipelines-provider_onboarding,Operations / BNA School Workspace / Pipelines / Provider Onboarding,Operations,mobile,8.5,ok,screenshots/mobile/operations-bna-pipelines-provider_onboarding.jpg,https://bneineviimacademy.org/operations?workspace=bna&view=pipelines&section=provider_onboarding,2,0,0
operations-bna-pipelines-participants,Operations / BNA School Workspace / Pipelines / Participants,Operations,mobile,8.5,ok,screenshots/mobile/operations-bna-pipelines-participants.jpg,https://bneineviimacademy.org/operations?workspace=bna&view=pipelines&section=participants,2,0,0
operations-bna-pipelines-stale_tasks,Operations / BNA School Workspace / Pipelines / Stale Tasks,Operations,mobile,7.4,ok,screenshots/mobile/operations-bna-pipelines-stale_tasks.jpg,https://bneineviimacademy.org/operations?workspace=bna&view=pipelines&section=stale_tasks,45,0,0
operations-bna-pipelines-decisions,Operations / BNA School Workspace / Pipelines / Decisions,Operations,mobile,9.2,ok,screenshots/mobile/operations-bna-pipelines-decisions.jpg,https://bneineviimacademy.org/operations?workspace=bna&view=pipelines&section=decisions,2,0,0
operations-bna-tasks-overview,Operations / BNA School Workspace / Tasks / Overview,Operations,mobile,9.2,ok,screenshots/mobile/operations-bna-tasks-overview.jpg,https://bneineviimacademy.org/operations?workspace=bna&view=tasks&section=overview,8,0,0
operations-bna-tasks-decisions,Operations / BNA School Workspace / Tasks / Decisions,Operations,mobile,9.2,ok,screenshots/mobile/operations-bna-tasks-decisions.jpg,https://bneineviimacademy.org/operations?workspace=bna&view=tasks&section=decisions,8,0,0
operations-bna-tasks-mine,Operations / BNA School Workspace / Tasks / Mine,Operations,mobile,9.2,ok,screenshots/mobile/operations-bna-tasks-mine.jpg,https://bneineviimacademy.org/operations?workspace=bna&view=tasks&section=mine,8,0,0
operations-bna-tasks-schedule,Operations / BNA School Workspace / Tasks / Schedule,Operations,mobile,9.2,ok,screenshots/mobile/operations-bna-tasks-schedule.jpg,https://bneineviimacademy.org/operations?workspace=bna&view=tasks&section=schedule,8,0,0
operations-bna-tasks-research,Operations / BNA School Workspace / Tasks / Research,Operations,mobile,9.2,ok,screenshots/mobile/operations-bna-tasks-research.jpg,https://bneineviimacademy.org/operations?workspace=bna&view=tasks&section=research,8,0,0
operations-bna-tasks-changelog,Operations / BNA School Workspace / Tasks / Changelog,Operations,mobile,9.2,ok,screenshots/mobile/operations-bna-tasks-changelog.jpg,https://bneineviimacademy.org/operations?workspace=bna&view=tasks&section=changelog,8,0,0
operations-bna-tasks-done,Operations / BNA School Workspace / Tasks / Done,Operations,mobile,9.2,ok,screenshots/mobile/operations-bna-tasks-done.jpg,https://bneineviimacademy.org/operations?workspace=bna&view=tasks&section=done,8,0,0
operations-bna-students-overview,Operations / BNA School Workspace / Students / Overview,Operations,mobile,9.2,ok,screenshots/mobile/operations-bna-students-overview.jpg,https://bneineviimacademy.org/operations?workspace=bna&view=students&section=overview,7,0,0
operations-bna-students-list,Operations / BNA School Workspace / Students / List,Operations,mobile,9.2,ok,screenshots/mobile/operations-bna-students-list.jpg,https://bneineviimacademy.org/operations?workspace=bna&view=students&section=list,7,0,0
operations-bna-students-group_goal,Operations / BNA School Workspace / Students / Group Goal,Operations,mobile,9.2,ok,screenshots/mobile/operations-bna-students-group_goal.jpg,https://bneineviimacademy.org/operations?workspace=bna&view=students&section=group_goal,18,0,0
operations-bna-students-goal_board,Operations / BNA School Workspace / Students / Goal Board,Operations,mobile,9.2,ok,screenshots/mobile/operations-bna-students-goal_board.jpg,https://bneineviimacademy.org/operations?workspace=bna&view=students&section=goal_board,18,0,0
operations-bna-students-assignments,Operations / BNA School Workspace / Students / Assignments,Operations,mobile,8.5,ok,screenshots/mobile/operations-bna-students-assignments.jpg,https://bneineviimacademy.org/operations?workspace=bna&view=students&section=assignments,19,0,0
operations-bna-students-questions,Operations / BNA School Workspace / Students / Questions,Operations,mobile,8.5,ok,screenshots/mobile/operations-bna-students-questions.jpg,https://bneineviimacademy.org/operations?workspace=bna&view=students&section=questions,19,0,0
operations-bna-students-documents,Operations / BNA School Workspace / Students / Documents,Operations,mobile,8.5,ok,screenshots/mobile/operations-bna-students-documents.jpg,https://bneineviimacademy.org/operations?workspace=bna&view=students&section=documents,19,0,0
operations-bna-students-portal_links,Operations / BNA School Workspace / Students / Portal Links,Operations,mobile,9.2,ok,screenshots/mobile/operations-bna-students-portal_links.jpg,https://bneineviimacademy.org/operations?workspace=bna&view=students&section=portal_links,18,0,0
operations-bna-students-tablet_access,Operations / BNA School Workspace / Students / Tablet Access,Operations,mobile,9.2,ok,screenshots/mobile/operations-bna-students-tablet_access.jpg,https://bneineviimacademy.org/operations?workspace=bna&view=students&section=tablet_access,18,0,0
operations-bna-students-profile,Operations / BNA School Workspace / Students / Profile,Operations,mobile,9.2,ok,screenshots/mobile/operations-bna-students-profile.jpg,https://bneineviimacademy.org/operations?workspace=bna&view=students&section=profile,18,0,0
operations-bna-students-parent_family,Operations / BNA School Workspace / Students / Parent Family,Operations,mobile,9.2,ok,screenshots/mobile/operations-bna-students-parent_family.jpg,https://bneineviimacademy.org/operations?workspace=bna&view=students&section=parent_family,18,0,0
operations-bna-students-analysis,Operations / BNA School Workspace / Students / Analysis,Operations,mobile,8.5,ok,screenshots/mobile/operations-bna-students-analysis.jpg,https://bneineviimacademy.org/operations?workspace=bna&view=students&section=analysis,20,0,0
operations-bna-students-meetings,Operations / BNA School Workspace / Students / Meetings,Operations,mobile,9.2,ok,screenshots/mobile/operations-bna-students-meetings.jpg,https://bneineviimacademy.org/operations?workspace=bna&view=students&section=meetings,18,0,0
operations-bna-students-bot_settings,Operations / BNA School Workspace / Students / Bot Settings,Operations,mobile,9.2,ok,screenshots/mobile/operations-bna-students-bot_settings.jpg,https://bneineviimacademy.org/operations?workspace=bna&view=students&section=bot_settings,18,0,0
operations-bna-students-activity,Operations / BNA School Workspace / Students / Activity,Operations,mobile,9.2,ok,screenshots/mobile/operations-bna-students-activity.jpg,https://bneineviimacademy.org/operations?workspace=bna&view=students&section=activity,18,0,0
operations-bna-students-next_year_login,Operations / BNA School Workspace / Students / Next Year Login,Operations,mobile,8.1,ok,screenshots/mobile/operations-bna-students-next_year_login.jpg,https://bneineviimacademy.org/operations?workspace=bna&view=students&section=next_year_login,3,0,0
operations-bna-contacts-overview,Operations / BNA School Workspace / Contacts / Overview,Operations,mobile,7.9,ok,screenshots/mobile/operations-bna-contacts-overview.jpg,https://bneineviimacademy.org/operations?workspace=bna&view=contacts&section=overview,15,0,0
operations-bna-contacts-interested_parents,Operations / BNA School Workspace / Contacts / Interested Parents,Operations,mobile,8.5,ok,screenshots/mobile/operations-bna-contacts-interested_parents.jpg,https://bneineviimacademy.org/operations?workspace=bna&view=contacts&section=interested_parents,14,0,0
operations-bna-contacts-parents,Operations / BNA School Workspace / Contacts / Parents,Operations,mobile,7.9,ok,screenshots/mobile/operations-bna-contacts-parents.jpg,https://bneineviimacademy.org/operations?workspace=bna&view=contacts&section=parents,15,0,0
operations-bna-contacts-people,Operations / BNA School Workspace / Contacts / People,Operations,mobile,7.9,ok,screenshots/mobile/operations-bna-contacts-people.jpg,https://bneineviimacademy.org/operations?workspace=bna&view=contacts&section=people,19,0,0
operations-bna-contacts-contacts,Operations / BNA School Workspace / Contacts / Contacts,Operations,mobile,7.9,ok,screenshots/mobile/operations-bna-contacts-contacts.jpg,https://bneineviimacademy.org/operations?workspace=bna&view=contacts&section=contacts,15,0,0
operations-bna-contacts-notes,Operations / BNA School Workspace / Contacts / Notes,Operations,mobile,7.9,ok,screenshots/mobile/operations-bna-contacts-notes.jpg,https://bneineviimacademy.org/operations?workspace=bna&view=contacts&section=notes,15,0,0
operations-bna-contacts-students,Operations / BNA School Workspace / Contacts / Students,Operations,mobile,7.9,ok,screenshots/mobile/operations-bna-contacts-students.jpg,https://bneineviimacademy.org/operations?workspace=bna&view=contacts&section=students,15,0,0
operations-bna-contacts-intake,Operations / BNA School Workspace / Contacts / Intake,Operations,mobile,7.9,ok,screenshots/mobile/operations-bna-contacts-intake.jpg,https://bneineviimacademy.org/operations?workspace=bna&view=contacts&section=intake,15,0,0
operations-bna-contacts-follow_up,Operations / BNA School Workspace / Contacts / Follow Up,Operations,mobile,7.9,ok,screenshots/mobile/operations-bna-contacts-follow_up.jpg,https://bneineviimacademy.org/operations?workspace=bna&view=contacts&section=follow_up,15,0,0
operations-bna-contacts-tags,Operations / BNA School Workspace / Contacts / Tags,Operations,mobile,7.9,ok,screenshots/mobile/operations-bna-contacts-tags.jpg,https://bneineviimacademy.org/operations?workspace=bna&view=contacts&section=tags,15,0,0
operations-bna-content-library,Operations / BNA School Workspace / Content / Library,Operations,mobile,9.2,ok,screenshots/mobile/operations-bna-content-library.jpg,https://bneineviimacademy.org/operations?workspace=bna&view=content&section=library,8,0,0
operations-bna-content-meetings,Operations / BNA School Workspace / Content / Meetings,Operations,mobile,8.5,ok,screenshots/mobile/operations-bna-content-meetings.jpg,https://bneineviimacademy.org/operations?workspace=bna&view=content&section=meetings,7,5,0
operations-bna-content-research,Operations / BNA School Workspace / Content / Research,Operations,mobile,6,ok,screenshots/mobile/operations-bna-content-research.jpg,https://bneineviimacademy.org/operations?workspace=bna&view=content&section=research,85,36,0
operations-bna-content-selected,Operations / BNA School Workspace / Content / Selected,Operations,mobile,9.2,ok,screenshots/mobile/operations-bna-content-selected.jpg,https://bneineviimacademy.org/operations?workspace=bna&view=content&section=selected,8,0,0
operations-bna-content-repurpose,Operations / BNA School Workspace / Content / Repurpose,Operations,mobile,6,ok,screenshots/mobile/operations-bna-content-repurpose.jpg,https://bneineviimacademy.org/operations?workspace=bna&view=content&section=repurpose,50,38,0
operations-bna-content-newsletter,Operations / BNA School Workspace / Content / Newsletter,Operations,mobile,8.5,ok,screenshots/mobile/operations-bna-content-newsletter.jpg,https://bneineviimacademy.org/operations?workspace=bna&view=content&section=newsletter,4,0,1
operations-bna-content-prompts,Operations / BNA School Workspace / Content / Prompts,Operations,mobile,8.5,ok,screenshots/mobile/operations-bna-content-prompts.jpg,https://bneineviimacademy.org/operations?workspace=bna&view=content&section=prompts,13,0,0
operations-bna-content-bundles,Operations / BNA School Workspace / Content / Bundles,Operations,mobile,8.5,ok,screenshots/mobile/operations-bna-content-bundles.jpg,https://bneineviimacademy.org/operations?workspace=bna&view=content&section=bundles,4,0,1
operations-bna-calendar-overview,Operations / BNA School Workspace / Calendar / Overview,Operations,mobile,9.2,ok,screenshots/mobile/operations-bna-calendar-overview.jpg,https://bneineviimacademy.org/operations?workspace=bna&view=calendar&section=overview,6,0,0
operations-bna-calendar-week,Operations / BNA School Workspace / Calendar / Week,Operations,mobile,9.2,ok,screenshots/mobile/operations-bna-calendar-week.jpg,https://bneineviimacademy.org/operations?workspace=bna&view=calendar&section=week,2,0,0
operations-bna-calendar-month,Operations / BNA School Workspace / Calendar / Month,Operations,mobile,9.2,ok,screenshots/mobile/operations-bna-calendar-month.jpg,https://bneineviimacademy.org/operations?workspace=bna&view=calendar&section=month,2,0,0
operations-bna-calendar-classes,Operations / BNA School Workspace / Calendar / Classes,Operations,mobile,9.2,ok,screenshots/mobile/operations-bna-calendar-classes.jpg,https://bneineviimacademy.org/operations?workspace=bna&view=calendar&section=classes,2,0,0
operations-bna-calendar-students,Operations / BNA School Workspace / Calendar / Students,Operations,mobile,9.2,ok,screenshots/mobile/operations-bna-calendar-students.jpg,https://bneineviimacademy.org/operations?workspace=bna&view=calendar&section=students,2,0,0
operations-bna-calendar-provider,Operations / BNA School Workspace / Calendar / Provider,Operations,mobile,9.2,ok,screenshots/mobile/operations-bna-calendar-provider.jpg,https://bneineviimacademy.org/operations?workspace=bna&view=calendar&section=provider,2,0,0
operations-bna-calendar-google_sync,Operations / BNA School Workspace / Calendar / Google Sync,Operations,mobile,9.2,ok,screenshots/mobile/operations-bna-calendar-google_sync.jpg,https://bneineviimacademy.org/operations?workspace=bna&view=calendar&section=google_sync,2,0,0
operations-bna-calendar-settings,Operations / BNA School Workspace / Calendar / Settings,Operations,mobile,9.2,ok,screenshots/mobile/operations-bna-calendar-settings.jpg,https://bneineviimacademy.org/operations?workspace=bna&view=calendar&section=settings,2,0,0
operations-bna-service_providers-overview,Operations / BNA School Workspace / Service Providers / Overview,Operations,mobile,8.6,ok,screenshots/mobile/operations-bna-service_providers-overview.jpg,https://bneineviimacademy.org/operations?workspace=bna&view=service_providers&section=overview,5,0,0
operations-bna-service_providers-directory,Operations / BNA School Workspace / Service Providers / Directory,Operations,mobile,7.9,ok,screenshots/mobile/operations-bna-service_providers-directory.jpg,https://bneineviimacademy.org/operations?workspace=bna&view=service_providers&section=directory,1,0,0
operations-bna-service_providers-workspaces,Operations / BNA School Workspace / Service Providers / Workspaces,Operations,mobile,5.1,ok,screenshots/mobile/operations-bna-service_providers-workspaces.jpg,https://bneineviimacademy.org/operations?workspace=bna&view=service_providers&section=workspaces,46,15,0
operations-bna-service_providers-commercial,Operations / BNA School Workspace / Service Providers / Commercial,Operations,mobile,8.5,ok,screenshots/mobile/operations-bna-service_providers-commercial.jpg,https://bneineviimacademy.org/operations?workspace=bna&view=service_providers&section=commercial,5,0,0
operations-bna-service_providers-plans,Operations / BNA School Workspace / Service Providers / Plans,Operations,mobile,8.5,ok,screenshots/mobile/operations-bna-service_providers-plans.jpg,https://bneineviimacademy.org/operations?workspace=bna&view=service_providers&section=plans,1,0,0
operations-bna-service_providers-onboarding,Operations / BNA School Workspace / Service Providers / Onboarding,Operations,mobile,8.5,ok,screenshots/mobile/operations-bna-service_providers-onboarding.jpg,https://bneineviimacademy.org/operations?workspace=bna&view=service_providers&section=onboarding,1,0,0
operations-bna-service_providers-access_checklist,Operations / BNA School Workspace / Service Providers / Access Checklist,Operations,mobile,7.9,ok,screenshots/mobile/operations-bna-service_providers-access_checklist.jpg,https://bneineviimacademy.org/operations?workspace=bna&view=service_providers&section=access_checklist,1,0,0
operations-bna-service_providers-integration_audit,Operations / BNA School Workspace / Service Providers / Integration Audit,Operations,mobile,8.5,ok,screenshots/mobile/operations-bna-service_providers-integration_audit.jpg,https://bneineviimacademy.org/operations?workspace=bna&view=service_providers&section=integration_audit,1,0,0
operations-bna-service_providers-communities,Operations / BNA School Workspace / Service Providers / Communities,Operations,mobile,8.5,ok,screenshots/mobile/operations-bna-service_providers-communities.jpg,https://bneineviimacademy.org/operations?workspace=bna&view=service_providers&section=communities,2,0,1
operations-bna-service_providers-content,Operations / BNA School Workspace / Service Providers / Content,Operations,mobile,8.5,ok,screenshots/mobile/operations-bna-service_providers-content.jpg,https://bneineviimacademy.org/operations?workspace=bna&view=service_providers&section=content,2,1,0
operations-bna-service_providers-marketing,Operations / BNA School Workspace / Service Providers / Marketing,Operations,mobile,8.5,ok,screenshots/mobile/operations-bna-service_providers-marketing.jpg,https://bneineviimacademy.org/operations?workspace=bna&view=service_providers&section=marketing,2,0,1
operations-bna-service_providers-leads,Operations / BNA School Workspace / Service Providers / Leads,Operations,mobile,8.5,ok,screenshots/mobile/operations-bna-service_providers-leads.jpg,https://bneineviimacademy.org/operations?workspace=bna&view=service_providers&section=leads,1,0,0
operations-bna-service_providers-communications,Operations / BNA School Workspace / Service Providers / Communications,Operations,mobile,8.5,ok,screenshots/mobile/operations-bna-service_providers-communications.jpg,https://bneineviimacademy.org/operations?workspace=bna&view=service_providers&section=communications,1,0,0
operations-bna-service_providers-settings,Operations / BNA School Workspace / Service Providers / Settings,Operations,mobile,8.5,ok,screenshots/mobile/operations-bna-service_providers-settings.jpg,https://bneineviimacademy.org/operations?workspace=bna&view=service_providers&section=settings,10,0,0
operations-bna-communications-overview,Operations / BNA School Workspace / Communications / Overview,Operations,mobile,8.6,ok,screenshots/mobile/operations-bna-communications-overview.jpg,https://bneineviimacademy.org/operations?workspace=bna&view=communications&section=overview,5,0,0
operations-bna-communications-parents,Operations / BNA School Workspace / Communications / Parents,Operations,mobile,7.9,ok,screenshots/mobile/operations-bna-communications-parents.jpg,https://bneineviimacademy.org/operations?workspace=bna&view=communications&section=parents,1,0,0
operations-bna-communications-students,Operations / BNA School Workspace / Communications / Students,Operations,mobile,8.5,ok,screenshots/mobile/operations-bna-communications-students.jpg,https://bneineviimacademy.org/operations?workspace=bna&view=communications&section=students,1,0,0
operations-bna-communications-providers,Operations / BNA School Workspace / Communications / Providers,Operations,mobile,8.5,ok,screenshots/mobile/operations-bna-communications-providers.jpg,https://bneineviimacademy.org/operations?workspace=bna&view=communications&section=providers,1,0,0
operations-bna-communications-internal,Operations / BNA School Workspace / Communications / Internal,Operations,mobile,8.5,ok,screenshots/mobile/operations-bna-communications-internal.jpg,https://bneineviimacademy.org/operations?workspace=bna&view=communications&section=internal,1,0,0
operations-bna-communications-whatsapp,Operations / BNA School Workspace / Communications / Whatsapp,Operations,mobile,8.5,ok,screenshots/mobile/operations-bna-communications-whatsapp.jpg,https://bneineviimacademy.org/operations?workspace=bna&view=communications&section=whatsapp,1,0,0
operations-bna-communications-email,Operations / BNA School Workspace / Communications / Email,Operations,mobile,8.6,ok,screenshots/mobile/operations-bna-communications-email.jpg,https://bneineviimacademy.org/operations?workspace=bna&view=communications&section=email,1,0,0
operations-bna-communications-bots,Operations / BNA School Workspace / Communications / Bots,Operations,mobile,8.5,ok,screenshots/mobile/operations-bna-communications-bots.jpg,https://bneineviimacademy.org/operations?workspace=bna&view=communications&section=bots,2,0,1
operations-bna-communications-templates,Operations / BNA School Workspace / Communications / Templates,Operations,mobile,8.5,ok,screenshots/mobile/operations-bna-communications-templates.jpg,https://bneineviimacademy.org/operations?workspace=bna&view=communications&section=templates,2,0,1
operations-bna-communications-settings,Operations / BNA School Workspace / Communications / Settings,Operations,mobile,8.5,ok,screenshots/mobile/operations-bna-communications-settings.jpg,https://bneineviimacademy.org/operations?workspace=bna&view=communications&section=settings,2,0,1
operations-bna-internal_dialogue-overview,Operations / BNA School Workspace / Internal Dialogue / Overview,Operations,mobile,8.5,ok,screenshots/mobile/operations-bna-internal_dialogue-overview.jpg,https://bneineviimacademy.org/operations?workspace=bna&view=internal_dialogue&section=overview,11,0,0
operations-bna-internal_dialogue-shloimie_rabbi,Operations / BNA School Workspace / Internal Dialogue / Shloimie Rabbi,Operations,mobile,8.5,ok,screenshots/mobile/operations-bna-internal_dialogue-shloimie_rabbi.jpg,https://bneineviimacademy.org/operations?workspace=bna&view=internal_dialogue&section=shloimie_rabbi,11,0,0
operations-bna-internal_dialogue-meeting_notes,Operations / BNA School Workspace / Internal Dialogue / Meeting Notes,Operations,mobile,8.5,ok,screenshots/mobile/operations-bna-internal_dialogue-meeting_notes.jpg,https://bneineviimacademy.org/operations?workspace=bna&view=internal_dialogue&section=meeting_notes,11,0,0
operations-bna-internal_dialogue-uploads,Operations / BNA School Workspace / Internal Dialogue / Uploads,Operations,mobile,8.5,ok,screenshots/mobile/operations-bna-internal_dialogue-uploads.jpg,https://bneineviimacademy.org/operations?workspace=bna&view=internal_dialogue&section=uploads,11,0,0
operations-bna-internal_dialogue-decisions,Operations / BNA School Workspace / Internal Dialogue / Decisions,Operations,mobile,8.5,ok,screenshots/mobile/operations-bna-internal_dialogue-decisions.jpg,https://bneineviimacademy.org/operations?workspace=bna&view=internal_dialogue&section=decisions,11,0,0
operations-bna-internal_dialogue-support,Operations / BNA School Workspace / Internal Dialogue / Support,Operations,mobile,8.5,ok,screenshots/mobile/operations-bna-internal_dialogue-support.jpg,https://bneineviimacademy.org/operations?workspace=bna&view=internal_dialogue&section=support,11,0,0
operations-bna-internal_dialogue-activity,Operations / BNA School Workspace / Internal Dialogue / Activity,Operations,mobile,9.2,ok,screenshots/mobile/operations-bna-internal_dialogue-activity.jpg,https://bneineviimacademy.org/operations?workspace=bna&view=internal_dialogue&section=activity,1,0,0
operations-bna-accounting-overview,Operations / BNA School Workspace / Accounting / Overview,Operations,mobile,9.2,ok,screenshots/mobile/operations-bna-accounting-overview.jpg,https://bneineviimacademy.org/operations?workspace=bna&view=accounting&section=overview,17,0,0
operations-bna-accounting-payments,Operations / BNA School Workspace / Accounting / Payments,Operations,mobile,9.2,ok,screenshots/mobile/operations-bna-accounting-payments.jpg,https://bneineviimacademy.org/operations?workspace=bna&view=accounting&section=payments,9,0,0
operations-bna-accounting-open,Operations / BNA School Workspace / Accounting / Open,Operations,mobile,8.5,ok,screenshots/mobile/operations-bna-accounting-open.jpg,https://bneineviimacademy.org/operations?workspace=bna&view=accounting&section=open,9,0,0
operations-bna-accounting-paid,Operations / BNA School Workspace / Accounting / Paid,Operations,mobile,9.2,ok,screenshots/mobile/operations-bna-accounting-paid.jpg,https://bneineviimacademy.org/operations?workspace=bna&view=accounting&section=paid,9,0,0
operations-bna-accounting-needs_signup,Operations / BNA School Workspace / Accounting / Needs Signup,Operations,mobile,9.2,ok,screenshots/mobile/operations-bna-accounting-needs_signup.jpg,https://bneineviimacademy.org/operations?workspace=bna&view=accounting&section=needs_signup,9,0,0
operations-bna-accounting-exceptions,Operations / BNA School Workspace / Accounting / Exceptions,Operations,mobile,9.2,ok,screenshots/mobile/operations-bna-accounting-exceptions.jpg,https://bneineviimacademy.org/operations?workspace=bna&view=accounting&section=exceptions,9,0,0
operations-bna-api_usage-overview,Operations / BNA School Workspace / Api Usage / Overview,Operations,mobile,9.2,ok,screenshots/mobile/operations-bna-api_usage-overview.jpg,https://bneineviimacademy.org/operations?workspace=bna&view=api_usage&section=overview,1,0,0
operations-bna-api_usage-workspace,Operations / BNA School Workspace / Api Usage / Workspace,Operations,mobile,8.5,ok,screenshots/mobile/operations-bna-api_usage-workspace.jpg,https://bneineviimacademy.org/operations?workspace=bna&view=api_usage&section=workspace,2,0,1
operations-bna-api_usage-parent,Operations / BNA School Workspace / Api Usage / Parent,Operations,mobile,8.5,ok,screenshots/mobile/operations-bna-api_usage-parent.jpg,https://bneineviimacademy.org/operations?workspace=bna&view=api_usage&section=parent,2,0,1
operations-bna-api_usage-student,Operations / BNA School Workspace / Api Usage / Student,Operations,mobile,8.5,ok,screenshots/mobile/operations-bna-api_usage-student.jpg,https://bneineviimacademy.org/operations?workspace=bna&view=api_usage&section=student,2,0,1
operations-bna-api_usage-provider,Operations / BNA School Workspace / Api Usage / Provider,Operations,mobile,8.5,ok,screenshots/mobile/operations-bna-api_usage-provider.jpg,https://bneineviimacademy.org/operations?workspace=bna&view=api_usage&section=provider,2,0,1
operations-bna-api_usage-bot,Operations / BNA School Workspace / Api Usage / Bot,Operations,mobile,8.5,ok,screenshots/mobile/operations-bna-api_usage-bot.jpg,https://bneineviimacademy.org/operations?workspace=bna&view=api_usage&section=bot,2,0,1
operations-bna-api_usage-errors,Operations / BNA School Workspace / Api Usage / Errors,Operations,mobile,9.2,ok,screenshots/mobile/operations-bna-api_usage-errors.jpg,https://bneineviimacademy.org/operations?workspace=bna&view=api_usage&section=errors,1,0,0
operations-bna-api_usage-budgets,Operations / BNA School Workspace / Api Usage / Budgets,Operations,mobile,8.5,ok,screenshots/mobile/operations-bna-api_usage-budgets.jpg,https://bneineviimacademy.org/operations?workspace=bna&view=api_usage&section=budgets,2,0,1
operations-bna-api_usage-settings,Operations / BNA School Workspace / Api Usage / Settings,Operations,mobile,8.5,ok,screenshots/mobile/operations-bna-api_usage-settings.jpg,https://bneineviimacademy.org/operations?workspace=bna&view=api_usage&section=settings,2,0,1
operations-bna-admin-overview,Operations / BNA School Workspace / Admin / Overview,Operations,mobile,8.5,ok,screenshots/mobile/operations-bna-admin-overview.jpg,https://bneineviimacademy.org/operations?workspace=bna&view=admin&section=overview,11,0,0
operations-bna-admin-users,Operations / BNA School Workspace / Admin / Users,Operations,mobile,8.5,ok,screenshots/mobile/operations-bna-admin-users.jpg,https://bneineviimacademy.org/operations?workspace=bna&view=admin&section=users,11,0,0
operations-bna-admin-roles,Operations / BNA School Workspace / Admin / Roles,Operations,mobile,8.5,ok,screenshots/mobile/operations-bna-admin-roles.jpg,https://bneineviimacademy.org/operations?workspace=bna&view=admin&section=roles,11,0,0
operations-bna-admin-workspaces,Operations / BNA School Workspace / Admin / Workspaces,Operations,mobile,8.5,ok,screenshots/mobile/operations-bna-admin-workspaces.jpg,https://bneineviimacademy.org/operations?workspace=bna&view=admin&section=workspaces,11,0,0
operations-bna-admin-invitations,Operations / BNA School Workspace / Admin / Invitations,Operations,mobile,8.5,ok,screenshots/mobile/operations-bna-admin-invitations.jpg,https://bneineviimacademy.org/operations?workspace=bna&view=admin&section=invitations,11,0,0
operations-bna-admin-tickets,Operations / BNA School Workspace / Admin / Tickets,Operations,mobile,8.5,ok,screenshots/mobile/operations-bna-admin-tickets.jpg,https://bneineviimacademy.org/operations?workspace=bna&view=admin&section=tickets,11,0,0
operations-bna-admin-messages,Operations / BNA School Workspace / Admin / Messages,Operations,mobile,8.5,ok,screenshots/mobile/operations-bna-admin-messages.jpg,https://bneineviimacademy.org/operations?workspace=bna&view=admin&section=messages,11,0,0
operations-bna-admin-settings,Operations / BNA School Workspace / Admin / Settings,Operations,mobile,8.5,ok,screenshots/mobile/operations-bna-admin-settings.jpg,https://bneineviimacademy.org/operations?workspace=bna&view=admin&section=settings,11,0,0
operations-bna-settings-profile,Operations / BNA School Workspace / Settings / Profile,Operations,mobile,9.2,ok,screenshots/mobile/operations-bna-settings-profile.jpg,https://bneineviimacademy.org/operations?workspace=bna&view=settings&section=profile,1,0,0
operations-bna-settings-workspace,Operations / BNA School Workspace / Settings / Workspace,Operations,mobile,8.5,ok,screenshots/mobile/operations-bna-settings-workspace.jpg,https://bneineviimacademy.org/operations?workspace=bna&view=settings&section=workspace,1,0,0
operations-bna-settings-branding,Operations / BNA School Workspace / Settings / Branding,Operations,mobile,9.2,ok,screenshots/mobile/operations-bna-settings-branding.jpg,https://bneineviimacademy.org/operations?workspace=bna&view=settings&section=branding,1,0,0
operations-bna-settings-language,Operations / BNA School Workspace / Settings / Language,Operations,mobile,9.2,ok,screenshots/mobile/operations-bna-settings-language.jpg,https://bneineviimacademy.org/operations?workspace=bna&view=settings&section=language,1,0,0
operations-bna-settings-users_roles,Operations / BNA School Workspace / Settings / Users Roles,Operations,mobile,9.2,ok,screenshots/mobile/operations-bna-settings-users_roles.jpg,https://bneineviimacademy.org/operations?workspace=bna&view=settings&section=users_roles,1,0,0
operations-bna-settings-email_identities,Operations / BNA School Workspace / Settings / Email Identities,Operations,mobile,8.5,ok,screenshots/mobile/operations-bna-settings-email_identities.jpg,https://bneineviimacademy.org/operations?workspace=bna&view=settings&section=email_identities,4,0,0
operations-bna-settings-whatsapp,Operations / BNA School Workspace / Settings / Whatsapp,Operations,mobile,8.5,ok,screenshots/mobile/operations-bna-settings-whatsapp.jpg,https://bneineviimacademy.org/operations?workspace=bna&view=settings&section=whatsapp,4,0,0
operations-bna-settings-social_accounts,Operations / BNA School Workspace / Settings / Social Accounts,Operations,mobile,8.5,ok,screenshots/mobile/operations-bna-settings-social_accounts.jpg,https://bneineviimacademy.org/operations?workspace=bna&view=settings&section=social_accounts,4,0,0
operations-bna-settings-calendar,Operations / BNA School Workspace / Settings / Calendar,Operations,mobile,8.5,ok,screenshots/mobile/operations-bna-settings-calendar.jpg,https://bneineviimacademy.org/operations?workspace=bna&view=settings&section=calendar,4,0,0
operations-bna-settings-google_classroom,Operations / BNA School Workspace / Settings / Google Classroom,Operations,mobile,8.5,ok,screenshots/mobile/operations-bna-settings-google_classroom.jpg,https://bneineviimacademy.org/operations?workspace=bna&view=settings&section=google_classroom,4,0,0
operations-bna-settings-parent_portal,Operations / BNA School Workspace / Settings / Parent Portal,Operations,mobile,9.2,ok,screenshots/mobile/operations-bna-settings-parent_portal.jpg,https://bneineviimacademy.org/operations?workspace=bna&view=settings&section=parent_portal,1,0,0
operations-bna-settings-student_portal,Operations / BNA School Workspace / Settings / Student Portal,Operations,mobile,9.2,ok,screenshots/mobile/operations-bna-settings-student_portal.jpg,https://bneineviimacademy.org/operations?workspace=bna&view=settings&section=student_portal,1,0,0
operations-bna-settings-provider_portal,Operations / BNA School Workspace / Settings / Provider Portal,Operations,mobile,9.2,ok,screenshots/mobile/operations-bna-settings-provider_portal.jpg,https://bneineviimacademy.org/operations?workspace=bna&view=settings&section=provider_portal,1,0,0
operations-bna-settings-provider_index,Operations / BNA School Workspace / Settings / Provider Index,Operations,mobile,8.5,ok,screenshots/mobile/operations-bna-settings-provider_index.jpg,https://bneineviimacademy.org/operations?workspace=bna&view=settings&section=provider_index,1,0,0
operations-bna-settings-provider_plans,Operations / BNA School Workspace / Settings / Provider Plans,Operations,mobile,9.2,ok,screenshots/mobile/operations-bna-settings-provider_plans.jpg,https://bneineviimacademy.org/operations?workspace=bna&view=settings&section=provider_plans,1,0,0
operations-bna-settings-provider_entitlements,Operations / BNA School Workspace / Settings / Provider Entitlements,Operations,mobile,8.5,ok,screenshots/mobile/operations-bna-settings-provider_entitlements.jpg,https://bneineviimacademy.org/operations?workspace=bna&view=settings&section=provider_entitlements,5,0,0
operations-bna-settings-provider_onboarding,Operations / BNA School Workspace / Settings / Provider Onboarding,Operations,mobile,8.5,ok,screenshots/mobile/operations-bna-settings-provider_onboarding.jpg,https://bneineviimacademy.org/operations?workspace=bna&view=settings&section=provider_onboarding,1,0,0
operations-bna-settings-commercial_models,Operations / BNA School Workspace / Settings / Commercial Models,Operations,mobile,8.5,ok,screenshots/mobile/operations-bna-settings-commercial_models.jpg,https://bneineviimacademy.org/operations?workspace=bna&view=settings&section=commercial_models,1,0,0
operations-bna-settings-bot_permissions,Operations / BNA School Workspace / Settings / Bot Permissions,Operations,mobile,9.2,ok,screenshots/mobile/operations-bna-settings-bot_permissions.jpg,https://bneineviimacademy.org/operations?workspace=bna&view=settings&section=bot_permissions,1,0,0
operations-bna-settings-api_limits,Operations / BNA School Workspace / Settings / Api Limits,Operations,mobile,9.2,ok,screenshots/mobile/operations-bna-settings-api_limits.jpg,https://bneineviimacademy.org/operations?workspace=bna&view=settings&section=api_limits,1,0,0
operations-bna-settings-communications,Operations / BNA School Workspace / Settings / Communications,Operations,mobile,9.2,ok,screenshots/mobile/operations-bna-settings-communications.jpg,https://bneineviimacademy.org/operations?workspace=bna&view=settings&section=communications,1,0,0
operations-bna-settings-integrations,Operations / BNA School Workspace / Settings / Integrations,Operations,mobile,7.6,ok,screenshots/mobile/operations-bna-settings-integrations.jpg,https://bneineviimacademy.org/operations?workspace=bna&view=settings&section=integrations,16,0,0
operations-bna-settings-payment_links,Operations / BNA School Workspace / Settings / Payment Links,Operations,mobile,9.2,ok,screenshots/mobile/operations-bna-settings-payment_links.jpg,https://bneineviimacademy.org/operations?workspace=bna&view=settings&section=payment_links,1,0,0
operations-bna-settings-external_apps,Operations / BNA School Workspace / Settings / External Apps,Operations,mobile,9.2,ok,screenshots/mobile/operations-bna-settings-external_apps.jpg,https://bneineviimacademy.org/operations?workspace=bna&view=settings&section=external_apps,1,0,0
operations-bna-settings-billing,Operations / BNA School Workspace / Settings / Billing,Operations,mobile,8.5,ok,screenshots/mobile/operations-bna-settings-billing.jpg,https://bneineviimacademy.org/operations?workspace=bna&view=settings&section=billing,1,0,0
operations-bna-settings-automations,Operations / BNA School Workspace / Settings / Automations,Operations,mobile,9.2,ok,screenshots/mobile/operations-bna-settings-automations.jpg,https://bneineviimacademy.org/operations?workspace=bna&view=settings&section=automations,1,0,0
operations-bna-settings-danger,Operations / BNA School Workspace / Settings / Danger,Operations,mobile,9.2,ok,screenshots/mobile/operations-bna-settings-danger.jpg,https://bneineviimacademy.org/operations?workspace=bna&view=settings&section=danger,1,0,0
operations-bna-mobile-drawer-open,Operations / BNA School Workspace / Mobile Navigation Drawer Open,Operations Chrome,mobile,8.2,ok,screenshots/mobile/operations-bna-mobile-drawer-open.jpg,https://bneineviimacademy.org/operations?workspace=bna&view=dashboard&section=overview,23,1,0
operations-rabbi_sheller_provider-dashboard-overview,Operations / Rabbi Sheller Provider Workspace / Dashboard / Overview,Operations,mobile,8.5,ok,screenshots/mobile/operations-rabbi_sheller_provider-dashboard-overview.jpg,https://bneineviimacademy.org/operations?workspace=rabbi_sheller_provider&view=dashboard&section=overview,11,0,0
operations-rabbi_sheller_provider-dashboard-activity,Operations / Rabbi Sheller Provider Workspace / Dashboard / Activity,Operations,mobile,8.5,ok,screenshots/mobile/operations-rabbi_sheller_provider-dashboard-activity.jpg,https://bneineviimacademy.org/operations?workspace=rabbi_sheller_provider&view=dashboard&section=activity,1,0,0
operations-rabbi_sheller_provider-dashboard-alerts,Operations / Rabbi Sheller Provider Workspace / Dashboard / Alerts,Operations,mobile,9.2,ok,screenshots/mobile/operations-rabbi_sheller_provider-dashboard-alerts.jpg,https://bneineviimacademy.org/operations?workspace=rabbi_sheller_provider&view=dashboard&section=alerts,5,0,0
operations-rabbi_sheller_provider-dashboard-today,Operations / Rabbi Sheller Provider Workspace / Dashboard / Today,Operations,mobile,9.2,ok,screenshots/mobile/operations-rabbi_sheller_provider-dashboard-today.jpg,https://bneineviimacademy.org/operations?workspace=rabbi_sheller_provider&view=dashboard&section=today,1,0,0
operations-rabbi_sheller_provider-dashboard-updates,Operations / Rabbi Sheller Provider Workspace / Dashboard / Updates,Operations,mobile,8.5,ok,screenshots/mobile/operations-rabbi_sheller_provider-dashboard-updates.jpg,https://bneineviimacademy.org/operations?workspace=rabbi_sheller_provider&view=dashboard&section=updates,1,0,0
operations-rabbi_sheller_provider-pipelines-overview,Operations / Rabbi Sheller Provider Workspace / Pipelines / Overview,Operations,mobile,8.5,ok,screenshots/mobile/operations-rabbi_sheller_provider-pipelines-overview.jpg,https://bneineviimacademy.org/operations?workspace=rabbi_sheller_provider&view=pipelines&section=overview,6,0,0
operations-rabbi_sheller_provider-pipelines-bna_enrollment,Operations / Rabbi Sheller Provider Workspace / Pipelines / Bna Enrollment,Operations,mobile,8.5,ok,screenshots/mobile/operations-rabbi_sheller_provider-pipelines-bna_enrollment.jpg,https://bneineviimacademy.org/operations?workspace=rabbi_sheller_provider&view=pipelines&section=bna_enrollment,2,0,0
operations-rabbi_sheller_provider-pipelines-provider_class,Operations / Rabbi Sheller Provider Workspace / Pipelines / Provider Class,Operations,mobile,8.5,ok,screenshots/mobile/operations-rabbi_sheller_provider-pipelines-provider_class.jpg,https://bneineviimacademy.org/operations?workspace=rabbi_sheller_provider&view=pipelines&section=provider_class,2,0,0
operations-rabbi_sheller_provider-pipelines-provider_onboarding,Operations / Rabbi Sheller Provider Workspace / Pipelines / Provider Onboarding,Operations,mobile,8.5,ok,screenshots/mobile/operations-rabbi_sheller_provider-pipelines-provider_onboarding.jpg,https://bneineviimacademy.org/operations?workspace=rabbi_sheller_provider&view=pipelines&section=provider_onboarding,2,0,0
operations-rabbi_sheller_provider-pipelines-participants,Operations / Rabbi Sheller Provider Workspace / Pipelines / Participants,Operations,mobile,8.5,ok,screenshots/mobile/operations-rabbi_sheller_provider-pipelines-participants.jpg,https://bneineviimacademy.org/operations?workspace=rabbi_sheller_provider&view=pipelines&section=participants,2,0,0
operations-rabbi_sheller_provider-pipelines-stale_tasks,Operations / Rabbi Sheller Provider Workspace / Pipelines / Stale Tasks,Operations,mobile,8.5,ok,screenshots/mobile/operations-rabbi_sheller_provider-pipelines-stale_tasks.jpg,https://bneineviimacademy.org/operations?workspace=rabbi_sheller_provider&view=pipelines&section=stale_tasks,2,0,0
operations-rabbi_sheller_provider-pipelines-decisions,Operations / Rabbi Sheller Provider Workspace / Pipelines / Decisions,Operations,mobile,8.5,ok,screenshots/mobile/operations-rabbi_sheller_provider-pipelines-decisions.jpg,https://bneineviimacademy.org/operations?workspace=rabbi_sheller_provider&view=pipelines&section=decisions,2,0,0
operations-rabbi_sheller_provider-tasks-overview,Operations / Rabbi Sheller Provider Workspace / Tasks / Overview,Operations,mobile,9.2,ok,screenshots/mobile/operations-rabbi_sheller_provider-tasks-overview.jpg,https://bneineviimacademy.org/operations?workspace=rabbi_sheller_provider&view=tasks&section=overview,8,0,0
operations-rabbi_sheller_provider-tasks-decisions,Operations / Rabbi Sheller Provider Workspace / Tasks / Decisions,Operations,mobile,9.2,ok,screenshots/mobile/operations-rabbi_sheller_provider-tasks-decisions.jpg,https://bneineviimacademy.org/operations?workspace=rabbi_sheller_provider&view=tasks&section=decisions,8,0,0
operations-rabbi_sheller_provider-tasks-mine,Operations / Rabbi Sheller Provider Workspace / Tasks / Mine,Operations,mobile,9.2,ok,screenshots/mobile/operations-rabbi_sheller_provider-tasks-mine.jpg,https://bneineviimacademy.org/operations?workspace=rabbi_sheller_provider&view=tasks&section=mine,8,0,0
operations-rabbi_sheller_provider-tasks-schedule,Operations / Rabbi Sheller Provider Workspace / Tasks / Schedule,Operations,mobile,9.2,ok,screenshots/mobile/operations-rabbi_sheller_provider-tasks-schedule.jpg,https://bneineviimacademy.org/operations?workspace=rabbi_sheller_provider&view=tasks&section=schedule,8,0,0
operations-rabbi_sheller_provider-tasks-research,Operations / Rabbi Sheller Provider Workspace / Tasks / Research,Operations,mobile,9.2,ok,screenshots/mobile/operations-rabbi_sheller_provider-tasks-research.jpg,https://bneineviimacademy.org/operations?workspace=rabbi_sheller_provider&view=tasks&section=research,8,0,0
operations-rabbi_sheller_provider-tasks-changelog,Operations / Rabbi Sheller Provider Workspace / Tasks / Changelog,Operations,mobile,9.2,ok,screenshots/mobile/operations-rabbi_sheller_provider-tasks-changelog.jpg,https://bneineviimacademy.org/operations?workspace=rabbi_sheller_provider&view=tasks&section=changelog,8,0,0
operations-rabbi_sheller_provider-tasks-done,Operations / Rabbi Sheller Provider Workspace / Tasks / Done,Operations,mobile,9.2,ok,screenshots/mobile/operations-rabbi_sheller_provider-tasks-done.jpg,https://bneineviimacademy.org/operations?workspace=rabbi_sheller_provider&view=tasks&section=done,8,0,0
operations-rabbi_sheller_provider-students-overview,Operations / Rabbi Sheller Provider Workspace / Students / Overview,Operations,mobile,8.5,ok,screenshots/mobile/operations-rabbi_sheller_provider-students-overview.jpg,https://bneineviimacademy.org/operations?workspace=rabbi_sheller_provider&view=students&section=overview,11,0,0
operations-rabbi_sheller_provider-students-list,Operations / Rabbi Sheller Provider Workspace / Students / List,Operations,mobile,8.5,ok,screenshots/mobile/operations-rabbi_sheller_provider-students-list.jpg,https://bneineviimacademy.org/operations?workspace=rabbi_sheller_provider&view=students&section=list,11,0,0
operations-rabbi_sheller_provider-students-group_goal,Operations / Rabbi Sheller Provider Workspace / Students / Group Goal,Operations,mobile,8.5,ok,screenshots/mobile/operations-rabbi_sheller_provider-students-group_goal.jpg,https://bneineviimacademy.org/operations?workspace=rabbi_sheller_provider&view=students&section=group_goal,11,0,0
operations-rabbi_sheller_provider-students-goal_board,Operations / Rabbi Sheller Provider Workspace / Students / Goal Board,Operations,mobile,8.5,ok,screenshots/mobile/operations-rabbi_sheller_provider-students-goal_board.jpg,https://bneineviimacademy.org/operations?workspace=rabbi_sheller_provider&view=students&section=goal_board,11,0,0
operations-rabbi_sheller_provider-students-assignments,Operations / Rabbi Sheller Provider Workspace / Students / Assignments,Operations,mobile,8.5,ok,screenshots/mobile/operations-rabbi_sheller_provider-students-assignments.jpg,https://bneineviimacademy.org/operations?workspace=rabbi_sheller_provider&view=students&section=assignments,11,0,0
operations-rabbi_sheller_provider-students-questions,Operations / Rabbi Sheller Provider Workspace / Students / Questions,Operations,mobile,8.5,ok,screenshots/mobile/operations-rabbi_sheller_provider-students-questions.jpg,https://bneineviimacademy.org/operations?workspace=rabbi_sheller_provider&view=students&section=questions,11,0,0
operations-rabbi_sheller_provider-students-documents,Operations / Rabbi Sheller Provider Workspace / Students / Documents,Operations,mobile,8.5,ok,screenshots/mobile/operations-rabbi_sheller_provider-students-documents.jpg,https://bneineviimacademy.org/operations?workspace=rabbi_sheller_provider&view=students&section=documents,11,0,0
operations-rabbi_sheller_provider-students-portal_links,Operations / Rabbi Sheller Provider Workspace / Students / Portal Links,Operations,mobile,8.5,ok,screenshots/mobile/operations-rabbi_sheller_provider-students-portal_links.jpg,https://bneineviimacademy.org/operations?workspace=rabbi_sheller_provider&view=students&section=portal_links,11,0,0
operations-rabbi_sheller_provider-students-tablet_access,Operations / Rabbi Sheller Provider Workspace / Students / Tablet Access,Operations,mobile,8.5,ok,screenshots/mobile/operations-rabbi_sheller_provider-students-tablet_access.jpg,https://bneineviimacademy.org/operations?workspace=rabbi_sheller_provider&view=students&section=tablet_access,11,0,0
operations-rabbi_sheller_provider-students-profile,Operations / Rabbi Sheller Provider Workspace / Students / Profile,Operations,mobile,8.5,ok,screenshots/mobile/operations-rabbi_sheller_provider-students-profile.jpg,https://bneineviimacademy.org/operations?workspace=rabbi_sheller_provider&view=students&section=profile,11,0,0
operations-rabbi_sheller_provider-students-parent_family,Operations / Rabbi Sheller Provider Workspace / Students / Parent Family,Operations,mobile,8.5,ok,screenshots/mobile/operations-rabbi_sheller_provider-students-parent_family.jpg,https://bneineviimacademy.org/operations?workspace=rabbi_sheller_provider&view=students&section=parent_family,11,0,0
operations-rabbi_sheller_provider-students-analysis,Operations / Rabbi Sheller Provider Workspace / Students / Analysis,Operations,mobile,8.5,ok,screenshots/mobile/operations-rabbi_sheller_provider-students-analysis.jpg,https://bneineviimacademy.org/operations?workspace=rabbi_sheller_provider&view=students&section=analysis,11,0,0
operations-rabbi_sheller_provider-students-meetings,Operations / Rabbi Sheller Provider Workspace / Students / Meetings,Operations,mobile,8.5,ok,screenshots/mobile/operations-rabbi_sheller_provider-students-meetings.jpg,https://bneineviimacademy.org/operations?workspace=rabbi_sheller_provider&view=students&section=meetings,11,0,0
operations-rabbi_sheller_provider-students-bot_settings,Operations / Rabbi Sheller Provider Workspace / Students / Bot Settings,Operations,mobile,8.5,ok,screenshots/mobile/operations-rabbi_sheller_provider-students-bot_settings.jpg,https://bneineviimacademy.org/operations?workspace=rabbi_sheller_provider&view=students&section=bot_settings,11,0,0
operations-rabbi_sheller_provider-students-activity,Operations / Rabbi Sheller Provider Workspace / Students / Activity,Operations,mobile,8.5,ok,screenshots/mobile/operations-rabbi_sheller_provider-students-activity.jpg,https://bneineviimacademy.org/operations?workspace=rabbi_sheller_provider&view=students&section=activity,1,0,0
operations-rabbi_sheller_provider-students-next_year_login,Operations / Rabbi Sheller Provider Workspace / Students / Next Year Login,Operations,mobile,8.1,ok,screenshots/mobile/operations-rabbi_sheller_provider-students-next_year_login.jpg,https://bneineviimacademy.org/operations?workspace=rabbi_sheller_provider&view=students&section=next_year_login,11,0,0
operations-rabbi_sheller_provider-contacts-overview,Operations / Rabbi Sheller Provider Workspace / Contacts / Overview,Operations,mobile,8.5,ok,screenshots/mobile/operations-rabbi_sheller_provider-contacts-overview.jpg,https://bneineviimacademy.org/operations?workspace=rabbi_sheller_provider&view=contacts&section=overview,11,0,0
operations-rabbi_sheller_provider-contacts-interested_parents,Operations / Rabbi Sheller Provider Workspace / Contacts / Interested Parents,Operations,mobile,8.5,ok,screenshots/mobile/operations-rabbi_sheller_provider-contacts-interested_parents.jpg,https://bneineviimacademy.org/operations?workspace=rabbi_sheller_provider&view=contacts&section=interested_parents,11,0,0
operations-rabbi_sheller_provider-contacts-parents,Operations / Rabbi Sheller Provider Workspace / Contacts / Parents,Operations,mobile,8.5,ok,screenshots/mobile/operations-rabbi_sheller_provider-contacts-parents.jpg,https://bneineviimacademy.org/operations?workspace=rabbi_sheller_provider&view=contacts&section=parents,11,0,0
operations-rabbi_sheller_provider-contacts-people,Operations / Rabbi Sheller Provider Workspace / Contacts / People,Operations,mobile,8.5,ok,screenshots/mobile/operations-rabbi_sheller_provider-contacts-people.jpg,https://bneineviimacademy.org/operations?workspace=rabbi_sheller_provider&view=contacts&section=people,11,0,0
operations-rabbi_sheller_provider-contacts-contacts,Operations / Rabbi Sheller Provider Workspace / Contacts / Contacts,Operations,mobile,8.5,ok,screenshots/mobile/operations-rabbi_sheller_provider-contacts-contacts.jpg,https://bneineviimacademy.org/operations?workspace=rabbi_sheller_provider&view=contacts&section=contacts,11,0,0
operations-rabbi_sheller_provider-contacts-notes,Operations / Rabbi Sheller Provider Workspace / Contacts / Notes,Operations,mobile,8.5,ok,screenshots/mobile/operations-rabbi_sheller_provider-contacts-notes.jpg,https://bneineviimacademy.org/operations?workspace=rabbi_sheller_provider&view=contacts&section=notes,11,0,0
operations-rabbi_sheller_provider-contacts-students,Operations / Rabbi Sheller Provider Workspace / Contacts / Students,Operations,mobile,8.5,ok,screenshots/mobile/operations-rabbi_sheller_provider-contacts-students.jpg,https://bneineviimacademy.org/operations?workspace=rabbi_sheller_provider&view=contacts&section=students,11,0,0
operations-rabbi_sheller_provider-contacts-intake,Operations / Rabbi Sheller Provider Workspace / Contacts / Intake,Operations,mobile,8.5,ok,screenshots/mobile/operations-rabbi_sheller_provider-contacts-intake.jpg,https://bneineviimacademy.org/operations?workspace=rabbi_sheller_provider&view=contacts&section=intake,11,0,0
operations-rabbi_sheller_provider-contacts-follow_up,Operations / Rabbi Sheller Provider Workspace / Contacts / Follow Up,Operations,mobile,8.5,ok,screenshots/mobile/operations-rabbi_sheller_provider-contacts-follow_up.jpg,https://bneineviimacademy.org/operations?workspace=rabbi_sheller_provider&view=contacts&section=follow_up,11,0,0
operations-rabbi_sheller_provider-contacts-tags,Operations / Rabbi Sheller Provider Workspace / Contacts / Tags,Operations,mobile,8.5,ok,screenshots/mobile/operations-rabbi_sheller_provider-contacts-tags.jpg,https://bneineviimacademy.org/operations?workspace=rabbi_sheller_provider&view=contacts&section=tags,11,0,0
operations-rabbi_sheller_provider-content-library,Operations / Rabbi Sheller Provider Workspace / Content / Library,Operations,mobile,6,ok,screenshots/mobile/operations-rabbi_sheller_provider-content-library.jpg,https://bneineviimacademy.org/operations?workspace=rabbi_sheller_provider&view=content&section=library,50,38,0
operations-rabbi_sheller_provider-content-meetings,Operations / Rabbi Sheller Provider Workspace / Content / Meetings,Operations,mobile,8.5,ok,screenshots/mobile/operations-rabbi_sheller_provider-content-meetings.jpg,https://bneineviimacademy.org/operations?workspace=rabbi_sheller_provider&view=content&section=meetings,7,5,0
operations-rabbi_sheller_provider-content-research,Operations / Rabbi Sheller Provider Workspace / Content / Research,Operations,mobile,6,ok,screenshots/mobile/operations-rabbi_sheller_provider-content-research.jpg,https://bneineviimacademy.org/operations?workspace=rabbi_sheller_provider&view=content&section=research,85,36,0
operations-rabbi_sheller_provider-content-selected,Operations / Rabbi Sheller Provider Workspace / Content / Selected,Operations,mobile,9.2,ok,screenshots/mobile/operations-rabbi_sheller_provider-content-selected.jpg,https://bneineviimacademy.org/operations?workspace=rabbi_sheller_provider&view=content&section=selected,8,0,0
operations-rabbi_sheller_provider-content-repurpose,Operations / Rabbi Sheller Provider Workspace / Content / Repurpose,Operations,mobile,6,ok,screenshots/mobile/operations-rabbi_sheller_provider-content-repurpose.jpg,https://bneineviimacademy.org/operations?workspace=rabbi_sheller_provider&view=content&section=repurpose,50,38,0
operations-rabbi_sheller_provider-content-newsletter,Operations / Rabbi Sheller Provider Workspace / Content / Newsletter,Operations,mobile,8.5,ok,screenshots/mobile/operations-rabbi_sheller_provider-content-newsletter.jpg,https://bneineviimacademy.org/operations?workspace=rabbi_sheller_provider&view=content&section=newsletter,4,0,1
operations-rabbi_sheller_provider-content-prompts,Operations / Rabbi Sheller Provider Workspace / Content / Prompts,Operations,mobile,8.5,ok,screenshots/mobile/operations-rabbi_sheller_provider-content-prompts.jpg,https://bneineviimacademy.org/operations?workspace=rabbi_sheller_provider&view=content&section=prompts,13,0,0
operations-rabbi_sheller_provider-content-bundles,Operations / Rabbi Sheller Provider Workspace / Content / Bundles,Operations,mobile,8.5,ok,screenshots/mobile/operations-rabbi_sheller_provider-content-bundles.jpg,https://bneineviimacademy.org/operations?workspace=rabbi_sheller_provider&view=content&section=bundles,4,0,1
operations-rabbi_sheller_provider-calendar-overview,Operations / Rabbi Sheller Provider Workspace / Calendar / Overview,Operations,mobile,8.5,ok,screenshots/mobile/operations-rabbi_sheller_provider-calendar-overview.jpg,https://bneineviimacademy.org/operations?workspace=rabbi_sheller_provider&view=calendar&section=overview,6,0,0
operations-rabbi_sheller_provider-calendar-week,Operations / Rabbi Sheller Provider Workspace / Calendar / Week,Operations,mobile,9.2,ok,screenshots/mobile/operations-rabbi_sheller_provider-calendar-week.jpg,https://bneineviimacademy.org/operations?workspace=rabbi_sheller_provider&view=calendar&section=week,2,0,0
operations-rabbi_sheller_provider-calendar-month,Operations / Rabbi Sheller Provider Workspace / Calendar / Month,Operations,mobile,9.2,ok,screenshots/mobile/operations-rabbi_sheller_provider-calendar-month.jpg,https://bneineviimacademy.org/operations?workspace=rabbi_sheller_provider&view=calendar&section=month,2,0,0
operations-rabbi_sheller_provider-calendar-classes,Operations / Rabbi Sheller Provider Workspace / Calendar / Classes,Operations,mobile,8.5,ok,screenshots/mobile/operations-rabbi_sheller_provider-calendar-classes.jpg,https://bneineviimacademy.org/operations?workspace=rabbi_sheller_provider&view=calendar&section=classes,2,0,0
operations-rabbi_sheller_provider-calendar-students,Operations / Rabbi Sheller Provider Workspace / Calendar / Students,Operations,mobile,8.5,ok,screenshots/mobile/operations-rabbi_sheller_provider-calendar-students.jpg,https://bneineviimacademy.org/operations?workspace=rabbi_sheller_provider&view=calendar&section=students,2,0,0
operations-rabbi_sheller_provider-calendar-provider,Operations / Rabbi Sheller Provider Workspace / Calendar / Provider,Operations,mobile,8.5,ok,screenshots/mobile/operations-rabbi_sheller_provider-calendar-provider.jpg,https://bneineviimacademy.org/operations?workspace=rabbi_sheller_provider&view=calendar&section=provider,2,0,0
operations-rabbi_sheller_provider-calendar-google_sync,Operations / Rabbi Sheller Provider Workspace / Calendar / Google Sync,Operations,mobile,8.5,ok,screenshots/mobile/operations-rabbi_sheller_provider-calendar-google_sync.jpg,https://bneineviimacademy.org/operations?workspace=rabbi_sheller_provider&view=calendar&section=google_sync,2,0,0
operations-rabbi_sheller_provider-calendar-settings,Operations / Rabbi Sheller Provider Workspace / Calendar / Settings,Operations,mobile,8.5,ok,screenshots/mobile/operations-rabbi_sheller_provider-calendar-settings.jpg,https://bneineviimacademy.org/operations?workspace=rabbi_sheller_provider&view=calendar&section=settings,2,0,0
operations-rabbi_sheller_provider-service_providers-overview,Operations / Rabbi Sheller Provider Workspace / Service Providers / Overview,Operations,mobile,7.9,ok,screenshots/mobile/operations-rabbi_sheller_provider-service_providers-overview.jpg,https://bneineviimacademy.org/operations?workspace=rabbi_sheller_provider&view=service_providers&section=overview,5,0,0
operations-rabbi_sheller_provider-service_providers-directory,Operations / Rabbi Sheller Provider Workspace / Service Providers / Directory,Operations,mobile,7.9,ok,screenshots/mobile/operations-rabbi_sheller_provider-service_providers-directory.jpg,https://bneineviimacademy.org/operations?workspace=rabbi_sheller_provider&view=service_providers&section=directory,1,0,0
operations-rabbi_sheller_provider-service_providers-workspaces,Operations / Rabbi Sheller Provider Workspace / Service Providers / Workspaces,Operations,mobile,5.1,ok,screenshots/mobile/operations-rabbi_sheller_provider-service_providers-workspaces.jpg,https://bneineviimacademy.org/operations?workspace=rabbi_sheller_provider&view=service_providers&section=workspaces,46,15,0
operations-rabbi_sheller_provider-service_providers-commercial,Operations / Rabbi Sheller Provider Workspace / Service Providers / Commercial,Operations,mobile,8.5,ok,screenshots/mobile/operations-rabbi_sheller_provider-service_providers-commercial.jpg,https://bneineviimacademy.org/operations?workspace=rabbi_sheller_provider&view=service_providers&section=commercial,5,0,0
operations-rabbi_sheller_provider-service_providers-plans,Operations / Rabbi Sheller Provider Workspace / Service Providers / Plans,Operations,mobile,8.5,ok,screenshots/mobile/operations-rabbi_sheller_provider-service_providers-plans.jpg,https://bneineviimacademy.org/operations?workspace=rabbi_sheller_provider&view=service_providers&section=plans,1,0,0
operations-rabbi_sheller_provider-service_providers-onboarding,Operations / Rabbi Sheller Provider Workspace / Service Providers / Onboarding,Operations,mobile,8.5,ok,screenshots/mobile/operations-rabbi_sheller_provider-service_providers-onboarding.jpg,https://bneineviimacademy.org/operations?workspace=rabbi_sheller_provider&view=service_providers&section=onboarding,1,0,0
operations-rabbi_sheller_provider-service_providers-access_checklist,Operations / Rabbi Sheller Provider Workspace / Service Providers / Access Checklist,Operations,mobile,7.9,ok,screenshots/mobile/operations-rabbi_sheller_provider-service_providers-access_checklist.jpg,https://bneineviimacademy.org/operations?workspace=rabbi_sheller_provider&view=service_providers&section=access_checklist,1,0,0
operations-rabbi_sheller_provider-service_providers-integration_audit,Operations / Rabbi Sheller Provider Workspace / Service Providers / Integration Audit,Operations,mobile,8.5,ok,screenshots/mobile/operations-rabbi_sheller_provider-service_providers-integration_audit.jpg,https://bneineviimacademy.org/operations?workspace=rabbi_sheller_provider&view=service_providers&section=integration_audit,1,0,0
operations-rabbi_sheller_provider-service_providers-communities,Operations / Rabbi Sheller Provider Workspace / Service Providers / Communities,Operations,mobile,8.5,ok,screenshots/mobile/operations-rabbi_sheller_provider-service_providers-communities.jpg,https://bneineviimacademy.org/operations?workspace=rabbi_sheller_provider&view=service_providers&section=communities,2,0,1
operations-rabbi_sheller_provider-service_providers-content,Operations / Rabbi Sheller Provider Workspace / Service Providers / Content,Operations,mobile,8.5,ok,screenshots/mobile/operations-rabbi_sheller_provider-service_providers-content.jpg,https://bneineviimacademy.org/operations?workspace=rabbi_sheller_provider&view=service_providers&section=content,2,1,0
operations-rabbi_sheller_provider-service_providers-marketing,Operations / Rabbi Sheller Provider Workspace / Service Providers / Marketing,Operations,mobile,8.5,ok,screenshots/mobile/operations-rabbi_sheller_provider-service_providers-marketing.jpg,https://bneineviimacademy.org/operations?workspace=rabbi_sheller_provider&view=service_providers&section=marketing,2,0,1
operations-rabbi_sheller_provider-service_providers-leads,Operations / Rabbi Sheller Provider Workspace / Service Providers / Leads,Operations,mobile,8.5,ok,screenshots/mobile/operations-rabbi_sheller_provider-service_providers-leads.jpg,https://bneineviimacademy.org/operations?workspace=rabbi_sheller_provider&view=service_providers&section=leads,8,0,1
operations-rabbi_sheller_provider-service_providers-communications,Operations / Rabbi Sheller Provider Workspace / Service Providers / Communications,Operations,mobile,8.5,ok,screenshots/mobile/operations-rabbi_sheller_provider-service_providers-communications.jpg,https://bneineviimacademy.org/operations?workspace=rabbi_sheller_provider&view=service_providers&section=communications,1,0,0
operations-rabbi_sheller_provider-service_providers-settings,Operations / Rabbi Sheller Provider Workspace / Service Providers / Settings,Operations,mobile,8.5,ok,screenshots/mobile/operations-rabbi_sheller_provider-service_providers-settings.jpg,https://bneineviimacademy.org/operations?workspace=rabbi_sheller_provider&view=service_providers&section=settings,13,0,0
operations-rabbi_sheller_provider-communications-overview,Operations / Rabbi Sheller Provider Workspace / Communications / Overview,Operations,mobile,7.9,ok,screenshots/mobile/operations-rabbi_sheller_provider-communications-overview.jpg,https://bneineviimacademy.org/operations?workspace=rabbi_sheller_provider&view=communications&section=overview,5,0,0
operations-rabbi_sheller_provider-communications-parents,Operations / Rabbi Sheller Provider Workspace / Communications / Parents,Operations,mobile,7.9,ok,screenshots/mobile/operations-rabbi_sheller_provider-communications-parents.jpg,https://bneineviimacademy.org/operations?workspace=rabbi_sheller_provider&view=communications&section=parents,1,0,0
operations-rabbi_sheller_provider-communications-students,Operations / Rabbi Sheller Provider Workspace / Communications / Students,Operations,mobile,8.5,ok,screenshots/mobile/operations-rabbi_sheller_provider-communications-students.jpg,https://bneineviimacademy.org/operations?workspace=rabbi_sheller_provider&view=communications&section=students,1,0,0
operations-rabbi_sheller_provider-communications-providers,Operations / Rabbi Sheller Provider Workspace / Communications / Providers,Operations,mobile,8.5,ok,screenshots/mobile/operations-rabbi_sheller_provider-communications-providers.jpg,https://bneineviimacademy.org/operations?workspace=rabbi_sheller_provider&view=communications&section=providers,1,0,0
operations-rabbi_sheller_provider-communications-internal,Operations / Rabbi Sheller Provider Workspace / Communications / Internal,Operations,mobile,8.5,ok,screenshots/mobile/operations-rabbi_sheller_provider-communications-internal.jpg,https://bneineviimacademy.org/operations?workspace=rabbi_sheller_provider&view=communications&section=internal,1,0,0
operations-rabbi_sheller_provider-communications-whatsapp,Operations / Rabbi Sheller Provider Workspace / Communications / Whatsapp,Operations,mobile,8.5,ok,screenshots/mobile/operations-rabbi_sheller_provider-communications-whatsapp.jpg,https://bneineviimacademy.org/operations?workspace=rabbi_sheller_provider&view=communications&section=whatsapp,1,0,0
operations-rabbi_sheller_provider-communications-email,Operations / Rabbi Sheller Provider Workspace / Communications / Email,Operations,mobile,7.9,ok,screenshots/mobile/operations-rabbi_sheller_provider-communications-email.jpg,https://bneineviimacademy.org/operations?workspace=rabbi_sheller_provider&view=communications&section=email,1,0,0
operations-rabbi_sheller_provider-communications-bots,Operations / Rabbi Sheller Provider Workspace / Communications / Bots,Operations,mobile,8.5,ok,screenshots/mobile/operations-rabbi_sheller_provider-communications-bots.jpg,https://bneineviimacademy.org/operations?workspace=rabbi_sheller_provider&view=communications&section=bots,2,0,1
operations-rabbi_sheller_provider-communications-templates,Operations / Rabbi Sheller Provider Workspace / Communications / Templates,Operations,mobile,8.5,ok,screenshots/mobile/operations-rabbi_sheller_provider-communications-templates.jpg,https://bneineviimacademy.org/operations?workspace=rabbi_sheller_provider&view=communications&section=templates,2,0,1
operations-rabbi_sheller_provider-communications-settings,Operations / Rabbi Sheller Provider Workspace / Communications / Settings,Operations,mobile,8.5,ok,screenshots/mobile/operations-rabbi_sheller_provider-communications-settings.jpg,https://bneineviimacademy.org/operations?workspace=rabbi_sheller_provider&view=communications&section=settings,2,0,1
operations-rabbi_sheller_provider-internal_dialogue-overview,Operations / Rabbi Sheller Provider Workspace / Internal Dialogue / Overview,Operations,mobile,8.5,ok,screenshots/mobile/operations-rabbi_sheller_provider-internal_dialogue-overview.jpg,https://bneineviimacademy.org/operations?workspace=rabbi_sheller_provider&view=internal_dialogue&section=overview,6,0,0
operations-rabbi_sheller_provider-internal_dialogue-shloimie_rabbi,Operations / Rabbi Sheller Provider Workspace / Internal Dialogue / Shloimie Rabbi,Operations,mobile,8.5,ok,screenshots/mobile/operations-rabbi_sheller_provider-internal_dialogue-shloimie_rabbi.jpg,https://bneineviimacademy.org/operations?workspace=rabbi_sheller_provider&view=internal_dialogue&section=shloimie_rabbi,2,0,0
operations-rabbi_sheller_provider-internal_dialogue-meeting_notes,Operations / Rabbi Sheller Provider Workspace / Internal Dialogue / Meeting Notes,Operations,mobile,8.5,ok,screenshots/mobile/operations-rabbi_sheller_provider-internal_dialogue-meeting_notes.jpg,https://bneineviimacademy.org/operations?workspace=rabbi_sheller_provider&view=internal_dialogue&section=meeting_notes,2,0,0
operations-rabbi_sheller_provider-internal_dialogue-uploads,Operations / Rabbi Sheller Provider Workspace / Internal Dialogue / Uploads,Operations,mobile,8.5,ok,screenshots/mobile/operations-rabbi_sheller_provider-internal_dialogue-uploads.jpg,https://bneineviimacademy.org/operations?workspace=rabbi_sheller_provider&view=internal_dialogue&section=uploads,2,0,0
operations-rabbi_sheller_provider-internal_dialogue-decisions,Operations / Rabbi Sheller Provider Workspace / Internal Dialogue / Decisions,Operations,mobile,8.5,ok,screenshots/mobile/operations-rabbi_sheller_provider-internal_dialogue-decisions.jpg,https://bneineviimacademy.org/operations?workspace=rabbi_sheller_provider&view=internal_dialogue&section=decisions,2,0,0
operations-rabbi_sheller_provider-internal_dialogue-support,Operations / Rabbi Sheller Provider Workspace / Internal Dialogue / Support,Operations,mobile,8.5,ok,screenshots/mobile/operations-rabbi_sheller_provider-internal_dialogue-support.jpg,https://bneineviimacademy.org/operations?workspace=rabbi_sheller_provider&view=internal_dialogue&section=support,2,0,0
operations-rabbi_sheller_provider-internal_dialogue-activity,Operations / Rabbi Sheller Provider Workspace / Internal Dialogue / Activity,Operations,mobile,8.5,ok,screenshots/mobile/operations-rabbi_sheller_provider-internal_dialogue-activity.jpg,https://bneineviimacademy.org/operations?workspace=rabbi_sheller_provider&view=internal_dialogue&section=activity,2,0,0
operations-rabbi_sheller_provider-accounting-overview,Operations / Rabbi Sheller Provider Workspace / Accounting / Overview,Operations,mobile,8.5,ok,screenshots/mobile/operations-rabbi_sheller_provider-accounting-overview.jpg,https://bneineviimacademy.org/operations?workspace=rabbi_sheller_provider&view=accounting&section=overview,11,0,0
operations-rabbi_sheller_provider-accounting-payments,Operations / Rabbi Sheller Provider Workspace / Accounting / Payments,Operations,mobile,8.5,ok,screenshots/mobile/operations-rabbi_sheller_provider-accounting-payments.jpg,https://bneineviimacademy.org/operations?workspace=rabbi_sheller_provider&view=accounting&section=payments,11,0,0
operations-rabbi_sheller_provider-accounting-open,Operations / Rabbi Sheller Provider Workspace / Accounting / Open,Operations,mobile,8.5,ok,screenshots/mobile/operations-rabbi_sheller_provider-accounting-open.jpg,https://bneineviimacademy.org/operations?workspace=rabbi_sheller_provider&view=accounting&section=open,11,0,0
operations-rabbi_sheller_provider-accounting-paid,Operations / Rabbi Sheller Provider Workspace / Accounting / Paid,Operations,mobile,8.5,ok,screenshots/mobile/operations-rabbi_sheller_provider-accounting-paid.jpg,https://bneineviimacademy.org/operations?workspace=rabbi_sheller_provider&view=accounting&section=paid,11,0,0
operations-rabbi_sheller_provider-accounting-needs_signup,Operations / Rabbi Sheller Provider Workspace / Accounting / Needs Signup,Operations,mobile,8.5,ok,screenshots/mobile/operations-rabbi_sheller_provider-accounting-needs_signup.jpg,https://bneineviimacademy.org/operations?workspace=rabbi_sheller_provider&view=accounting&section=needs_signup,11,0,0
operations-rabbi_sheller_provider-accounting-exceptions,Operations / Rabbi Sheller Provider Workspace / Accounting / Exceptions,Operations,mobile,8.5,ok,screenshots/mobile/operations-rabbi_sheller_provider-accounting-exceptions.jpg,https://bneineviimacademy.org/operations?workspace=rabbi_sheller_provider&view=accounting&section=exceptions,11,0,0
operations-rabbi_sheller_provider-api_usage-overview,Operations / Rabbi Sheller Provider Workspace / Api Usage / Overview,Operations,mobile,8.5,ok,screenshots/mobile/operations-rabbi_sheller_provider-api_usage-overview.jpg,https://bneineviimacademy.org/operations?workspace=rabbi_sheller_provider&view=api_usage&section=overview,1,0,0
operations-rabbi_sheller_provider-api_usage-workspace,Operations / Rabbi Sheller Provider Workspace / Api Usage / Workspace,Operations,mobile,8.5,ok,screenshots/mobile/operations-rabbi_sheller_provider-api_usage-workspace.jpg,https://bneineviimacademy.org/operations?workspace=rabbi_sheller_provider&view=api_usage&section=workspace,2,0,1
operations-rabbi_sheller_provider-api_usage-parent,Operations / Rabbi Sheller Provider Workspace / Api Usage / Parent,Operations,mobile,8.5,ok,screenshots/mobile/operations-rabbi_sheller_provider-api_usage-parent.jpg,https://bneineviimacademy.org/operations?workspace=rabbi_sheller_provider&view=api_usage&section=parent,2,0,1
operations-rabbi_sheller_provider-api_usage-student,Operations / Rabbi Sheller Provider Workspace / Api Usage / Student,Operations,mobile,8.5,ok,screenshots/mobile/operations-rabbi_sheller_provider-api_usage-student.jpg,https://bneineviimacademy.org/operations?workspace=rabbi_sheller_provider&view=api_usage&section=student,2,0,1
operations-rabbi_sheller_provider-api_usage-provider,Operations / Rabbi Sheller Provider Workspace / Api Usage / Provider,Operations,mobile,8.5,ok,screenshots/mobile/operations-rabbi_sheller_provider-api_usage-provider.jpg,https://bneineviimacademy.org/operations?workspace=rabbi_sheller_provider&view=api_usage&section=provider,2,0,1
operations-rabbi_sheller_provider-api_usage-bot,Operations / Rabbi Sheller Provider Workspace / Api Usage / Bot,Operations,mobile,8.5,ok,screenshots/mobile/operations-rabbi_sheller_provider-api_usage-bot.jpg,https://bneineviimacademy.org/operations?workspace=rabbi_sheller_provider&view=api_usage&section=bot,2,0,1
operations-rabbi_sheller_provider-api_usage-errors,Operations / Rabbi Sheller Provider Workspace / Api Usage / Errors,Operations,mobile,9.2,ok,screenshots/mobile/operations-rabbi_sheller_provider-api_usage-errors.jpg,https://bneineviimacademy.org/operations?workspace=rabbi_sheller_provider&view=api_usage&section=errors,1,0,0
operations-rabbi_sheller_provider-api_usage-budgets,Operations / Rabbi Sheller Provider Workspace / Api Usage / Budgets,Operations,mobile,8.5,ok,screenshots/mobile/operations-rabbi_sheller_provider-api_usage-budgets.jpg,https://bneineviimacademy.org/operations?workspace=rabbi_sheller_provider&view=api_usage&section=budgets,2,0,1
operations-rabbi_sheller_provider-api_usage-settings,Operations / Rabbi Sheller Provider Workspace / Api Usage / Settings,Operations,mobile,8.5,ok,screenshots/mobile/operations-rabbi_sheller_provider-api_usage-settings.jpg,https://bneineviimacademy.org/operations?workspace=rabbi_sheller_provider&view=api_usage&section=settings,2,0,1
operations-rabbi_sheller_provider-admin-overview,Operations / Rabbi Sheller Provider Workspace / Admin / Overview,Operations,mobile,8.5,ok,screenshots/mobile/operations-rabbi_sheller_provider-admin-overview.jpg,https://bneineviimacademy.org/operations?workspace=rabbi_sheller_provider&view=admin&section=overview,11,0,0
operations-rabbi_sheller_provider-admin-users,Operations / Rabbi Sheller Provider Workspace / Admin / Users,Operations,mobile,8.5,ok,screenshots/mobile/operations-rabbi_sheller_provider-admin-users.jpg,https://bneineviimacademy.org/operations?workspace=rabbi_sheller_provider&view=admin&section=users,11,0,0
operations-rabbi_sheller_provider-admin-roles,Operations / Rabbi Sheller Provider Workspace / Admin / Roles,Operations,mobile,8.5,ok,screenshots/mobile/operations-rabbi_sheller_provider-admin-roles.jpg,https://bneineviimacademy.org/operations?workspace=rabbi_sheller_provider&view=admin&section=roles,11,0,0
operations-rabbi_sheller_provider-admin-workspaces,Operations / Rabbi Sheller Provider Workspace / Admin / Workspaces,Operations,mobile,8.5,ok,screenshots/mobile/operations-rabbi_sheller_provider-admin-workspaces.jpg,https://bneineviimacademy.org/operations?workspace=rabbi_sheller_provider&view=admin&section=workspaces,11,0,0
operations-rabbi_sheller_provider-admin-invitations,Operations / Rabbi Sheller Provider Workspace / Admin / Invitations,Operations,mobile,8.5,ok,screenshots/mobile/operations-rabbi_sheller_provider-admin-invitations.jpg,https://bneineviimacademy.org/operations?workspace=rabbi_sheller_provider&view=admin&section=invitations,11,0,0
operations-rabbi_sheller_provider-admin-tickets,Operations / Rabbi Sheller Provider Workspace / Admin / Tickets,Operations,mobile,8.5,ok,screenshots/mobile/operations-rabbi_sheller_provider-admin-tickets.jpg,https://bneineviimacademy.org/operations?workspace=rabbi_sheller_provider&view=admin&section=tickets,11,0,0
operations-rabbi_sheller_provider-admin-messages,Operations / Rabbi Sheller Provider Workspace / Admin / Messages,Operations,mobile,8.5,ok,screenshots/mobile/operations-rabbi_sheller_provider-admin-messages.jpg,https://bneineviimacademy.org/operations?workspace=rabbi_sheller_provider&view=admin&section=messages,11,0,0
operations-rabbi_sheller_provider-admin-settings,Operations / Rabbi Sheller Provider Workspace / Admin / Settings,Operations,mobile,8.5,ok,screenshots/mobile/operations-rabbi_sheller_provider-admin-settings.jpg,https://bneineviimacademy.org/operations?workspace=rabbi_sheller_provider&view=admin&section=settings,11,0,0
operations-rabbi_sheller_provider-settings-profile,Operations / Rabbi Sheller Provider Workspace / Settings / Profile,Operations,mobile,9.2,ok,screenshots/mobile/operations-rabbi_sheller_provider-settings-profile.jpg,https://bneineviimacademy.org/operations?workspace=rabbi_sheller_provider&view=settings&section=profile,1,0,0
operations-rabbi_sheller_provider-settings-workspace,Operations / Rabbi Sheller Provider Workspace / Settings / Workspace,Operations,mobile,8.5,ok,screenshots/mobile/operations-rabbi_sheller_provider-settings-workspace.jpg,https://bneineviimacademy.org/operations?workspace=rabbi_sheller_provider&view=settings&section=workspace,1,0,0
operations-rabbi_sheller_provider-settings-branding,Operations / Rabbi Sheller Provider Workspace / Settings / Branding,Operations,mobile,8.5,ok,screenshots/mobile/operations-rabbi_sheller_provider-settings-branding.jpg,https://bneineviimacademy.org/operations?workspace=rabbi_sheller_provider&view=settings&section=branding,1,0,0
operations-rabbi_sheller_provider-settings-language,Operations / Rabbi Sheller Provider Workspace / Settings / Language,Operations,mobile,8.5,ok,screenshots/mobile/operations-rabbi_sheller_provider-settings-language.jpg,https://bneineviimacademy.org/operations?workspace=rabbi_sheller_provider&view=settings&section=language,1,0,0
operations-rabbi_sheller_provider-settings-users_roles,Operations / Rabbi Sheller Provider Workspace / Settings / Users Roles,Operations,mobile,8.5,ok,screenshots/mobile/operations-rabbi_sheller_provider-settings-users_roles.jpg,https://bneineviimacademy.org/operations?workspace=rabbi_sheller_provider&view=settings&section=users_roles,1,0,0
operations-rabbi_sheller_provider-settings-email_identities,Operations / Rabbi Sheller Provider Workspace / Settings / Email Identities,Operations,mobile,8.5,ok,screenshots/mobile/operations-rabbi_sheller_provider-settings-email_identities.jpg,https://bneineviimacademy.org/operations?workspace=rabbi_sheller_provider&view=settings&section=email_identities,4,0,0
operations-rabbi_sheller_provider-settings-whatsapp,Operations / Rabbi Sheller Provider Workspace / Settings / Whatsapp,Operations,mobile,8.5,ok,screenshots/mobile/operations-rabbi_sheller_provider-settings-whatsapp.jpg,https://bneineviimacademy.org/operations?workspace=rabbi_sheller_provider&view=settings&section=whatsapp,4,0,0
operations-rabbi_sheller_provider-settings-social_accounts,Operations / Rabbi Sheller Provider Workspace / Settings / Social Accounts,Operations,mobile,8.5,ok,screenshots/mobile/operations-rabbi_sheller_provider-settings-social_accounts.jpg,https://bneineviimacademy.org/operations?workspace=rabbi_sheller_provider&view=settings&section=social_accounts,4,0,0
operations-rabbi_sheller_provider-settings-calendar,Operations / Rabbi Sheller Provider Workspace / Settings / Calendar,Operations,mobile,9.2,ok,screenshots/mobile/operations-rabbi_sheller_provider-settings-calendar.jpg,https://bneineviimacademy.org/operations?workspace=rabbi_sheller_provider&view=settings&section=calendar,1,0,0
operations-rabbi_sheller_provider-settings-google_classroom,Operations / Rabbi Sheller Provider Workspace / Settings / Google Classroom,Operations,mobile,8.5,ok,screenshots/mobile/operations-rabbi_sheller_provider-settings-google_classroom.jpg,https://bneineviimacademy.org/operations?workspace=rabbi_sheller_provider&view=settings&section=google_classroom,1,0,0
operations-rabbi_sheller_provider-settings-parent_portal,Operations / Rabbi Sheller Provider Workspace / Settings / Parent Portal,Operations,mobile,8.5,ok,screenshots/mobile/operations-rabbi_sheller_provider-settings-parent_portal.jpg,https://bneineviimacademy.org/operations?workspace=rabbi_sheller_provider&view=settings&section=parent_portal,1,0,0
operations-rabbi_sheller_provider-settings-student_portal,Operations / Rabbi Sheller Provider Workspace / Settings / Student Portal,Operations,mobile,8.5,ok,screenshots/mobile/operations-rabbi_sheller_provider-settings-student_portal.jpg,https://bneineviimacademy.org/operations?workspace=rabbi_sheller_provider&view=settings&section=student_portal,1,0,0
operations-rabbi_sheller_provider-settings-provider_portal,Operations / Rabbi Sheller Provider Workspace / Settings / Provider Portal,Operations,mobile,8.5,ok,screenshots/mobile/operations-rabbi_sheller_provider-settings-provider_portal.jpg,https://bneineviimacademy.org/operations?workspace=rabbi_sheller_provider&view=settings&section=provider_portal,1,0,0
operations-rabbi_sheller_provider-settings-provider_index,Operations / Rabbi Sheller Provider Workspace / Settings / Provider Index,Operations,mobile,8.5,ok,screenshots/mobile/operations-rabbi_sheller_provider-settings-provider_index.jpg,https://bneineviimacademy.org/operations?workspace=rabbi_sheller_provider&view=settings&section=provider_index,1,0,0
operations-rabbi_sheller_provider-settings-provider_plans,Operations / Rabbi Sheller Provider Workspace / Settings / Provider Plans,Operations,mobile,8.5,ok,screenshots/mobile/operations-rabbi_sheller_provider-settings-provider_plans.jpg,https://bneineviimacademy.org/operations?workspace=rabbi_sheller_provider&view=settings&section=provider_plans,1,0,0
operations-rabbi_sheller_provider-settings-provider_entitlements,Operations / Rabbi Sheller Provider Workspace / Settings / Provider Entitlements,Operations,mobile,8.5,ok,screenshots/mobile/operations-rabbi_sheller_provider-settings-provider_entitlements.jpg,https://bneineviimacademy.org/operations?workspace=rabbi_sheller_provider&view=settings&section=provider_entitlements,5,0,0
operations-rabbi_sheller_provider-settings-provider_onboarding,Operations / Rabbi Sheller Provider Workspace / Settings / Provider Onboarding,Operations,mobile,8.5,ok,screenshots/mobile/operations-rabbi_sheller_provider-settings-provider_onboarding.jpg,https://bneineviimacademy.org/operations?workspace=rabbi_sheller_provider&view=settings&section=provider_onboarding,1,0,0
operations-rabbi_sheller_provider-settings-commercial_models,Operations / Rabbi Sheller Provider Workspace / Settings / Commercial Models,Operations,mobile,8.5,ok,screenshots/mobile/operations-rabbi_sheller_provider-settings-commercial_models.jpg,https://bneineviimacademy.org/operations?workspace=rabbi_sheller_provider&view=settings&section=commercial_models,1,0,0
operations-rabbi_sheller_provider-settings-bot_permissions,Operations / Rabbi Sheller Provider Workspace / Settings / Bot Permissions,Operations,mobile,8.5,ok,screenshots/mobile/operations-rabbi_sheller_provider-settings-bot_permissions.jpg,https://bneineviimacademy.org/operations?workspace=rabbi_sheller_provider&view=settings&section=bot_permissions,1,0,0
operations-rabbi_sheller_provider-settings-api_limits,Operations / Rabbi Sheller Provider Workspace / Settings / Api Limits,Operations,mobile,8.5,ok,screenshots/mobile/operations-rabbi_sheller_provider-settings-api_limits.jpg,https://bneineviimacademy.org/operations?workspace=rabbi_sheller_provider&view=settings&section=api_limits,1,0,0
operations-rabbi_sheller_provider-settings-communications,Operations / Rabbi Sheller Provider Workspace / Settings / Communications,Operations,mobile,8.5,ok,screenshots/mobile/operations-rabbi_sheller_provider-settings-communications.jpg,https://bneineviimacademy.org/operations?workspace=rabbi_sheller_provider&view=settings&section=communications,1,0,0
operations-rabbi_sheller_provider-settings-integrations,Operations / Rabbi Sheller Provider Workspace / Settings / Integrations,Operations,mobile,8.5,ok,screenshots/mobile/operations-rabbi_sheller_provider-settings-integrations.jpg,https://bneineviimacademy.org/operations?workspace=rabbi_sheller_provider&view=settings&section=integrations,13,0,0
operations-rabbi_sheller_provider-settings-payment_links,Operations / Rabbi Sheller Provider Workspace / Settings / Payment Links,Operations,mobile,8.5,ok,screenshots/mobile/operations-rabbi_sheller_provider-settings-payment_links.jpg,https://bneineviimacademy.org/operations?workspace=rabbi_sheller_provider&view=settings&section=payment_links,1,0,0
operations-rabbi_sheller_provider-settings-external_apps,Operations / Rabbi Sheller Provider Workspace / Settings / External Apps,Operations,mobile,8.5,ok,screenshots/mobile/operations-rabbi_sheller_provider-settings-external_apps.jpg,https://bneineviimacademy.org/operations?workspace=rabbi_sheller_provider&view=settings&section=external_apps,1,0,0
operations-rabbi_sheller_provider-settings-billing,Operations / Rabbi Sheller Provider Workspace / Settings / Billing,Operations,mobile,8.5,ok,screenshots/mobile/operations-rabbi_sheller_provider-settings-billing.jpg,https://bneineviimacademy.org/operations?workspace=rabbi_sheller_provider&view=settings&section=billing,1,0,0
operations-rabbi_sheller_provider-settings-automations,Operations / Rabbi Sheller Provider Workspace / Settings / Automations,Operations,mobile,8.5,ok,screenshots/mobile/operations-rabbi_sheller_provider-settings-automations.jpg,https://bneineviimacademy.org/operations?workspace=rabbi_sheller_provider&view=settings&section=automations,1,0,0
operations-rabbi_sheller_provider-settings-danger,Operations / Rabbi Sheller Provider Workspace / Settings / Danger,Operations,mobile,8.5,ok,screenshots/mobile/operations-rabbi_sheller_provider-settings-danger.jpg,https://bneineviimacademy.org/operations?workspace=rabbi_sheller_provider&view=settings&section=danger,1,0,0
operations-rabbi_sheller_provider-mobile-drawer-open,Operations / Rabbi Sheller Provider Workspace / Mobile Navigation Drawer Open,Operations Chrome,mobile,8.2,ok,screenshots/mobile/operations-rabbi_sheller_provider-mobile-drawer-open.jpg,https://bneineviimacademy.org/operations?workspace=rabbi_sheller_provider&view=dashboard&section=overview,21,1,0
